event_id,organizer_id,activity_id,sport_cluster,skill_level,max_participants,duration_hours,start_time,latitude,longitude,geo_cluster,day_of_week,time_of_day,fill_rate,participant_count,skill_diversity,social_density_cat,avg_organizer_rating,f1,f2,f3,f4,f5,f6,f7,f8
0,420,17,0,3,12,2.0,2023-06-07 11:00:00,45.818951,15.88583,4,3,0,0.229,3,0.928,1,2.34,0.8768,0.4005,0.4956,0.4456,0.1626,0.8679,0.4071,0.2059
1,6469,2,0,0,19,1.3,2023-02-07 11:00:00,45.822526,15.97332,0,2,0,0.467,9,0.707,2,2.65,0.9379,0.3512,0.5168,0.4695,0.2776,0.9105,0.378,0.3118
2,5243,3,2,2,16,1.6,2023-10-17 09:00:00,45.817322,15.893153,4,2,0,0.557,9,1.081,2,3.11,0.4785,0.9421,0.2631,0.7243,0.3282,0.255,0.199,0.5048
3,1810,3,2,0,4,0.5,2024-12-10 10:00:00,45.848061,15.955848,1,2,0,0.658,3,0.185,1,2.46,0.4017,0.8713,0.202,0.7233,0.2956,0.3543,0.3623,0.5299
4,4830,4,6,1,12,2.5,2023-09-24 18:00:00,45.802254,15.880993,4,0,2,0.302,4,0.39,1,3.19,0.7237,0.2958,0.2766,0.6833,0.1889,0.2494,1.0,0.4733
5,2550,1,1,1,2,1.2,2023-05-16 11:00:00,45.798196,16.056537,2,2,0,0.165,0,1.161,0,2.47,0.7174,0.3831,0.3799,0.4061,0.5981,0.1474,0.5723,0.2932
6,3615,10,4,0,4,1.8,2023-01-22 18:00:00,45.85147,15.950516,1,0,2,0.307,1,0.374,0,3.39,0.831,0.6168,0.6968,0.9037,0.2152,0.4561,0.8413,0.483
7,6476,11,3,0,9,1.7,2023-03-31 18:00:00,45.814104,15.892424,4,5,2,0.317,3,0.959,1,1.83,0.4912,0.5687,0.8738,0.5688,0.7773,0.1453,0.5502,0.8429
8,792,30,5,0,4,1.6,2023-10-12 20:00:00,45.818836,15.961579,0,4,2,0.374,1,0.858,0,2.34,0.3223,0.4886,0.0011,0.6818,0.3151,0.6175,0.3718,0.2826
9,4189,2,0,0,17,1.3,2024-08-27 11:00:00,45.844887,15.961688,1,2,0,0.373,6,0.942,1,1.88,0.9127,0.3034,0.5755,0.5196,0.2631,0.9269,0.397,0.3592
10,7794,7,0,1,5,0.5,2024-07-03 10:00:00,45.809181,15.878057,4,3,0,0.287,1,0.679,0,2.48,0.8925,0.2528,0.558,0.4806,0.1844,0.8949,0.4497,0.3431
11,2751,9,1,0,10,1.4,2023-01-14 11:00:00,45.822939,15.964083,0,6,0,0.503,5,1.246,1,1.97,0.7311,0.2888,0.3265,0.4806,0.6387,0.2394,0.4426,0.3073
12,7439,29,1,0,20,2.0,2024-07-06 09:00:00,45.803666,15.891002,4,6,0,0.404,8,0.416,1,1.97,0.8348,0.3633,0.3328,0.4034,0.6019,0.1666,0.4866,0.3407
13,1008,1,1,0,14,1.6,2024-03-17 09:00:00,45.826438,15.904356,4,0,0,0.482,7,1.152,1,1.85,0.7842,0.3049,0.1218,0.3637,0.5267,0.1971,0.4202,0.2871
14,3842,18,7,0,6,0.8,2024-11-04 10:00:00,45.823158,15.8834,4,1,0,0.466,3,0.793,1,1.09,0.4793,0.3658,0.5573,0.4706,0.9187,0.3546,0.3648,0.7263
15,6094,22,7,2,6,1.4,2023-03-25 10:00:00,45.745363,15.970789,3,6,0,0.142,1,0.009,0,3.46,0.5371,0.469,0.6321,0.4591,0.8719,0.2629,0.3101,0.6557
16,5209,29,1,1,7,1.7,2024-09-05 20:00:00,45.79657,15.88683,4,4,2,0.622,4,0.764,1,2.5,0.749,0.2583,0.2355,0.3426,0.5006,0.2331,0.5799,0.2869
17,8954,3,2,1,27,0.5,2024-05-14 18:00:00,45.804053,16.066473,2,2,2,0.297,8,0.417,1,3.62,0.3877,0.9429,0.1926,0.7888,0.3426,0.3622,0.31,0.4483
18,874,19,4,0,12,1.2,2023-01-07 11:00:00,45.756378,15.972267,3,6,0,0.075,1,0.369,0,2.95,0.7586,0.602,0.7212,0.9105,0.1728,0.4787,0.8238,0.3956
19,5371,0,1,2,7,0.5,2023-05-14 20:00:00,45.805303,15.975821,0,0,2,0.872,6,0.835,1,2.36,0.79,0.3477,0.2697,0.38,0.5462,0.1912,0.5361,0.2522
20,4359,29,1,2,7,1.8,2023-12-17 10:00:00,45.804216,16.039959,2,0,0,0.307,2,0.618,0,2.57,0.8295,0.2965,0.2628,0.4267,0.5143,0.1256,0.573,0.3088
21,3261,25,3,3,11,2.4,2023-07-12 20:00:00,45.847717,15.950491,1,3,2,0.164,2,1.04,0,3.78,0.4649,0.5025,0.8875,0.5967,0.8315,0.1459,0.5007,0.8576
22,7349,17,0,1,7,1.0,2023-04-07 19:00:00,45.861001,15.949893,1,5,2,0.259,2,1.464,0,2.72,0.9387,0.2374,0.5229,0.5118,0.2058,0.9103,0.4479,0.3489
23,8249,0,1,0,12,2.1,2024-02-07 09:00:00,45.798229,15.897168,4,3,0,0.635,8,1.263,1,2.74,0.7556,0.3175,0.3778,0.496,0.5334,0.1574,0.4971,0.235
24,7278,13,6,2,8,0.6,2023-07-08 09:00:00,45.845893,15.95414,1,6,0,0.645,5,0.899,1,3.41,0.6453,0.3449,0.271,0.5911,0.3374,0.1745,0.8469,0.4424
25,3023,3,2,1,9,1.7,2024-01-26 19:00:00,45.798202,15.951511,0,5,2,0.385,3,1.174,1,2.91,0.3883,0.9746,0.1767,0.6816,0.226,0.2917,0.4028,0.506
26,5141,17,0,0,3,1.7,2023-11-05 19:00:00,45.740111,15.975582,3,0,2,0.698,2,0.183,0,1.35,0.9919,0.29,0.4878,0.423,0.2497,0.8179,0.4461,0.3671
27,8049,11,3,1,4,1.3,2023-04-09 09:00:00,45.809339,15.876426,4,0,0,0.415,2,0.65,0,2.64,0.4442,0.5465,0.8676,0.6477,0.7825,0.2082,0.5237,0.7908
28,2593,2,0,1,38,1.4,2024-09-28 19:00:00,45.750365,15.965949,3,6,2,0.154,6,0.455,1,3.26,0.9022,0.3015,0.5019,0.5312,0.1469,0.8875,0.3779,0.297
29,4429,30,5,1,16,1.9,2023-10-29 18:00:00,45.858406,15.943058,1,0,2,0.938,15,0.246,2,2.75,0.2586,0.5072,0.0459,0.5622,0.3996,0.6054,0.3361,0.3756
30,6275,22,7,0,17,1.3,2024-01-09 18:00:00,45.798398,15.982166,0,2,2,0.445,8,1.053,1,2.4,0.4734,0.4006,0.641,0.5424,0.8712,0.3614,0.3552,0.8252
31,7029,4,6,0,20,2.2,2023-01-11 10:00:00,45.85165,15.942884,1,3,0,0.398,8,1.411,1,2.18,0.6209,0.3205,0.2725,0.674,0.2185,0.2544,0.9229,0.5079
32,4953,9,1,2,2,1.6,2024-11-04 18:00:00,45.81807,15.919018,4,1,2,0.46,1,1.122,0,2.38,0.8239,0.1762,0.3127,0.4321,0.5231,0.2141,0.4992,0.212
33,1998,2,0,0,8,1.5,2023-06-28 18:00:00,45.815104,15.894314,4,3,2,0.187,1,1.088,0,2.52,0.9159,0.2769,0.5291,0.3944,0.2502,0.8723,0.3328,0.3747
34,3324,28,0,0,15,1.5,2024-03-05 19:00:00,45.795848,16.054082,2,2,2,0.334,5,1.431,1,3.84,0.8415,0.2844,0.5378,0.5785,0.2388,0.826,0.4916,0.267
35,1845,8,0,1,16,0.8,2023-02-02 09:00:00,45.799795,15.978055,0,4,0,0.354,6,0.669,1,2.2,0.9295,0.2241,0.5605,0.5556,0.1927,0.8769,0.4016,0.2631
36,372,17,0,0,5,1.4,2023-03-24 18:00:00,45.799993,15.895051,4,5,2,0.618,3,0.322,1,2.41,0.8696,0.3293,0.484,0.5185,0.1979,0.913,0.3398,0.2898
37,5393,4,6,3,6,1.5,2024-06-10 10:00:00,45.818058,15.983341,0,1,0,0.422,3,0.244,1,3.55,0.6637,0.3347,0.288,0.7791,0.2039,0.235,0.8696,0.5166
38,8014,17,0,0,9,1.2,2023-04-26 09:00:00,45.851854,15.93691,1,3,0,0.567,5,0.899,1,1.73,0.9224,0.2927,0.5251,0.5286,0.228,0.9233,0.4674,0.318
39,5024,27,7,0,7,1.6,2024-12-20 09:00:00,45.803454,15.977989,0,5,0,0.624,4,0.135,1,2.14,0.4917,0.3661,0.6542,0.5081,0.8058,0.2295,0.492,0.6506
40,1888,1,1,0,12,1.3,2023-01-25 18:00:00,45.748378,15.969884,3,3,2,0.338,4,0.706,1,2.49,0.7888,0.3019,0.2449,0.4611,0.5336,0.2119,0.5486,0.2681
41,6478,2,0,0,10,2.3,2024-11-23 20:00:00,45.811368,15.968854,0,6,2,0.408,4,0.478,1,2.25,0.9114,0.2393,0.6977,0.4807,0.1604,0.845,0.4119,0.3174
42,1820,9,1,1,10,2.2,2023-12-03 18:00:00,45.798148,16.045706,2,0,2,0.472,5,0.425,1,3.74,0.7426,0.2552,0.2558,0.4145,0.6129,0.2529,0.457,0.268
43,124,11,3,1,7,0.7,2023-01-13 11:00:00,45.862722,15.954219,1,5,0,0.343,2,0.425,0,3.12,0.4819,0.4636,0.8805,0.5743,0.9122,0.2492,0.5291,0.7341
44,7231,1,1,0,6,1.1,2023-12-04 09:00:00,45.734289,15.98495,3,1,0,0.339,2,0.209,0,3.58,0.7665,0.2575,0.2794,0.3917,0.5652,0.2396,0.459,0.2695
45,2970,2,0,1,16,0.9,2024-10-17 18:00:00,45.856166,15.947489,1,4,2,0.413,7,0.27,1,3.77,0.9832,0.2289,0.5259,0.4869,0.3409,0.9304,0.4548,0.3703
46,3691,19,4,2,4,1.8,2024-06-23 19:00:00,45.798671,16.03249,2,0,2,0.416,2,0.498,0,2.62,0.7531,0.5734,0.6865,0.9622,0.2226,0.4739,0.6465,0.4182
47,2716,13,6,1,7,1.7,2024-11-08 18:00:00,45.741556,15.98103,3,5,2,0.226,2,1.233,0,2.18,0.7203,0.3441,0.3245,0.6997,0.2053,0.2439,1.0,0.4794
48,4003,2,0,0,8,0.6,2023-01-30 19:00:00,45.796956,16.049675,2,1,2,0.517,4,0.866,1,2.76,0.823,0.2839,0.5146,0.561,0.216,0.8625,0.4364,0.2717
49,8108,17,0,0,12,2.3,2024-01-21 18:00:00,45.760608,15.973568,3,0,2,0.261,3,0.811,1,2.48,0.8373,0.2906,0.511,0.442,0.1419,0.9959,0.3582,0.3031
50,3251,24,3,1,5,1.4,2024-02-18 09:00:00,45.745748,15.978541,3,0,0,0.408,2,0.742,0,2.86,0.4845,0.503,0.8857,0.6071,0.8397,0.1847,0.5201,0.747
51,4584,5,5,0,3,2.0,2023-12-11 19:00:00,45.748192,15.964233,3,1,2,0.104,0,0.745,0,3.46,0.3423,0.445,0.0907,0.5785,0.3133,0.5077,0.4857,0.3156
52,6636,9,1,0,4,0.5,2024-06-23 11:00:00,45.753948,15.968745,3,0,0,0.52,2,0.396,0,2.69,0.8254,0.3366,0.3252,0.4017,0.5124,0.2139,0.4714,0.3168
53,8485,3,2,1,31,1.0,2024-03-11 18:00:00,45.793593,15.969502,0,1,2,0.423,13,0.143,2,3.66,0.4301,1.0,0.1922,0.693,0.2369,0.3358,0.3238,0.4902
54,8890,11,3,1,3,1.9,2024-02-12 09:00:00,45.845586,15.953026,1,1,0,0.209,1,1.412,0,1.87,0.5535,0.4889,0.8041,0.6402,0.7961,0.2001,0.5402,0.7496
55,2669,14,5,1,18,1.3,2024-03-14 09:00:00,45.804981,15.886296,4,4,0,0.528,10,0.78,2,2.45,0.2849,0.4586,0.0626,0.6686,0.3019,0.5479,0.4309,0.2613
56,6307,2,0,0,27,1.7,2023-10-18 11:00:00,45.751838,15.961724,3,3,0,0.648,17,0.909,2,2.17,0.8625,0.3211,0.4715,0.5011,0.2011,0.856,0.4875,0.3101
57,2946,18,7,1,9,2.1,2024-01-15 19:00:00,45.793908,16.04212,2,1,2,0.461,4,0.843,1,2.47,0.5358,0.3445,0.6452,0.5121,0.9189,0.3135,0.4406,0.7807
58,2638,9,1,1,4,1.1,2024-04-11 09:00:00,45.79987,16.043193,2,4,0,0.766,3,0.765,1,3.65,0.816,0.2391,0.3295,0.3524,0.6816,0.1562,0.581,0.382
59,8255,25,3,1,12,1.5,2023-10-23 09:00:00,45.851662,15.957461,1,1,0,0.183,2,0.114,0,2.51,0.5307,0.4319,0.8291,0.6678,0.8474,0.0812,0.5385,0.8918
60,3961,1,1,1,6,0.5,2024-09-26 10:00:00,45.789696,16.04219,2,4,0,0.08,0,0.117,0,2.79,0.8057,0.3387,0.2877,0.4315,0.6845,0.2642,0.5038,0.3144
61,6600,2,0,2,9,0.5,2023-02-28 11:00:00,45.743367,15.97992,3,2,0,0.526,5,1.144,1,3.19,0.9908,0.3101,0.4178,0.5633,0.2216,0.9106,0.3306,0.3314
62,3359,2,0,2,2,1.3,2023-08-31 20:00:00,45.777015,16.045521,2,4,2,0.369,1,0.976,0,1.56,0.9371,0.2692,0.5622,0.3864,0.1758,0.9927,0.3575,0.3504
63,7549,4,6,0,4,1.0,2023-07-16 09:00:00,45.808897,15.898327,4,0,0,0.518,2,1.125,0,2.09,0.6966,0.282,0.2565,0.7561,0.1389,0.1972,0.9256,0.5238
64,8078,27,7,0,13,1.3,2023-02-19 10:00:00,45.804261,15.888936,4,0,0,0.681,9,0.425,2,3.3,0.4439,0.4738,0.6202,0.543,0.9335,0.2662,0.3108,0.6738
65,3406,9,1,0,10,1.1,2024-11-01 20:00:00,45.807941,15.890914,4,5,2,0.127,1,0.998,0,2.2,0.7774,0.3057,0.2278,0.46,0.6285,0.1813,0.5407,0.2839
66,2903,21,0,0,12,0.7,2023-09-30 18:00:00,45.808551,15.87264,4,6,2,0.054,1,1.112,0,2.59,0.8871,0.2987,0.5637,0.5086,0.1716,0.8311,0.4183,0.2019
67,4748,7,0,1,9,1.8,2023-01-08 19:00:00,45.809612,15.980586,0,0,2,0.459,4,1.115,1,3.27,0.877,0.3208,0.426,0.4997,0.0985,0.9189,0.38,0.2298
68,1065,1,1,1,14,2.3,2024-09-03 11:00:00,45.8207,15.969483,0,2,0,0.415,6,0.16,1,0.74,0.8046,0.3118,0.238,0.3585,0.4534,0.1229,0.4844,0.3238
69,5602,10,4,0,9,1.6,2024-10-25 20:00:00,45.744088,15.975055,3,5,2,0.387,3,0.391,1,2.43,0.9279,0.6281,0.7745,0.8435,0.1648,0.3858,0.7416,0.4791
70,7626,27,7,0,8,1.3,2023-09-06 09:00:00,45.79638,16.05459,2,3,0,0.588,5,1.212,1,2.69,0.4885,0.4301,0.5177,0.5718,0.8339,0.2781,0.4003,0.6735
71,1034,8,0,2,5,2.5,2023-12-25 09:00:00,45.803535,15.899011,4,1,0,0.305,2,0.436,0,2.25,1.0,0.3761,0.4961,0.5302,0.0929,0.8312,0.4508,0.3134
72,8545,27,7,0,11,1.9,2023-08-06 09:00:00,45.807899,15.891262,4,0,0,0.037,0,0.52,0,2.01,0.543,0.3607,0.5699,0.4505,0.93,0.1732,0.4027,0.7456
73,3149,0,1,1,22,1.6,2024-07-06 10:00:00,45.793416,16.03632,2,6,0,0.331,7,1.137,1,3.76,0.7356,0.3082,0.3388,0.4645,0.5409,0.1547,0.4577,0.3942
74,31,8,0,3,3,1.2,2023-08-15 09:00:00,45.809514,15.971727,0,2,0,0.119,0,0.183,0,3.31,0.8717,0.2976,0.4759,0.5832,0.1973,0.8111,0.4044,0.2678
75,3421,9,1,1,15,2.1,2024-12-20 18:00:00,45.804301,15.98158,0,5,2,0.59,9,0.552,2,2.91,0.8831,0.3024,0.3003,0.3725,0.5592,0.2135,0.5536,0.2981
76,6240,5,5,1,5,1.1,2023-09-02 11:00:00,45.75022,15.993921,3,6,0,0.712,4,0.781,1,3.11,0.3113,0.4874,0.1554,0.5817,0.2096,0.5714,0.3552,0.304
77,8290,14,5,2,4,1.2,2024-11-14 18:00:00,45.849366,15.955538,1,4,2,0.48,2,0.569,0,2.18,0.2182,0.5356,0.0947,0.6433,0.3342,0.6657,0.3791,0.2441
78,121,13,6,2,7,1.0,2023-08-19 18:00:00,45.758733,15.979765,3,6,2,0.346,2,1.026,0,2.78,0.6444,0.3172,0.3437,0.7391,0.2122,0.2265,0.9965,0.4448
79,7277,14,5,1,6,1.2,2024-05-17 18:00:00,45.812316,15.901469,4,5,2,0.605,4,0.795,1,2.07,0.1931,0.4595,0.1195,0.6219,0.3031,0.6079,0.4336,0.3799
80,6688,10,4,2,8,1.5,2023-10-13 20:00:00,45.805685,16.072119,2,5,2,0.518,4,1.092,1,1.73,0.7822,0.5464,0.8405,0.8883,0.1728,0.4113,0.8354,0.3664
81,7010,9,1,0,4,0.5,2024-05-16 19:00:00,45.783218,16.048074,2,4,2,0.483,2,1.101,0,3.17,0.8144,0.2564,0.4475,0.3107,0.6303,0.0811,0.4721,0.313
82,8373,8,0,0,9,1.2,2023-01-12 11:00:00,45.749849,15.96809,3,4,0,0.536,5,0.251,1,3.23,0.8785,0.3214,0.5839,0.5662,0.1489,0.914,0.4084,0.3334
83,4239,0,1,0,13,1.2,2024-02-12 20:00:00,45.803339,15.996078,0,1,2,0.339,4,0.189,1,2.23,0.7659,0.317,0.316,0.4069,0.5191,0.1401,0.4545,0.3293
84,6574,30,5,0,7,1.4,2024-05-07 18:00:00,45.755269,15.968726,3,2,2,0.169,1,0.726,0,3.16,0.2339,0.5055,0.1319,0.6615,0.3096,0.4755,0.3629,0.3898
85,5847,4,6,0,12,1.3,2023-11-07 20:00:00,45.790715,16.036972,2,2,2,0.428,5,1.336,1,2.18,0.7053,0.3892,0.2783,0.6524,0.2019,0.1704,0.8949,0.5617
86,1873,6,2,0,3,1.2,2024-01-02 20:00:00,45.7508,15.975769,3,2,2,0.564,2,0.582,0,1.9,0.2994,0.9009,0.1752,0.7489,0.2512,0.3437,0.3541,0.4246
87,1565,3,2,0,15,1.2,2024-10-09 19:00:00,45.868806,15.929437,1,3,2,0.358,5,0.213,1,2.18,0.4391,0.923,0.193,0.6162,0.2248,0.236,0.3274,0.4317
88,2435,25,3,2,6,1.9,2023-08-14 10:00:00,45.858086,15.952512,1,1,0,0.016,0,0.106,0,3.08,0.4483,0.5152,0.9206,0.6739,0.7957,0.1793,0.5346,0.6665
89,1524,6,2,1,4,1.8,2023-06-05 10:00:00,45.814373,15.897273,4,1,0,0.602,2,0.535,0,3.47,0.3654,0.8576,0.2439,0.7816,0.3541,0.2836,0.373,0.4683
90,4936,27,7,1,7,1.6,2023-09-17 20:00:00,45.855457,15.953946,1,0,2,0.179,1,1.099,0,2.78,0.4001,0.4743,0.5453,0.5265,0.9125,0.2342,0.4833,0.5671
91,7793,9,1,0,6,1.7,2023-12-11 19:00:00,45.808547,16.046634,2,1,2,0.562,3,0.781,1,3.48,0.8133,0.4112,0.3645,0.4702,0.4812,0.2944,0.5061,0.3058
92,1432,7,0,0,9,1.0,2023-04-29 09:00:00,45.800228,16.032383,2,6,0,0.531,5,0.61,1,2.66,0.9337,0.3265,0.5685,0.4727,0.1356,0.8433,0.3743,0.3128
93,1569,3,2,0,12,0.7,2024-11-28 18:00:00,45.802241,15.977429,0,4,2,0.691,8,1.094,1,3.69,0.3732,0.9552,0.1682,0.6222,0.3514,0.2178,0.2649,0.4969
94,7139,7,0,0,4,1.8,2024-01-03 18:00:00,45.802887,16.029359,2,3,2,0.48,2,0.907,0,2.28,0.8919,0.3522,0.4519,0.5367,0.2453,0.8348,0.4358,0.3078
95,1566,7,0,1,5,1.8,2024-05-24 19:00:00,45.809294,15.987804,0,5,2,0.363,2,0.446,0,2.32,0.8106,0.37,0.4785,0.4358,0.2498,0.9454,0.4887,0.3269
96,3744,29,1,1,4,1.3,2023-06-06 18:00:00,45.746121,15.980839,3,2,2,0.692,3,0.624,1,2.27,0.7805,0.2897,0.2876,0.4589,0.6615,0.1983,0.3942,0.2702
97,4535,1,1,1,14,2.2,2023-12-11 11:00:00,45.81462,15.883926,4,1,0,0.085,1,0.349,0,3.37,0.9262,0.2985,0.3106,0.446,0.6012,0.1902,0.5607,0.2855
98,6197,19,4,1,3,1.5,2024-10-24 10:00:00,45.812189,16.040192,2,4,0,0.187,1,0.235,0,2.53,0.7963,0.5769,0.7218,0.9843,0.2234,0.4766,0.753,0.3956
99,1103,3,2,2,5,1.7,2023-02-24 10:00:00,45.844186,15.947348,1,5,0,0.366,2,0.737,0,3.67,0.4217,0.8641,0.1899,0.7135,0.341,0.3315,0.2242,0.4751
100,2635,8,0,1,11,2.3,2024-10-07 19:00:00,45.780567,16.044053,2,1,2,0.447,5,0.676,1,1.92,0.9083,0.2604,0.4751,0.4346,0.0984,0.8895,0.493,0.2056
101,3578,4,6,2,12,1.7,2024-01-29 20:00:00,45.856952,15.95058,1,1,2,0.491,6,0.46,1,2.44,0.6809,0.3493,0.3729,0.6858,0.1523,0.2245,0.9352,0.583
102,5778,24,3,0,10,0.8,2024-02-21 09:00:00,45.804846,15.896012,4,3,0,0.066,1,0.404,0,3.49,0.4252,0.4833,0.9653,0.6526,0.8782,0.2168,0.5092,0.8085
103,2832,28,0,1,11,3.7,2023-10-01 19:00:00,45.806793,16.040276,2,0,2,0.694,8,1.066,1,2.43,0.8286,0.2894,0.4915,0.5152,0.2998,0.9007,0.4432,0.2791
104,5328,14,5,0,13,1.2,2023-12-30 19:00:00,45.848371,15.950511,1,6,2,0.465,6,0.647,1,2.74,0.2725,0.4615,0.1405,0.6097,0.2877,0.5357,0.4167,0.3949
105,2359,29,1,1,50,1.3,2024-06-23 19:00:00,45.82073,15.876227,4,0,2,0.5,25,0.094,2,2.61,0.7765,0.2504,0.2973,0.4132,0.6618,0.1877,0.4098,0.3764
106,7952,16,2,1,15,1.4,2024-12-30 18:00:00,45.759707,15.966676,3,1,2,0.428,6,1.269,1,2.88,0.4339,0.9252,0.1343,0.6323,0.3098,0.3017,0.3337,0.5454
107,1517,10,4,1,14,2.0,2023-06-20 19:00:00,45.809048,16.047582,2,2,2,0.535,7,1.244,1,2.22,0.7636,0.582,0.7824,0.9395,0.1871,0.399,0.7554,0.3185
108,8463,30,5,1,5,2.5,2024-09-20 19:00:00,45.744942,15.973849,3,5,2,0.569,3,0.935,1,3.78,0.182,0.3869,0.1553,0.6131,0.2555,0.579,0.3575,0.2231
109,2513,8,0,2,25,1.3,2023-08-29 18:00:00,45.790767,16.033803,2,2,2,0.367,9,0.652,2,1.08,0.9572,0.2704,0.5578,0.4717,0.1879,0.925,0.4404,0.3105
110,1509,11,3,1,17,1.9,2023-03-18 10:00:00,45.789015,16.055059,2,6,0,0.284,5,0.468,1,2.83,0.4617,0.4842,0.8283,0.6139,0.8358,0.2137,0.6194,0.7729
111,6294,5,5,1,20,1.7,2023-12-05 19:00:00,45.807514,16.039691,2,2,2,0.615,12,1.142,2,3.69,0.3288,0.4168,0.1418,0.5682,0.2673,0.6386,0.4733,0.3077
112,1664,19,4,1,14,1.8,2024-12-22 19:00:00,45.755706,15.974794,3,0,2,0.361,5,0.655,1,3.53,0.8221,0.6351,0.6613,0.9429,0.2577,0.3439,0.746,0.4294
113,3732,27,7,0,4,0.7,2023-05-17 10:00:00,45.820214,15.893047,4,3,0,0.6,2,0.968,0,3.45,0.5207,0.4073,0.6692,0.4286,0.8515,0.3678,0.3444,0.6532
114,4279,8,0,2,4,1.6,2023-02-20 11:00:00,45.794941,16.037575,2,1,0,0.483,2,0.108,0,2.09,0.9289,0.2472,0.5208,0.537,0.1427,0.8843,0.4479,0.3808
115,1932,13,6,0,16,1.9,2023-05-20 09:00:00,45.833497,15.978565,0,6,0,0.148,2,1.101,0,3.26,0.6717,0.3772,0.2748,0.6351,0.2126,0.1451,0.904,0.5825
116,969,8,0,0,21,0.7,2023-04-09 18:00:00,45.816249,15.900189,4,0,2,0.355,7,0.875,1,2.33,0.9405,0.3634,0.548,0.4695,0.2821,0.8829,0.376,0.3296
117,1037,1,1,0,6,1.1,2024-03-22 09:00:00,45.80644,16.041472,2,5,0,0.316,2,0.692,0,2.98,0.8689,0.4078,0.3089,0.3648,0.544,0.1206,0.4866,0.323
118,5568,4,6,0,3,1.6,2023-04-12 18:00:00,45.805219,15.864902,4,3,2,0.324,1,1.24,0,2.4,0.6669,0.3359,0.3361,0.6846,0.2738,0.1994,0.9054,0.4996
119,128,15,0,0,7,1.6,2024-03-25 20:00:00,45.819161,15.966411,0,1,2,0.536,4,0.135,1,3.53,0.9667,0.2193,0.5415,0.435,0.2462,0.9618,0.4391,0.2915
120,8533,11,3,0,19,2.1,2024-12-01 09:00:00,45.819232,15.8972,4,0,0,0.375,7,0.564,1,2.83,0.5629,0.3369,0.9391,0.5324,0.772,0.206,0.4933,0.8308
121,1481,15,0,1,23,1.2,2023-10-03 20:00:00,45.803605,16.033185,2,2,2,0.701,16,1.383,2,2.85,0.8874,0.2666,0.5413,0.4826,0.1858,0.9533,0.4447,0.3268
122,4660,20,5,1,12,1.4,2023-07-07 20:00:00,45.823298,15.961694,0,5,2,0.769,9,1.158,2,2.62,0.2576,0.5801,0.108,0.6262,0.3178,0.6225,0.4182,0.3419
123,3566,1,1,0,8,1.9,2023-09-17 19:00:00,45.814625,15.904878,4,0,2,0.237,2,0.896,0,3.22,0.888,0.3184,0.28,0.3606,0.5794,0.2028,0.4881,0.2906
124,8103,3,2,1,12,1.6,2023-02-25 20:00:00,45.825702,15.898848,4,6,2,0.399,5,1.29,1,1.18,0.3884,0.8679,0.2155,0.6749,0.2722,0.3679,0.2505,0.5567
125,3009,28,0,2,17,1.9,2024-03-01 18:00:00,45.85471,15.957854,1,5,2,0.4,7,0.611,1,3.06,0.8483,0.2835,0.4809,0.5624,0.2377,0.9116,0.3728,0.3367
126,3868,30,5,0,6,1.7,2023-05-24 19:00:00,45.791045,16.043168,2,3,2,0.605,4,0.2,1,3.23,0.3569,0.4844,0.1637,0.6605,0.3531,0.635,0.4312,0.3345
127,8678,2,0,1,10,1.2,2024-12-05 19:00:00,45.754726,15.975219,3,4,2,0.504,5,0.526,1,2.39,0.9495,0.3369,0.5624,0.5705,0.308,0.9213,0.3187,0.2776
128,4844,27,7,1,13,1.0,2023-03-22 10:00:00,45.801709,16.049615,2,3,0,0.435,6,1.036,1,1.97,0.5033,0.3869,0.6126,0.5013,0.9135,0.3304,0.3942,0.6793
129,8100,1,1,0,7,0.6,2023-11-03 18:00:00,45.82293,15.981162,0,5,2,0.379,3,0.59,1,2.26,0.7868,0.2708,0.309,0.3447,0.5952,0.206,0.5336,0.2277
130,3669,23,3,0,8,2.2,2023-01-18 19:00:00,45.795639,16.027047,2,3,2,0.549,4,0.954,1,3.57,0.5207,0.53,0.9557,0.5671,0.8033,0.1871,0.532,0.8429
131,4100,6,2,0,5,0.8,2023-01-08 20:00:00,45.847458,15.94121,1,0,2,0.441,2,1.078,0,3.27,0.3635,0.8898,0.152,0.6664,0.2324,0.3025,0.3168,0.5585
132,6838,2,0,2,7,1.8,2024-01-21 18:00:00,45.810533,15.970151,0,0,2,0.325,2,0.773,0,3.84,1.0,0.3389,0.4329,0.4816,0.1262,0.9182,0.3382,0.2766
133,3985,13,6,2,6,0.7,2023-03-27 09:00:00,45.845729,15.947179,1,1,0,0.301,2,1.038,0,2.3,0.7648,0.3009,0.2974,0.7046,0.1386,0.1569,0.941,0.5496
134,4635,22,7,1,8,1.5,2024-03-28 18:00:00,45.817429,15.987883,0,4,2,0.346,3,0.919,1,2.66,0.4874,0.3402,0.6426,0.4816,0.9211,0.3471,0.3459,0.7699
135,6207,24,3,0,5,1.6,2023-04-30 10:00:00,45.795491,15.90105,4,0,0,0.595,3,1.062,1,1.87,0.5294,0.527,0.947,0.6393,0.8397,0.2222,0.5283,0.7642
136,3146,8,0,0,8,1.7,2024-06-18 20:00:00,45.745955,15.971087,3,2,2,0.121,1,0.456,0,3.01,0.9556,0.3044,0.5674,0.5238,0.206,0.882,0.4725,0.3479
137,8113,25,3,1,12,1.9,2024-05-14 20:00:00,45.759198,15.971373,3,2,2,0.332,4,1.013,1,3.09,0.4367,0.4834,0.9203,0.6425,0.8312,0.1932,0.4906,0.7902
138,5886,1,1,0,9,2.8,2024-07-03 20:00:00,45.817306,16.05894,2,3,2,0.283,3,0.237,1,1.49,0.8074,0.3728,0.3565,0.3559,0.673,0.2444,0.4757,0.3219
139,7762,22,7,1,9,1.0,2023-03-18 18:00:00,45.831246,15.942922,1,6,2,0.2,2,1.074,0,3.47,0.4325,0.4412,0.5361,0.5269,0.9616,0.2946,0.4013,0.6657
140,4976,3,2,0,12,1.8,2023-06-23 18:00:00,45.795191,16.041226,2,5,2,0.792,10,0.126,2,3.2,0.3662,0.8702,0.1514,0.6993,0.3453,0.3317,0.2546,0.5712
141,7041,1,1,1,11,2.3,2024-04-04 09:00:00,45.795313,16.02949,2,4,0,0.586,6,0.673,1,2.9,0.7407,0.2512,0.2871,0.5005,0.6135,0.3102,0.4959,0.2762
142,2583,3,2,0,5,1.5,2024-10-24 20:00:00,45.760616,15.966822,3,4,2,0.33,2,1.141,0,2.73,0.4193,0.8749,0.1639,0.7887,0.2955,0.2613,0.2989,0.5469
143,3746,2,0,1,12,1.2,2024-11-17 18:00:00,45.794435,16.047282,2,0,2,0.22,3,1.355,1,1.39,0.9085,0.3281,0.5253,0.5389,0.1601,0.9847,0.3261,0.1955
144,6914,15,0,3,9,1.0,2023-03-18 10:00:00,45.761817,15.984903,3,6,0,0.381,3,0.644,1,3.13,0.924,0.2893,0.4454,0.4413,0.2416,0.9613,0.4086,0.2664
145,4815,7,0,0,13,2.1,2024-01-20 10:00:00,45.82109,15.979636,0,6,0,0.576,7,1.39,1,2.19,0.973,0.2353,0.3792,0.5378,0.1601,0.9754,0.4269,0.3402
146,5324,2,0,2,19,1.6,2024-11-07 18:00:00,45.804753,15.962123,0,4,2,0.547,10,0.385,2,3.47,0.9023,0.1428,0.5836,0.5298,0.2762,0.9338,0.4363,0.3035
147,3007,1,1,1,9,1.3,2023-05-17 19:00:00,45.817381,15.967125,0,3,2,0.369,3,0.22,1,2.58,0.8553,0.2009,0.3104,0.3908,0.568,0.1987,0.539,0.2237
148,6957,2,0,1,5,1.8,2024-11-11 18:00:00,45.820794,15.883429,4,1,2,0.067,0,0.223,0,3.22,0.9732,0.3036,0.5723,0.5495,0.1877,0.8401,0.3698,0.3447
149,5252,9,1,0,3,1.8,2024-02-13 18:00:00,45.842908,15.949595,1,2,2,0.801,2,0.822,0,3.87,0.8113,0.2418,0.2939,0.3965,0.7216,0.1765,0.4787,0.3422
150,2721,26,7,2,4,2.3,2023-09-14 19:00:00,45.750009,15.983986,3,4,2,0.336,1,0.305,0,1.53,0.5099,0.442,0.6098,0.4751,1.0,0.2853,0.3433,0.5384
151,5420,9,1,1,4,1.4,2023-02-14 09:00:00,45.813524,15.972749,0,2,0,0.383,2,1.273,0,3.86,0.7724,0.3367,0.288,0.4723,0.6035,0.2659,0.4366,0.2983
152,5558,8,0,0,13,1.1,2024-08-20 10:00:00,45.796584,15.879516,4,2,0,0.663,9,0.618,2,3.11,0.9309,0.3004,0.5555,0.5374,0.1235,0.9245,0.3902,0.295
153,3183,14,5,1,4,1.2,2023-06-03 20:00:00,45.798874,15.883072,4,6,2,0.208,1,0.376,0,2.37,0.2847,0.4736,0.0949,0.5961,0.3037,0.6441,0.3686,0.2745
154,3302,1,1,2,6,1.2,2023-09-21 18:00:00,45.807263,15.880468,4,4,2,0.515,3,0.813,1,2.6,0.8735,0.3465,0.2542,0.4096,0.5855,0.1304,0.5364,0.3251
155,7324,1,1,2,16,2.1,2024-11-26 18:00:00,45.801635,15.885315,4,2,2,0.314,5,0.394,1,2.48,0.8269,0.3,0.2564,0.3486,0.5879,0.2347,0.5674,0.259
156,708,5,5,0,21,1.4,2024-03-14 18:00:00,45.752774,15.972883,3,4,2,0.682,14,1.184,2,3.79,0.2862,0.4338,0.0837,0.5587,0.3233,0.6161,0.3935,0.3299
157,6373,2,0,0,24,2.2,2024-04-17 11:00:00,45.845847,15.957722,1,3,0,0.398,10,0.691,2,3.83,0.9388,0.2477,0.5619,0.4726,0.1505,0.8818,0.3552,0.2437
158,5553,10,4,0,4,1.6,2024-12-22 09:00:00,45.794222,16.053536,2,0,0,0.468,2,0.904,0,2.94,0.8574,0.5951,0.7276,0.9242,0.1505,0.378,0.7626,0.3344
159,350,27,7,0,34,0.8,2023-09-21 09:00:00,45.759096,15.974459,3,4,0,0.884,30,1.432,2,2.83,0.566,0.3604,0.7061,0.4187,0.8185,0.3204,0.3939,0.7322
160,2558,11,3,0,9,1.5,2024-12-23 10:00:00,45.854882,15.946217,1,1,0,0.779,7,0.301,1,1.96,0.4767,0.4348,0.8651,0.4792,0.7384,0.1559,0.3551,0.8857
161,7300,0,1,1,7,1.5,2024-11-23 09:00:00,45.7859,16.043761,2,6,0,0.804,6,0.89,1,3.13,0.9057,0.2766,0.2531,0.3433,0.4852,0.2216,0.5215,0.2351
162,7416,6,2,2,5,1.6,2024-03-01 20:00:00,45.791413,16.045762,2,5,2,0.297,1,1.106,0,2.8,0.3447,0.8587,0.2416,0.6577,0.2831,0.2784,0.3859,0.5426
163,7521,18,7,1,12,0.7,2023-12-25 10:00:00,45.819798,15.892632,4,1,0,0.542,7,0.813,1,3.37,0.4707,0.3433,0.5824,0.5879,0.9441,0.2734,0.4118,0.6599
164,1917,14,5,2,7,2.0,2023-02-02 09:00:00,45.819224,15.983915,0,4,0,0.629,4,0.205,1,3.06,0.3029,0.6073,0.1116,0.6754,0.2608,0.593,0.4002,0.2661
165,1608,14,5,1,4,1.3,2023-03-23 10:00:00,45.803833,15.971919,0,4,0,0.088,0,1.032,0,2.6,0.3318,0.5217,0.1159,0.5981,0.2794,0.5643,0.5116,0.3064
166,1698,16,2,0,9,1.1,2024-03-01 09:00:00,45.80396,16.029434,2,5,0,0.51,5,0.755,1,1.62,0.4419,0.8626,0.2047,0.6878,0.346,0.2784,0.3427,0.472
167,5665,2,0,1,3,1.0,2024-07-14 20:00:00,45.859559,15.950822,1,0,2,0.342,1,1.282,0,3.56,0.9464,0.3228,0.4404,0.4593,0.2241,0.867,0.4619,0.2846
168,5974,24,3,1,9,1.9,2023-01-13 11:00:00,45.753985,15.976427,3,5,0,0.538,5,0.918,1,2.98,0.5823,0.4509,0.933,0.6831,0.86,0.1971,0.4449,0.8246
169,417,22,7,0,9,2.4,2024-10-14 18:00:00,45.816185,15.972729,0,1,2,0.118,1,0.695,0,1.42,0.5305,0.3241,0.5972,0.4923,0.8824,0.3933,0.5272,0.6577
170,3979,2,0,2,12,1.5,2023-09-06 18:00:00,45.795743,15.968572,0,3,2,0.372,4,0.48,1,3.68,0.817,0.2649,0.5183,0.5741,0.1431,0.8821,0.4009,0.2919
171,8733,27,7,1,6,1.8,2024-02-15 18:00:00,45.78836,16.042629,2,4,2,0.211,1,0.839,0,2.53,0.5171,0.4143,0.7159,0.4873,0.9342,0.2692,0.3442,0.7822
172,8523,4,6,1,3,0.9,2024-03-18 11:00:00,45.818053,15.972571,0,1,0,0.64,2,1.064,0,2.88,0.6754,0.2688,0.3634,0.6531,0.1837,0.1921,0.8458,0.4884
173,2224,30,5,0,17,1.7,2024-08-25 20:00:00,45.824474,15.996893,0,0,2,0.446,8,1.018,1,2.48,0.3685,0.5086,0.1151,0.6848,0.2376,0.4506,0.3567,0.3155
174,6442,4,6,1,13,1.2,2023-07-13 09:00:00,45.752375,15.961109,3,4,0,0.23,3,1.101,1,2.41,0.683,0.3838,0.2335,0.7027,0.3521,0.1679,0.8838,0.4683
175,7059,14,5,1,6,1.3,2024-05-13 20:00:00,45.79756,16.042836,2,1,2,0.267,2,1.054,0,1.72,0.3106,0.4351,0.1648,0.6952,0.2789,0.6386,0.4124,0.2076
176,7782,1,1,2,9,1.5,2024-03-15 18:00:00,45.794664,15.976407,0,5,2,0.375,3,1.344,1,2.41,0.7716,0.3376,0.3002,0.4087,0.5918,0.1969,0.5098,0.3878
177,1722,30,5,1,4,1.4,2023-11-26 18:00:00,45.795272,16.045068,2,0,2,0.669,3,0.415,1,2.75,0.4289,0.4801,0.101,0.4981,0.3874,0.5547,0.3923,0.3004
178,2068,1,1,1,16,1.4,2024-08-10 19:00:00,45.798517,15.905794,4,6,2,0.314,5,0.366,1,3.83,0.7645,0.3071,0.3219,0.3975,0.6268,0.2222,0.5149,0.3498
179,2996,4,6,1,24,1.0,2023-11-25 19:00:00,45.826221,15.976508,0,6,2,0.516,12,1.129,2,2.98,0.6722,0.3161,0.2923,0.7343,0.2211,0.2608,0.9127,0.5149
180,6499,25,3,1,12,1.4,2023-09-27 11:00:00,45.819473,15.968731,0,3,0,0.489,6,1.439,1,3.71,0.5353,0.4366,0.8672,0.5833,0.8472,0.2122,0.5295,0.7585
181,5247,20,5,1,14,1.3,2023-11-25 19:00:00,45.813001,16.053892,2,6,2,0.584,8,0.876,1,3.38,0.2951,0.5358,0.1002,0.6322,0.3002,0.6358,0.4431,0.3061
182,5699,26,7,0,7,1.3,2024-07-28 10:00:00,45.795715,16.048339,2,0,0,0.515,4,0.917,1,3.42,0.4836,0.4137,0.5694,0.4285,0.8806,0.3236,0.3465,0.6856
183,6981,4,6,1,5,1.1,2024-08-18 18:00:00,45.820514,15.881419,4,0,2,0.359,2,0.202,0,2.99,0.7067,0.2843,0.3118,0.7509,0.18,0.2347,0.905,0.5196
184,1901,1,1,1,8,1.4,2023-10-07 19:00:00,45.865819,15.95312,1,6,2,0.273,2,1.085,0,2.7,0.7732,0.3779,0.2615,0.3987,0.544,0.1251,0.4566,0.3397
185,7403,12,0,0,6,2.0,2024-12-29 20:00:00,45.861686,15.949081,1,0,2,0.474,3,0.35,1,0.8,0.9008,0.3115,0.4715,0.411,0.3028,0.8394,0.4235,0.2609
186,8756,2,0,0,20,1.6,2024-08-17 11:00:00,45.811195,15.889275,4,6,0,0.413,8,1.402,1,2.42,0.8862,0.3384,0.5582,0.4676,0.2554,0.9628,0.4047,0.3232
187,4354,2,0,1,4,1.7,2023-03-12 10:00:00,45.80386,15.976965,0,0,0,0.438,2,0.064,0,2.77,0.8583,0.321,0.489,0.5191,0.1744,0.8877,0.3798,0.3755
188,116,11,3,0,11,0.9,2023-04-27 20:00:00,45.737343,15.974606,3,4,2,0.386,4,0.526,1,3.59,0.4799,0.5162,0.8977,0.463,0.8158,0.2685,0.5236,0.7872
189,1468,0,1,0,8,0.8,2024-10-26 10:00:00,45.810899,15.890959,4,6,0,0.053,0,1.108,0,1.58,0.8117,0.2073,0.3069,0.3526,0.6829,0.1727,0.4329,0.258
190,6751,0,1,1,3,1.9,2024-03-14 20:00:00,45.7402,15.984347,3,4,2,0.079,0,0.062,0,1.5,0.7524,0.2688,0.3002,0.2985,0.6821,0.1099,0.5114,0.3319
191,6485,20,5,1,10,1.2,2023-12-05 18:00:00,45.803619,16.038766,2,2,2,0.031,0,0.554,0,3.82,0.3307,0.6304,0.1277,0.6249,0.259,0.5785,0.3569,0.329
192,3493,14,5,2,9,2.5,2023-01-29 18:00:00,45.866282,15.942801,1,0,2,0.302,3,1.267,1,1.87,0.3529,0.4965,0.0244,0.6292,0.3822,0.5008,0.3871,0.3967
193,7850,8,0,0,6,1.1,2023-05-01 09:00:00,45.795296,15.96347,0,1,0,0.352,2,0.873,0,3.78,0.8977,0.276,0.5215,0.4057,0.2781,0.879,0.4182,0.3056
194,4122,15,0,1,14,1.7,2023-09-01 19:00:00,45.808093,15.990399,0,5,2,0.538,8,0.839,1,2.87,0.9285,0.2913,0.5181,0.4224,0.2583,0.8724,0.455,0.2787
195,2643,28,0,2,7,1.6,2024-04-17 20:00:00,45.790403,16.051987,2,3,2,0.219,2,1.174,0,2.99,0.974,0.3188,0.4242,0.4897,0.1854,0.8831,0.434,0.3114
196,5397,0,1,2,17,1.7,2023-11-16 19:00:00,45.797762,15.978133,0,4,2,0.75,13,0.167,2,3.68,0.8623,0.2855,0.2483,0.4356,0.6056,0.2145,0.4844,0.195
197,4089,7,0,1,9,1.4,2024-07-02 11:00:00,45.814542,15.886624,4,2,0,0.381,3,1.062,1,2.49,0.8307,0.281,0.5216,0.4372,0.2889,0.8474,0.3992,0.269
198,8439,4,6,1,2,2.1,2024-10-26 09:00:00,45.845942,15.967692,1,6,0,0.229,0,1.409,0,2.74,0.756,0.2827,0.18,0.7033,0.1585,0.1838,0.9356,0.5133
199,2549,10,4,3,9,2.3,2024-03-09 09:00:00,45.794961,15.957199,0,6,0,0.619,6,0.239,1,3.24,0.796,0.693,0.7715,0.8922,0.224,0.3629,0.8007,0.323
200,2251,4,6,0,4,1.7,2024-07-17 19:00:00,45.862238,15.946743,1,3,2,0.374,1,0.867,0,2.95,0.7842,0.2811,0.2831,0.7011,0.1583,0.2164,0.9012,0.4229
201,4296,24,3,2,6,2.0,2023-03-04 20:00:00,45.820784,15.899052,4,6,2,0.232,1,1.15,0,1.62,0.4734,0.4158,0.9626,0.5841,0.8034,0.2243,0.5873,0.8016
202,8631,3,2,0,5,2.1,2024-10-27 20:00:00,45.819736,15.982931,0,0,2,0.688,3,1.295,1,3.17,0.4298,0.8834,0.1152,0.7378,0.2507,0.3324,0.2738,0.4837
203,2361,1,1,0,6,1.2,2024-09-25 10:00:00,45.798893,15.885315,4,3,0,0.187,1,0.844,0,1.97,0.8971,0.3789,0.3508,0.383,0.703,0.143,0.5401,0.3461
204,4970,8,0,1,8,1.5,2023-03-08 20:00:00,45.749009,15.984768,3,3,2,0.272,2,1.101,0,0.66,0.796,0.3053,0.486,0.5687,0.2282,0.8711,0.3114,0.3305
205,6679,10,4,2,11,0.7,2024-07-18 19:00:00,45.785946,16.032338,2,4,2,0.223,2,0.644,0,2.94,0.7778,0.5613,0.7769,0.9727,0.2482,0.427,0.9055,0.5042
206,4497,11,3,3,5,1.8,2024-11-13 18:00:00,45.815432,15.890466,4,3,2,0.548,3,1.283,1,1.78,0.484,0.463,0.8472,0.5718,0.7855,0.2661,0.472,0.891
207,4605,5,5,0,9,2.3,2024-07-20 19:00:00,45.808288,16.056639,2,6,2,0.495,4,0.598,1,2.36,0.2932,0.5592,0.1138,0.6073,0.3482,0.6266,0.4189,0.3719
208,3280,13,6,0,15,1.4,2024-04-24 18:00:00,45.798238,16.041639,2,3,2,0.618,9,0.899,2,1.43,0.6363,0.3366,0.3288,0.6751,0.161,0.1953,0.9505,0.5186
209,6876,2,0,1,6,2.4,2024-01-07 09:00:00,45.807301,15.880735,4,0,0,0.52,3,1.063,1,1.54,0.8922,0.3389,0.5752,0.4056,0.1951,1.0,0.3828,0.3051
210,5964,4,6,0,8,1.1,2023-07-01 10:00:00,45.801089,15.878759,4,6,0,0.432,3,0.488,1,1.57,0.7112,0.29,0.3843,0.7301,0.1342,0.1426,0.8943,0.4227
211,7710,28,0,1,5,1.1,2024-09-26 11:00:00,45.740193,15.968036,3,4,0,0.296,1,1.191,0,2.95,0.9774,0.2868,0.4738,0.6272,0.2164,0.8363,0.425,0.3106
212,6646,1,1,1,10,0.5,2023-12-28 19:00:00,45.852821,15.957401,1,4,2,0.274,3,0.859,1,1.45,0.7777,0.3787,0.2991,0.4661,0.5315,0.1003,0.4361,0.4109
213,5906,3,2,0,10,0.8,2024-04-17 20:00:00,45.861227,15.940511,1,3,2,0.645,6,0.393,1,2.16,0.4134,1.0,0.2017,0.7178,0.324,0.3305,0.2327,0.538
214,1076,10,4,2,4,1.5,2024-11-02 20:00:00,45.81842,15.983498,0,6,2,0.502,2,0.45,0,3.46,0.8217,0.5947,0.6692,0.9359,0.1826,0.4529,0.7238,0.3507
215,767,28,0,0,8,2.1,2023-10-20 10:00:00,45.788352,16.030543,2,5,0,0.264,2,1.368,0,2.6,0.993,0.3624,0.571,0.546,0.2299,0.9995,0.3941,0.2506
216,8724,24,3,0,14,2.1,2023-09-27 18:00:00,45.751356,15.97103,3,3,2,0.431,6,0.669,1,1.1,0.4621,0.4308,0.8866,0.5961,0.8218,0.2371,0.4814,0.7245
217,8215,4,6,0,2,1.5,2023-06-03 11:00:00,45.821878,15.982893,0,6,0,0.392,1,0.59,0,3.71,0.7359,0.2472,0.3107,0.6565,0.1768,0.1835,0.8751,0.4462
218,5610,6,2,2,9,1.7,2024-09-07 10:00:00,45.804343,15.882505,4,6,0,0.452,4,0.153,1,2.63,0.3522,0.9817,0.2382,0.7292,0.2969,0.2674,0.2713,0.5304
219,658,15,0,0,5,1.1,2024-01-04 20:00:00,45.829801,15.987054,0,4,2,0.339,2,1.004,0,3.46,0.9,0.3063,0.4692,0.4897,0.1732,0.9352,0.3345,0.3367
220,7700,18,7,2,5,1.4,2023-06-02 09:00:00,45.828481,15.960261,0,5,0,0.329,2,0.575,0,2.44,0.5846,0.3026,0.6685,0.492,0.8899,0.2312,0.5004,0.7194
221,145,20,5,2,5,1.8,2023-11-03 09:00:00,45.853357,15.935847,1,5,0,0.334,2,0.938,0,2.04,0.3125,0.5547,0.1942,0.6042,0.3458,0.5918,0.3738,0.3412
222,7354,13,6,3,8,1.2,2023-07-27 20:00:00,45.809871,15.999001,0,4,2,0.307,2,1.1,0,3.38,0.7518,0.3461,0.2468,0.749,0.1946,0.1794,0.9398,0.5529
223,1597,1,1,1,3,1.4,2023-02-14 10:00:00,45.804161,15.961166,0,2,0,0.23,1,0.865,0,2.11,0.849,0.2718,0.3443,0.4498,0.5989,0.1678,0.5504,0.2934
224,7601,22,7,3,4,1.6,2024-08-13 20:00:00,45.84056,15.940443,1,2,2,0.15,1,1.043,0,2.67,0.4766,0.3458,0.6549,0.5029,0.8656,0.3786,0.3579,0.7123
225,8141,7,0,1,6,0.9,2024-12-26 18:00:00,45.804145,15.881817,4,4,2,0.632,4,0.398,1,3.5,0.8653,0.2773,0.4459,0.4463,0.2258,0.8952,0.5421,0.2827
226,7521,0,1,2,7,1.1,2024-04-12 18:00:00,45.814044,15.895321,4,5,2,0.67,5,1.185,1,2.64,0.8183,0.2192,0.2851,0.4309,0.6477,0.2683,0.4918,0.2995
227,5312,16,2,1,5,0.5,2024-08-02 11:00:00,45.794518,16.046946,2,5,0,0.484,2,0.729,0,2.65,0.3489,0.8911,0.1936,0.7299,0.2745,0.2562,0.3416,0.5002
228,2252,13,6,1,4,1.4,2024-03-20 19:00:00,45.853441,15.94878,1,3,2,0.472,2,0.284,0,3.12,0.6097,0.3812,0.2865,0.6454,0.294,0.1806,0.9283,0.3693
229,5705,9,1,1,5,1.4,2023-02-09 11:00:00,45.757901,15.97008,3,4,0,0.543,3,0.365,1,2.22,0.7877,0.2638,0.2989,0.3883,0.6346,0.2054,0.468,0.2241
230,6917,14,5,1,6,1.7,2024-10-15 19:00:00,45.847007,15.957213,1,2,2,0.512,3,0.709,1,2.79,0.3561,0.4567,0.1799,0.6081,0.2746,0.6425,0.4013,0.383
231,4008,11,3,0,6,0.8,2024-11-08 18:00:00,45.812372,15.965061,0,5,2,0.263,2,1.017,0,3.2,0.4873,0.5411,0.9156,0.5672,0.7874,0.2043,0.4987,0.7559
232,7064,12,0,2,10,2.1,2023-05-22 18:00:00,45.820876,15.888197,4,1,2,0.033,0,1.056,0,1.32,0.7977,0.3231,0.6044,0.5218,0.2716,0.9194,0.5019,0.3262
233,5709,0,1,2,8,0.7,2024-01-23 10:00:00,45.853515,15.950352,1,2,0,0.675,5,0.879,1,1.15,0.8005,0.3617,0.2574,0.4268,0.6066,0.1595,0.5186,0.2979
234,6680,15,0,1,15,1.7,2023-09-05 20:00:00,45.81763,15.980317,0,2,2,0.443,7,0.752,1,2.85,0.9082,0.2428,0.4925,0.4761,0.1077,0.8664,0.4408,0.2774
235,1263,8,0,0,7,1.3,2024-05-09 19:00:00,45.810652,15.903611,4,4,2,0.32,2,0.441,0,1.74,0.8532,0.3158,0.4884,0.4715,0.2564,0.9322,0.3996,0.2772
236,3234,29,1,1,5,0.9,2023-11-02 11:00:00,45.827247,15.987082,0,4,0,0.38,2,0.62,0,3.35,0.7531,0.3353,0.3218,0.4363,0.5768,0.1804,0.6076,0.2665
237,7262,20,5,1,5,1.3,2024-02-17 19:00:00,45.78755,16.03683,2,6,2,0.216,1,0.679,0,2.41,0.271,0.4729,0.1023,0.6084,0.332,0.6291,0.3751,0.3103
238,3983,2,0,0,31,1.4,2024-03-18 10:00:00,45.788472,16.043428,2,1,0,0.15,5,0.958,1,2.37,0.8741,0.321,0.4871,0.4152,0.0947,0.8195,0.379,0.2955
239,277,27,7,1,10,1.3,2024-09-23 11:00:00,45.849198,15.949584,1,1,0,0.218,2,0.587,0,3.15,0.4183,0.2863,0.5784,0.5263,0.8469,0.2583,0.4529,0.6973
240,8090,5,5,1,18,1.4,2024-11-30 10:00:00,45.858979,15.956513,1,6,0,0.215,4,1.22,1,1.82,0.2016,0.6187,0.099,0.5554,0.1843,0.6207,0.458,0.3542
241,7042,2,0,0,10,2.3,2024-01-29 09:00:00,45.859412,15.948007,1,1,0,0.801,8,0.206,1,3.35,0.8641,0.2052,0.4942,0.5496,0.1862,0.8817,0.4381,0.2228
242,5753,2,0,0,9,1.4,2024-04-27 18:00:00,45.748626,15.972674,3,6,2,0.227,2,1.396,0,3.54,0.8503,0.3897,0.4612,0.4941,0.2072,0.8817,0.3231,0.2761
243,6018,25,3,1,17,1.7,2024-06-22 19:00:00,45.793252,15.978688,0,6,2,0.474,8,0.764,1,1.99,0.4636,0.5037,0.8015,0.6427,0.7426,0.2196,0.539,0.74
244,1872,8,0,0,10,1.7,2024-06-17 18:00:00,45.823836,15.881718,4,1,2,0.883,9,0.513,2,3.3,0.9322,0.256,0.4639,0.5979,0.1876,0.8944,0.3593,0.3487
245,7580,1,1,0,14,1.1,2024-11-23 19:00:00,45.794525,16.041247,2,6,2,0.504,7,1.062,1,1.31,0.7782,0.306,0.2492,0.3234,0.557,0.2079,0.4862,0.3992
246,5814,26,7,1,6,1.4,2024-12-07 09:00:00,45.837834,15.983611,0,6,0,0.268,2,0.425,0,1.3,0.5457,0.3279,0.6322,0.4951,0.917,0.2593,0.3356,0.7269
247,7418,30,5,0,18,2.4,2023-09-29 19:00:00,45.851669,15.952229,1,5,2,0.187,3,0.428,1,2.91,0.3125,0.5141,0.1799,0.6346,0.2743,0.6714,0.4291,0.2869
248,6519,24,3,1,13,1.6,2024-09-20 18:00:00,45.779648,16.045501,2,5,2,0.242,3,0.743,1,1.65,0.5224,0.5369,0.9035,0.6269,0.842,0.1746,0.4786,0.7862
249,2570,15,0,0,10,2.5,2024-04-12 10:00:00,45.840721,15.954624,1,5,0,0.645,6,1.04,1,3.32,0.8914,0.2738,0.5966,0.5496,0.1834,0.8297,0.3577,0.3153
250,4383,1,1,0,8,1.6,2023-12-12 09:00:00,45.84934,15.958104,1,2,0,0.431,3,1.246,1,1.56,0.7564,0.3782,0.3812,0.4063,0.5827,0.0981,0.5546,0.3343
251,2310,28,0,1,7,2.0,2023-07-26 11:00:00,45.75148,15.969489,3,3,0,0.458,3,0.924,1,3.33,0.9945,0.3034,0.4785,0.5058,0.1591,0.8875,0.3197,0.3316
252,5240,29,1,2,14,2.7,2023-09-06 09:00:00,45.822391,15.989059,0,3,0,0.558,8,0.374,1,3.86,0.7947,0.3399,0.2759,0.3763,0.6335,0.2137,0.4987,0.3548
253,894,8,0,0,13,0.6,2024-03-20 20:00:00,45.744722,15.965327,3,3,2,0.458,6,0.997,1,3.16,0.8908,0.2786,0.4583,0.4984,0.1954,0.9166,0.3131,0.2953
254,1165,17,0,2,13,1.3,2024-09-24 19:00:00,45.860757,15.956403,1,2,2,0.449,6,0.187,1,1.32,0.9902,0.3115,0.4556,0.3614,0.2402,0.8781,0.4017,0.2419
255,3483,11,3,1,3,1.6,2023-02-25 18:00:00,45.866349,15.953774,1,6,2,0.578,2,0.6,0,2.9,0.5442,0.4347,0.9512,0.5778,0.8495,0.2688,0.4963,0.7504
256,558,13,6,2,4,1.8,2023-12-02 11:00:00,45.821595,15.967609,0,6,0,0.238,1,0.981,0,3.82,0.7508,0.3252,0.3449,0.6882,0.1103,0.1915,0.9742,0.5251
257,5740,11,3,1,12,1.8,2023-03-24 20:00:00,45.771261,15.9643,3,5,2,0.214,3,0.625,1,2.39,0.5077,0.494,0.9417,0.5995,0.8038,0.2346,0.4547,0.8253
258,6901,9,1,0,12,1.5,2024-04-16 10:00:00,45.86814,15.963518,1,2,0,0.061,1,0.031,0,3.25,0.8129,0.2254,0.2684,0.4612,0.7166,0.048,0.5045,0.3607
259,7425,10,4,1,5,0.7,2023-03-28 20:00:00,45.818285,15.89043,4,2,2,0.485,2,0.269,0,3.06,0.7825,0.5711,0.7097,0.894,0.2155,0.4088,0.8783,0.2792
260,6779,8,0,0,12,1.6,2023-06-24 20:00:00,45.8526,15.95178,1,6,2,0.787,9,0.665,2,2.29,0.9766,0.4258,0.5117,0.3836,0.1777,0.8521,0.3435,0.2913
261,3377,17,0,0,6,2.0,2023-05-10 20:00:00,45.810811,15.88724,4,3,2,0.413,2,0.497,0,2.76,0.8878,0.279,0.4576,0.5285,0.1292,0.847,0.5076,0.3319
262,2903,0,1,1,8,1.7,2024-12-05 19:00:00,45.796383,15.971777,0,4,2,0.548,4,0.932,1,1.97,0.8167,0.3165,0.2628,0.4136,0.6526,0.1111,0.4673,0.4035
263,7352,0,1,0,7,1.8,2023-06-08 11:00:00,45.805098,15.861946,4,4,0,0.343,2,0.215,0,2.57,0.7992,0.2891,0.3591,0.3484,0.5523,0.1295,0.5332,0.2801
264,8616,2,0,2,7,1.2,2023-06-25 18:00:00,45.810182,15.889658,4,0,2,0.697,5,1.408,1,2.3,0.9066,0.218,0.538,0.4778,0.1057,0.9424,0.4293,0.3514
265,7625,25,3,0,3,1.4,2024-08-12 20:00:00,45.797219,15.874434,4,1,2,0.139,0,0.404,0,2.76,0.5793,0.4672,0.8747,0.6386,0.8415,0.1965,0.4865,0.7603
266,3902,8,0,0,12,1.3,2023-12-19 11:00:00,45.800421,16.044351,2,2,0,0.576,7,0.384,1,3.54,0.9256,0.3612,0.528,0.5538,0.1833,0.8656,0.3882,0.2669
267,4137,27,7,1,7,2.0,2023-12-31 20:00:00,45.820944,15.879685,4,0,2,0.227,2,1.282,0,3.23,0.5392,0.397,0.6395,0.5869,0.9031,0.2371,0.4793,0.6434
268,622,27,7,1,8,1.3,2023-01-26 10:00:00,45.807433,16.050199,2,4,0,0.381,3,0.463,1,2.71,0.5169,0.4547,0.5928,0.4537,0.8761,0.3261,0.4226,0.6999
269,5560,10,4,2,7,1.7,2024-12-23 19:00:00,45.824608,15.878023,4,1,2,0.171,1,0.538,0,1.61,0.808,0.6843,0.6801,0.8849,0.1669,0.3881,0.8254,0.4491
270,5087,15,0,1,9,1.3,2024-07-13 20:00:00,45.854655,15.948688,1,6,2,0.569,5,0.761,1,2.63,0.8904,0.3094,0.5139,0.3828,0.1266,0.9832,0.3056,0.2594
271,7568,8,0,0,9,2.5,2023-08-11 09:00:00,45.860912,15.949697,1,5,0,0.191,2,0.126,0,3.05,0.8988,0.2748,0.4615,0.5573,0.1587,0.9155,0.3874,0.3361
272,8681,4,6,0,18,1.6,2023-06-19 19:00:00,45.749219,15.985982,3,1,2,0.707,13,0.525,2,2.54,0.7036,0.3409,0.3246,0.724,0.1967,0.1578,1.0,0.5087
273,4925,23,3,0,7,2.4,2023-02-12 18:00:00,45.805713,15.987836,0,0,2,0.347,2,0.717,0,2.69,0.4424,0.5307,0.8166,0.6004,0.78,0.2438,0.4791,0.7957
274,4642,21,0,1,7,0.7,2024-06-07 18:00:00,45.749521,15.970671,3,5,2,0.738,5,1.191,1,2.8,0.9482,0.3255,0.4548,0.4675,0.2212,0.9035,0.3401,0.2863
275,1382,20,5,1,13,1.5,2023-09-25 09:00:00,45.747123,15.974124,3,1,0,0.33,4,0.831,1,2.2,0.3158,0.515,0.0684,0.5931,0.3352,0.6319,0.4463,0.3065
276,2833,2,0,1,5,0.9,2024-03-02 18:00:00,45.746105,15.980146,3,6,2,0.307,2,1.009,0,2.73,0.8739,0.2869,0.5207,0.4525,0.2676,0.8528,0.3692,0.2832
277,6597,15,0,1,14,1.5,2024-01-18 19:00:00,45.843892,15.953558,1,4,2,0.218,3,0.473,1,1.76,0.7372,0.258,0.4973,0.4715,0.1663,0.9364,0.3758,0.2975
278,6419,30,5,0,3,1.7,2023-10-20 18:00:00,45.743608,15.975249,3,5,2,0.458,1,0.061,0,1.63,0.2385,0.5499,0.1479,0.6384,0.2062,0.588,0.4326,0.3146
279,7959,2,0,0,9,2.1,2024-07-20 20:00:00,45.807474,15.904254,4,6,2,0.233,2,0.859,0,0.9,0.8682,0.2983,0.5529,0.5051,0.2648,0.8381,0.3747,0.3306
280,2429,3,2,1,6,1.4,2024-11-22 20:00:00,45.819685,15.977125,0,5,2,0.255,2,1.335,0,2.19,0.4257,0.9282,0.2451,0.7126,0.2504,0.3031,0.298,0.4598
281,8551,8,0,2,14,1.4,2024-05-02 10:00:00,45.810147,15.892371,4,4,0,0.602,8,1.182,1,2.02,0.8962,0.2094,0.4186,0.4683,0.2567,0.8946,0.4568,0.191
282,6264,1,1,1,15,2.3,2023-09-27 20:00:00,45.85452,15.954205,1,3,2,0.237,4,1.133,1,2.62,0.8144,0.3842,0.3251,0.3559,0.6464,0.2206,0.4515,0.3445
283,8840,15,0,0,17,1.7,2023-07-13 19:00:00,45.794124,16.046817,2,4,2,0.412,7,0.485,1,1.44,0.9428,0.335,0.5666,0.5105,0.23,0.8815,0.4621,0.2544
284,1670,29,1,1,13,0.6,2023-05-31 20:00:00,45.796774,16.063176,2,3,2,0.164,2,0.357,0,3.35,0.858,0.3955,0.3752,0.3642,0.5545,0.0972,0.4744,0.3195
285,3654,15,0,0,8,1.7,2024-04-27 19:00:00,45.802592,15.890219,4,6,2,0.095,1,0.473,0,3.47,0.889,0.3157,0.5233,0.4796,0.2213,1.0,0.4883,0.3957
286,6465,19,4,1,6,2.2,2023-02-10 19:00:00,45.818269,15.899229,4,5,2,0.337,2,1.02,0,2.73,0.8329,0.6218,0.733,0.9248,0.1959,0.3792,0.7716,0.4929
287,5155,29,1,0,6,1.3,2023-11-08 20:00:00,45.817759,15.903735,4,3,2,0.594,4,0.86,1,1.98,0.7275,0.3232,0.3,0.3451,0.5751,0.2142,0.5188,0.3306
288,3259,1,1,0,7,1.5,2024-03-19 11:00:00,45.80684,15.972945,0,2,0,0.222,2,1.127,0,3.35,0.8022,0.3338,0.3098,0.4002,0.5754,0.2723,0.4672,0.2838
289,220,10,4,0,6,1.7,2023-06-18 19:00:00,45.792191,16.034369,2,0,2,0.389,2,0.397,0,1.46,0.8545,0.609,0.6366,0.8728,0.2301,0.3892,0.817,0.46
290,460,14,5,0,9,1.3,2024-10-09 11:00:00,45.855055,15.944318,1,3,0,0.03,0,0.986,0,2.5,0.336,0.5134,0.1708,0.6276,0.2151,0.6802,0.4064,0.288
291,3642,16,2,1,4,1.4,2024-05-28 19:00:00,45.815204,15.986927,0,2,2,0.382,2,1.149,0,1.47,0.4416,0.915,0.1466,0.712,0.2365,0.2578,0.3123,0.4581
292,5626,4,6,0,10,0.7,2024-11-12 09:00:00,45.767598,15.975907,3,2,0,0.608,6,0.263,1,2.92,0.6905,0.2549,0.196,0.6101,0.1616,0.2677,0.8964,0.4198
293,6534,29,1,1,7,1.2,2023-02-17 11:00:00,45.737212,15.984677,3,5,0,0.65,5,0.58,1,3.43,0.7946,0.2887,0.2261,0.4394,0.6167,0.1997,0.4612,0.3002
294,5516,26,7,1,12,1.2,2024-06-07 18:00:00,45.849638,15.967837,1,5,2,0.437,5,0.772,1,2.1,0.5165,0.4503,0.6532,0.4496,0.8872,0.3022,0.3568,0.7568
295,8694,23,3,1,6,1.9,2023-06-29 09:00:00,45.868549,15.957102,1,4,0,0.646,4,1.333,1,2.68,0.4525,0.5251,0.8886,0.5589,0.7952,0.2806,0.5134,0.7114
296,5962,15,0,2,11,2.8,2024-07-09 19:00:00,45.743364,15.984652,3,2,2,0.638,7,0.442,1,3.55,0.8454,0.2677,0.4557,0.5672,0.1549,0.922,0.3287,0.3472
297,575,4,6,1,7,1.0,2023-10-08 11:00:00,45.73842,15.985523,3,0,0,0.533,4,0.51,1,1.29,0.729,0.3594,0.2675,0.665,0.2392,0.2041,0.886,0.6036
298,5172,1,1,3,13,1.8,2024-05-09 10:00:00,45.814815,15.981761,0,4,0,0.676,9,0.629,2,2.91,0.7768,0.2339,0.3722,0.4068,0.6281,0.168,0.4786,0.2347
299,5790,0,1,2,6,1.8,2023-06-02 09:00:00,45.862248,15.952206,1,5,0,0.586,4,0.668,1,2.15,0.8844,0.3395,0.2612,0.3601,0.6404,0.1406,0.5875,0.3632
300,6088,9,1,0,9,2.1,2024-10-21 18:00:00,45.836772,15.943929,1,1,2,0.174,2,0.521,0,3.78,0.7137,0.3502,0.2109,0.3335,0.5756,0.2556,0.4604,0.2929
301,1141,10,4,2,9,1.8,2023-02-03 09:00:00,45.850454,15.939416,1,5,0,0.224,2,0.547,0,2.51,0.7819,0.6862,0.78,0.9064,0.2581,0.4164,0.7663,0.3875
302,925,20,5,0,9,1.5,2023-07-20 20:00:00,45.821074,15.899847,4,4,2,0.563,5,0.246,1,2.94,0.3139,0.423,0.1034,0.5893,0.2506,0.596,0.3227,0.2795
303,7979,11,3,2,18,1.9,2023-06-25 10:00:00,45.855886,15.958006,1,0,0,0.672,12,0.477,2,2.65,0.5114,0.5564,0.944,0.603,0.7557,0.1488,0.5335,0.8363
304,2326,9,1,0,7,1.9,2023-02-14 20:00:00,45.817308,15.887816,4,2,2,0.703,5,0.695,1,3.28,0.8317,0.1937,0.2701,0.343,0.6141,0.127,0.4733,0.3614
305,8141,27,7,2,7,2.2,2024-05-04 20:00:00,45.860771,15.957159,1,6,2,0.34,2,0.458,0,2.77,0.5195,0.4732,0.5336,0.483,0.8737,0.4405,0.3539,0.702
306,3659,1,1,1,12,1.9,2023-04-24 09:00:00,45.818443,15.883675,4,1,0,0.242,3,0.615,1,2.73,0.8428,0.3318,0.2196,0.3798,0.6711,0.2344,0.4572,0.1568
307,7874,2,0,0,8,1.0,2024-12-06 09:00:00,45.744942,15.97724,3,5,0,0.255,2,1.239,0,2.69,0.8614,0.2791,0.4501,0.5091,0.1712,0.9397,0.4123,0.2224
308,301,11,3,0,8,1.9,2024-09-13 20:00:00,45.808275,16.029088,2,5,2,0.822,7,0.859,1,2.46,0.4897,0.5184,0.8839,0.5395,0.8713,0.2476,0.5521,0.8767
309,2778,30,5,2,6,1.9,2023-07-09 18:00:00,45.745432,15.982152,3,0,2,0.694,4,0.653,1,2.06,0.2406,0.4729,0.0557,0.605,0.3593,0.7464,0.3982,0.3027
310,3059,1,1,1,5,1.2,2024-08-03 19:00:00,45.761201,15.975935,3,6,2,0.242,1,1.18,0,2.31,0.7331,0.3497,0.2765,0.3584,0.6006,0.3069,0.5573,0.3247
311,4788,4,6,0,5,2.7,2024-08-01 09:00:00,45.746509,15.972025,3,4,0,0.239,1,0.84,0,1.49,0.7119,0.2485,0.3181,0.6524,0.1472,0.1871,0.9971,0.502
312,5649,15,0,0,6,1.2,2023-02-19 19:00:00,45.825085,15.980444,0,0,2,0.11,1,0.279,0,3.56,0.8437,0.3185,0.4939,0.5346,0.2708,0.9512,0.5016,0.2801
313,271,6,2,1,6,0.5,2024-12-10 10:00:00,45.817171,15.975658,0,2,0,0.325,2,0.245,0,2.12,0.3667,0.9318,0.2344,0.7587,0.3623,0.3853,0.3509,0.5619
314,8891,3,2,1,5,0.7,2023-08-11 18:00:00,45.81774,15.90163,4,5,2,0.578,3,0.481,1,2.15,0.4241,1.0,0.2052,0.7229,0.298,0.1774,0.2714,0.4562
315,1530,1,1,1,10,1.2,2023-07-09 18:00:00,45.863707,15.945055,1,0,2,0.301,3,0.139,1,2.9,0.7943,0.2754,0.2907,0.3963,0.6332,0.2296,0.4575,0.3197
316,2282,1,1,0,8,1.5,2023-07-31 09:00:00,45.814962,15.881248,4,1,0,0.358,3,0.712,1,2.13,0.7482,0.3561,0.3413,0.3822,0.5952,0.1529,0.3484,0.2473
317,7996,29,1,3,9,2.0,2023-07-18 19:00:00,45.788211,16.0413,2,2,2,0.792,7,0.766,1,3.66,0.771,0.3419,0.2924,0.3367,0.6123,0.1842,0.4657,0.2763
318,5988,19,4,0,9,1.0,2023-02-20 20:00:00,45.798026,16.054231,2,1,2,0.262,2,1.25,0,2.42,0.7867,0.6059,0.7372,0.9637,0.2201,0.4011,0.6502,0.3898
319,5389,25,3,1,9,1.8,2023-04-19 18:00:00,45.758837,15.968671,3,3,2,0.289,3,0.633,1,3.32,0.4505,0.4961,0.9127,0.6208,0.808,0.2196,0.451,0.765
320,4699,9,1,0,17,1.7,2024-09-05 10:00:00,45.854168,15.952749,1,4,0,0.194,3,0.835,1,3.39,0.7584,0.3611,0.225,0.3989,0.585,0.2045,0.407,0.2597
321,5197,13,6,1,6,1.4,2024-07-14 18:00:00,45.803671,15.886051,4,0,2,0.098,1,0.675,0,2.6,0.6495,0.2291,0.267,0.6867,0.2644,0.2304,0.9202,0.413
322,6607,11,3,2,6,0.8,2023-10-07 20:00:00,45.796413,16.045715,2,6,2,0.406,2,1.221,0,2.86,0.4376,0.4517,0.9164,0.5532,0.774,0.171,0.4949,0.7965
323,8116,3,2,1,6,0.8,2023-04-30 11:00:00,45.785671,16.037415,2,0,0,0.664,4,1.381,1,2.58,0.4404,0.8799,0.2161,0.6697,0.3013,0.3183,0.1841,0.4854
324,3221,12,0,0,6,2.3,2023-05-13 10:00:00,45.81779,15.893921,4,6,0,0.219,1,0.992,0,3.11,0.8409,0.3085,0.551,0.459,0.1935,1.0,0.2737,0.3074
325,1386,19,4,1,16,1.4,2023-08-30 19:00:00,45.810713,16.022976,2,3,2,0.185,3,0.464,1,0.74,0.7664,0.6438,0.6882,0.9192,0.148,0.3839,0.7348,0.383
326,1310,16,2,1,10,1.5,2023-04-09 18:00:00,45.757154,15.966407,3,0,2,0.267,3,0.44,1,3.12,0.3583,0.9466,0.2735,0.7733,0.2907,0.1999,0.2412,0.4784
327,4965,4,6,0,9,2.3,2024-11-23 11:00:00,45.843129,15.951332,1,6,0,0.027,0,0.199,0,3.18,0.6568,0.2762,0.3811,0.8002,0.2532,0.2054,0.941,0.5414
328,4977,30,5,1,8,1.3,2024-05-30 10:00:00,45.819866,15.882631,4,4,0,0.149,1,0.429,0,3.18,0.3409,0.5009,0.1854,0.6154,0.2397,0.5477,0.3364,0.3561
329,5527,2,0,2,8,1.9,2023-08-03 18:00:00,45.821036,15.8862,4,4,2,0.178,1,0.423,0,2.43,0.8786,0.3201,0.4847,0.5228,0.1768,0.9129,0.3976,0.2973
330,8187,0,1,1,11,1.2,2024-03-10 20:00:00,45.824682,15.894388,4,0,2,0.269,3,1.235,1,2.85,0.8135,0.29,0.2978,0.3625,0.6156,0.2696,0.5628,0.3888
331,8792,29,1,1,12,0.8,2023-05-01 20:00:00,45.818538,15.970133,0,1,2,0.533,6,1.023,1,1.29,0.7887,0.2762,0.3465,0.5002,0.5815,0.1624,0.5766,0.2447
332,2111,30,5,1,18,0.9,2024-07-22 09:00:00,45.856497,15.949765,1,1,0,0.146,3,1.072,1,1.83,0.4316,0.4805,0.0993,0.6278,0.3429,0.6951,0.3755,0.3513
333,2672,0,1,0,5,1.7,2023-09-05 19:00:00,45.82653,15.985011,0,2,2,0.77,4,0.581,1,1.49,0.8026,0.2402,0.4034,0.3476,0.5615,0.1729,0.5333,0.297
334,25,4,6,1,6,1.8,2023-01-26 20:00:00,45.813305,15.977699,0,4,2,0.541,3,0.667,1,3.21,0.6633,0.314,0.2329,0.7589,0.2348,0.2312,0.9462,0.4875
335,7180,14,5,1,13,2.1,2023-08-25 18:00:00,45.80178,15.87832,4,5,2,0.259,3,0.161,1,3.54,0.2772,0.5165,0.0789,0.6032,0.1676,0.556,0.3873,0.3548
336,6511,19,4,1,8,2.4,2024-10-23 20:00:00,45.750349,15.961488,3,3,2,0.873,7,0.843,1,3.37,0.8586,0.5545,0.7554,0.8465,0.2694,0.2871,0.7522,0.3651
337,1753,25,3,1,11,2.5,2024-11-30 18:00:00,45.803313,15.898542,4,6,2,0.855,9,1.194,2,3.01,0.4847,0.4911,0.901,0.5091,0.853,0.177,0.4569,0.8196
338,2685,1,1,0,22,1.0,2023-05-16 11:00:00,45.837105,15.983248,0,2,0,0.399,9,0.592,2,3.46,0.902,0.349,0.2518,0.325,0.5283,0.2649,0.528,0.278
339,3628,20,5,1,12,1.6,2023-01-26 09:00:00,45.788058,16.051027,2,4,0,0.587,7,1.062,1,1.76,0.3553,0.4804,0.1187,0.6113,0.3052,0.5622,0.3516,0.2652
340,1123,3,2,0,5,2.7,2024-04-07 19:00:00,45.788402,16.047338,2,0,2,0.159,1,0.339,0,3.59,0.4524,0.8761,0.1649,0.6315,0.3539,0.2916,0.3792,0.5652
341,2307,0,1,0,10,1.5,2024-08-17 10:00:00,45.852487,15.951458,1,6,0,0.473,5,1.065,1,2.01,0.7455,0.3253,0.2305,0.3832,0.6131,0.2544,0.5698,0.286
342,8887,11,3,0,14,0.7,2023-03-01 11:00:00,45.815861,15.876156,4,3,0,0.451,6,0.074,1,2.27,0.5757,0.5154,0.9159,0.587,0.8795,0.1275,0.4536,0.7601
343,2733,9,1,1,33,1.5,2023-12-11 20:00:00,45.744449,15.980243,3,1,2,0.705,23,0.257,2,2.55,0.8575,0.3021,0.3524,0.3763,0.5576,0.2233,0.4714,0.2148
344,4315,1,1,0,9,1.0,2024-03-08 11:00:00,45.757173,15.962978,3,5,0,0.566,5,0.517,1,3.67,0.8379,0.3231,0.3033,0.4407,0.5245,0.2949,0.4013,0.2296
345,4242,27,7,0,9,2.1,2024-07-10 09:00:00,45.855789,15.952157,1,3,0,0.693,6,1.134,1,3.05,0.4838,0.3591,0.5956,0.466,0.9305,0.2869,0.4141,0.714
346,5340,30,5,1,10,1.6,2023-05-12 19:00:00,45.746589,15.986998,3,5,2,0.291,3,0.916,1,2.57,0.2323,0.4972,0.1074,0.6731,0.2373,0.6476,0.3314,0.2851
347,2679,4,6,0,5,1.6,2024-09-18 10:00:00,45.826236,15.988885,0,3,0,0.198,1,1.005,0,2.52,0.6434,0.3232,0.3205,0.6657,0.3011,0.1863,0.9483,0.4101
348,123,27,7,0,4,1.8,2024-08-04 19:00:00,45.853611,15.961292,1,0,2,0.362,1,0.336,0,1.8,0.4039,0.3567,0.566,0.3979,0.929,0.283,0.3889,0.7198
349,5468,25,3,0,6,2.7,2024-12-05 18:00:00,45.784428,16.065711,2,4,2,0.401,2,0.304,0,2.17,0.5216,0.493,0.8541,0.5748,0.8877,0.2482,0.4754,0.8918
350,4644,2,0,0,8,2.2,2024-06-17 11:00:00,45.866477,15.943853,1,1,0,0.377,3,1.382,1,2.21,0.9113,0.2635,0.4706,0.5013,0.1786,0.9642,0.3934,0.3586
351,7099,4,6,1,23,0.9,2024-01-03 20:00:00,45.86577,15.936838,1,3,2,0.647,15,1.324,2,1.65,0.7197,0.2937,0.248,0.6881,0.1736,0.21,0.8718,0.472
352,1649,2,0,3,9,2.1,2023-02-16 18:00:00,45.798452,15.886868,4,4,2,0.445,4,0.696,1,3.51,0.93,0.3097,0.5285,0.548,0.2831,0.9523,0.3969,0.3374
353,4151,30,5,2,2,1.3,2024-09-21 19:00:00,45.740354,15.961083,3,6,2,0.342,1,0.816,0,3.13,0.3329,0.4899,0.1472,0.6098,0.2632,0.5174,0.4162,0.3602
354,6117,7,0,0,3,1.5,2024-02-11 18:00:00,45.800912,15.993293,0,0,2,0.752,2,0.417,0,3.13,0.9368,0.2518,0.4844,0.5302,0.2739,0.9311,0.4306,0.2697
355,1747,3,2,3,22,0.5,2023-01-25 09:00:00,45.790004,16.036716,2,3,0,0.082,2,1.15,0,1.71,0.3134,0.9192,0.1476,0.7686,0.3422,0.3432,0.2781,0.4639
356,4800,1,1,2,9,1.6,2024-06-22 10:00:00,45.810243,16.05367,2,6,0,0.226,2,1.276,0,3.17,0.6954,0.2554,0.1881,0.4656,0.6155,0.1733,0.5205,0.2761
357,1589,29,1,1,21,1.9,2023-07-14 20:00:00,45.742689,15.964066,3,5,2,0.218,5,0.732,1,3.35,0.8046,0.2993,0.2356,0.4037,0.54,0.1887,0.5369,0.2339
358,7017,1,1,2,15,1.9,2023-03-30 18:00:00,45.86229,15.947415,1,4,2,0.102,2,1.167,0,2.61,0.8318,0.2247,0.2542,0.4237,0.607,0.2061,0.5463,0.3231
359,335,9,1,2,2,1.7,2023-09-29 20:00:00,45.819349,15.973576,0,5,2,0.56,1,1.134,0,2.8,0.8298,0.2901,0.3331,0.3642,0.6776,0.2184,0.4254,0.2998
360,4755,29,1,0,7,1.9,2023-09-26 18:00:00,45.763456,15.980997,3,2,2,0.4,3,0.861,1,3.23,0.7701,0.2203,0.4006,0.4215,0.6931,0.2458,0.4971,0.2771
361,6784,24,3,1,3,2.5,2023-09-24 18:00:00,45.845173,15.947303,1,0,2,0.284,1,1.363,0,3.05,0.4576,0.4768,0.8628,0.5669,0.86,0.2256,0.6002,0.8255
362,8822,3,2,1,5,1.8,2024-08-28 19:00:00,45.747323,15.995089,3,3,2,0.764,4,0.301,1,2.5,0.3476,0.9705,0.1458,0.7836,0.3165,0.3138,0.2395,0.4628
363,578,9,1,1,22,1.6,2023-09-09 11:00:00,45.831343,15.981069,0,6,0,0.415,9,1.298,2,3.82,0.7746,0.2957,0.2942,0.3643,0.4395,0.232,0.501,0.3197
364,4045,8,0,1,6,1.9,2024-02-14 19:00:00,45.848957,15.940369,1,3,2,0.342,2,1.252,0,1.72,0.957,0.2709,0.4801,0.5493,0.2523,0.9905,0.3798,0.272
365,8951,1,1,1,18,1.7,2024-09-30 19:00:00,45.755679,15.986182,3,1,2,0.456,8,0.414,1,2.92,0.8073,0.2284,0.3091,0.385,0.5176,0.1681,0.6006,0.2639
366,8979,20,5,1,15,1.2,2024-07-23 20:00:00,45.812353,15.905839,4,2,2,0.303,5,0.777,1,3.87,0.2601,0.4875,0.088,0.5598,0.2035,0.6106,0.5191,0.2394
367,1106,7,0,1,17,2.1,2023-03-19 19:00:00,45.817965,15.96509,0,0,2,0.538,9,1.186,2,2.68,0.8376,0.3844,0.5103,0.2878,0.2086,0.8005,0.3428,0.3331
368,6136,26,7,1,8,1.9,2023-08-09 09:00:00,45.781544,16.039699,2,3,0,0.333,3,0.621,1,2.64,0.4869,0.4295,0.5025,0.5488,0.803,0.3463,0.4026,0.6736
369,6084,4,6,2,8,1.7,2023-03-07 18:00:00,45.861418,15.951957,1,2,2,0.32,3,1.484,1,3.24,0.7138,0.2367,0.3642,0.7126,0.2827,0.091,0.8917,0.4526
370,8788,6,2,1,22,2.0,2024-02-07 18:00:00,45.808248,15.876869,4,3,2,0.329,7,0.573,1,2.75,0.3329,0.8855,0.2365,0.7375,0.3392,0.3253,0.2192,0.4587
371,7197,5,5,1,7,1.9,2024-01-28 10:00:00,45.755725,15.960366,3,0,0,0.182,1,0.695,0,3.66,0.2411,0.5372,0.0777,0.5302,0.3605,0.6471,0.4863,0.2509
372,8622,30,5,1,5,1.5,2023-12-19 11:00:00,45.85535,15.962729,1,2,0,0.525,3,1.337,1,3.49,0.1981,0.5415,0.1231,0.6026,0.3843,0.6111,0.4468,0.2282
373,2518,1,1,1,12,1.2,2024-02-07 18:00:00,45.803203,16.054287,2,3,2,0.078,1,0.169,0,2.49,0.7753,0.2345,0.3551,0.3524,0.5141,0.2236,0.4809,0.265
374,7757,2,0,2,6,2.3,2024-06-13 09:00:00,45.794248,16.045201,2,4,0,0.213,1,0.881,0,2.62,0.969,0.3194,0.4837,0.525,0.2443,0.8973,0.4542,0.3264
375,2048,3,2,0,4,1.6,2024-12-22 11:00:00,45.820891,15.974292,0,0,0,0.227,1,0.411,0,3.11,0.3711,0.8952,0.2632,0.6396,0.3269,0.3989,0.2309,0.5634
376,1850,1,1,1,6,0.9,2023-06-02 19:00:00,45.833489,15.980859,0,5,2,0.593,4,0.246,1,2.32,0.8352,0.2766,0.2619,0.4654,0.6393,0.2775,0.4848,0.2039
377,850,21,0,1,5,1.5,2023-09-01 19:00:00,45.817802,15.985046,0,5,2,0.234,1,0.212,0,3.07,0.9324,0.2486,0.5155,0.5013,0.1896,0.8987,0.3983,0.266
378,1975,2,0,1,5,1.7,2024-06-24 19:00:00,45.748896,15.975332,3,1,2,0.284,1,1.369,0,2.71,0.8543,0.406,0.4782,0.56,0.3094,0.8704,0.5109,0.2554
379,3715,19,4,0,8,1.5,2024-08-07 20:00:00,45.818468,15.891524,4,3,2,0.681,5,1.332,1,1.47,0.6864,0.5305,0.5688,0.9145,0.2209,0.3932,0.8254,0.4549
380,8935,2,0,0,9,2.7,2023-03-27 18:00:00,45.820471,15.881803,4,1,2,0.044,0,1.007,0,3.73,0.9392,0.2394,0.4689,0.4578,0.1806,0.8453,0.3703,0.2906
381,4318,0,1,0,6,2.2,2023-05-06 20:00:00,45.82758,15.967192,0,6,2,0.093,1,0.958,0,2.87,0.7565,0.1743,0.4135,0.4171,0.5905,0.1676,0.4949,0.3304
382,6541,13,6,1,19,1.4,2023-04-05 09:00:00,45.803638,15.882252,4,3,0,0.675,13,0.615,2,3.35,0.6209,0.2926,0.3497,0.6609,0.2378,0.2109,0.9012,0.4494
383,8329,30,5,1,7,1.9,2023-06-23 19:00:00,45.863444,15.958376,1,5,2,0.314,2,1.068,0,3.15,0.193,0.5676,0.107,0.7043,0.2986,0.6045,0.4355,0.2517
384,8965,9,1,1,3,1.0,2024-05-12 09:00:00,45.822903,15.875647,4,0,0,0.473,1,0.99,0,1.81,0.7608,0.3056,0.2901,0.4255,0.5344,0.2573,0.5272,0.2676
385,7529,5,5,1,6,1.6,2024-11-25 18:00:00,45.817878,15.871177,4,1,2,0.137,1,0.149,0,3.62,0.267,0.4621,0.0,0.5875,0.3976,0.4739,0.3575,0.257
386,6189,13,6,0,16,1.8,2023-01-19 10:00:00,45.813987,15.973352,0,4,0,0.472,8,0.6,1,2.73,0.6263,0.3354,0.2097,0.6913,0.1381,0.2923,0.9196,0.5067
387,4613,11,3,1,19,1.0,2023-08-28 19:00:00,45.763126,15.978325,3,1,2,0.267,5,1.159,1,1.06,0.5674,0.4501,0.8625,0.6651,0.7337,0.1843,0.5213,0.8338
388,5265,4,6,1,15,1.3,2024-05-24 09:00:00,45.821094,15.979736,0,5,0,0.35,5,0.529,1,2.93,0.6937,0.2756,0.3753,0.6688,0.1907,0.2594,0.9087,0.4895
389,2756,13,6,1,19,0.7,2023-10-02 18:00:00,45.756024,15.983138,3,1,2,0.061,1,1.324,0,2.87,0.6934,0.3178,0.3201,0.6686,0.2312,0.1821,0.9414,0.4804
390,8618,13,6,0,25,1.4,2023-09-30 11:00:00,45.820958,15.99384,0,6,0,0.539,13,0.943,2,3.36,0.7029,0.3115,0.2789,0.7691,0.1661,0.2597,0.8875,0.4737
391,5839,3,2,1,40,1.2,2023-06-02 11:00:00,45.736253,15.980823,3,5,0,0.616,25,0.437,2,2.97,0.4279,0.9247,0.1275,0.6952,0.3648,0.205,0.3954,0.4856
392,5228,16,2,0,18,1.8,2024-04-18 11:00:00,45.852112,15.952781,1,4,0,0.642,12,0.456,2,2.76,0.4803,0.8604,0.1574,0.6062,0.4103,0.4008,0.3033,0.4928
393,7512,13,6,1,6,1.8,2024-06-01 19:00:00,45.799677,15.986578,0,6,2,0.238,1,0.887,0,1.97,0.6861,0.3773,0.3267,0.6113,0.2453,0.1438,0.9451,0.5523
394,1905,1,1,0,8,1.7,2023-07-07 19:00:00,45.803578,15.891063,4,5,2,0.198,2,0.141,0,2.79,0.8524,0.279,0.3271,0.4249,0.4922,0.1645,0.4366,0.2787
395,4479,14,5,2,4,2.6,2024-06-16 19:00:00,45.806893,15.874518,4,0,2,0.511,2,1.075,0,3.0,0.3394,0.4785,0.1057,0.6166,0.3949,0.5524,0.3976,0.2463
396,4600,0,1,0,5,1.8,2023-12-05 11:00:00,45.791519,16.033225,2,2,0,0.197,1,0.676,0,2.43,0.8521,0.3762,0.3298,0.3959,0.6519,0.1973,0.5795,0.3281
397,5161,19,4,0,18,1.9,2023-08-15 11:00:00,45.800358,15.967493,0,2,0,0.413,7,0.124,1,3.87,0.72,0.5238,0.6843,0.8915,0.2069,0.3869,0.7718,0.3493
398,1011,18,7,1,12,2.2,2024-07-25 11:00:00,45.76346,15.964955,3,4,0,0.225,3,0.543,1,3.51,0.4885,0.3358,0.6738,0.6257,0.8881,0.322,0.3884,0.623
399,1039,23,3,2,18,1.2,2024-05-02 20:00:00,45.752301,15.971246,3,4,2,0.521,9,0.817,2,1.88,0.5342,0.5487,0.9946,0.586,0.8085,0.3203,0.4614,0.7963
400,7450,4,6,0,14,1.1,2024-08-19 18:00:00,45.812858,15.983353,0,1,2,0.613,9,0.88,2,3.19,0.7461,0.3065,0.2573,0.6782,0.1653,0.156,0.9093,0.4629
401,5344,27,7,1,7,2.1,2023-11-30 11:00:00,45.803916,15.880459,4,4,0,0.262,2,0.836,0,3.41,0.5363,0.4404,0.5736,0.5176,0.9144,0.2863,0.4448,0.7284
402,8672,4,6,2,2,2.1,2024-10-26 09:00:00,45.801451,16.039934,2,6,0,0.214,0,1.196,0,2.92,0.6649,0.3174,0.3215,0.7402,0.219,0.2383,0.8319,0.4891
403,1182,4,6,2,6,1.7,2023-03-12 19:00:00,45.846791,15.963216,1,0,2,0.314,2,1.318,0,1.69,0.6504,0.3219,0.2476,0.5933,0.2186,0.1576,0.8394,0.4145
404,8711,2,0,2,18,1.1,2023-07-07 10:00:00,45.804618,15.894997,4,5,0,0.237,4,0.946,1,3.1,0.9019,0.2626,0.4662,0.3816,0.1758,0.7953,0.3767,0.2266
405,328,2,0,1,19,1.4,2024-10-25 10:00:00,45.85261,15.951693,1,5,0,0.347,7,0.658,1,3.16,0.8415,0.2256,0.5236,0.472,0.2022,1.0,0.5029,0.2806
406,3183,11,3,0,11,0.5,2024-03-09 19:00:00,45.761037,15.973102,3,6,2,0.301,3,1.189,1,3.63,0.4564,0.5044,0.8981,0.6042,0.7821,0.2054,0.5377,0.7984
407,4291,14,5,1,7,2.7,2024-08-23 18:00:00,45.801703,16.060399,2,5,2,0.207,1,1.211,0,3.32,0.245,0.4978,0.0842,0.5982,0.3021,0.527,0.4002,0.2696
408,3859,9,1,2,4,1.8,2023-02-05 18:00:00,45.85803,15.954764,1,0,2,0.333,1,0.731,0,3.36,0.7919,0.3009,0.2536,0.3864,0.5659,0.2459,0.4991,0.2619
409,2829,26,7,0,6,2.0,2024-05-06 19:00:00,45.745882,15.961131,3,1,2,0.065,0,0.346,0,3.65,0.519,0.4055,0.6593,0.3991,0.8439,0.3097,0.4667,0.6912
410,7515,16,2,2,7,1.0,2023-08-15 20:00:00,45.762303,15.973851,3,2,2,0.364,3,0.931,1,2.43,0.3963,0.9002,0.2052,0.6716,0.2783,0.3439,0.257,0.5172
411,8068,4,6,2,7,0.9,2024-11-01 09:00:00,45.802193,16.04946,2,5,0,0.531,4,0.899,1,2.22,0.6596,0.2823,0.2896,0.6839,0.2033,0.1865,0.8948,0.6061
412,3167,28,0,0,10,2.0,2024-01-10 19:00:00,45.756571,15.980498,3,3,2,0.384,4,0.916,1,3.71,0.868,0.3607,0.5545,0.525,0.1208,0.8792,0.3089,0.33
413,7127,14,5,2,6,0.5,2024-11-18 20:00:00,45.87929,15.953031,1,1,2,0.065,0,1.433,0,1.4,0.2207,0.4595,0.1864,0.5698,0.3329,0.5257,0.4283,0.2453
414,1628,3,2,0,2,2.1,2024-10-07 20:00:00,45.800402,15.984115,0,1,2,0.032,0,0.693,0,1.05,0.3484,0.9117,0.2336,0.6511,0.3348,0.3304,0.3689,0.5375
415,7578,0,1,1,12,1.4,2023-11-05 20:00:00,45.751735,15.972642,3,0,2,0.448,5,0.829,1,3.3,0.8142,0.2743,0.2335,0.3822,0.6151,0.2483,0.4243,0.2834
416,6703,8,0,2,12,1.8,2023-01-19 09:00:00,45.819713,15.982182,0,4,0,0.113,1,0.498,0,3.71,0.9883,0.2815,0.5323,0.4937,0.1723,0.9144,0.4263,0.3333
417,4687,29,1,2,13,2.2,2023-05-17 18:00:00,45.743427,15.979503,3,3,2,0.493,6,0.636,1,1.9,0.7868,0.2063,0.2941,0.3417,0.6075,0.2493,0.447,0.2902
418,2000,4,6,2,19,1.8,2024-10-11 18:00:00,45.749049,15.977338,3,5,2,0.66,13,0.375,2,2.21,0.6971,0.313,0.2873,0.8248,0.1219,0.163,0.8707,0.5324
419,6652,15,0,1,16,1.5,2024-08-15 20:00:00,45.807664,15.891171,4,4,2,0.361,6,0.514,1,2.62,0.9033,0.2199,0.5064,0.5116,0.1823,0.8714,0.3843,0.1491
420,3820,8,0,0,6,1.4,2023-02-02 19:00:00,45.819327,15.901585,4,4,2,0.655,4,0.916,1,2.1,0.8731,0.2747,0.4357,0.4384,0.2049,0.9051,0.3837,0.3029
421,4903,9,1,3,8,2.3,2023-06-08 10:00:00,45.791874,16.039923,2,4,0,0.53,4,0.555,1,3.01,0.7837,0.3058,0.3439,0.3498,0.6065,0.2217,0.5201,0.2681
422,5080,24,3,2,16,2.5,2024-07-27 18:00:00,45.761213,15.979668,3,6,2,0.164,3,1.07,1,1.46,0.528,0.5447,0.8626,0.5848,0.8203,0.2156,0.4926,0.8132
423,6583,15,0,1,10,1.6,2023-11-16 19:00:00,45.794123,15.885026,4,4,2,0.116,1,1.474,0,1.91,0.9006,0.3311,0.5465,0.5126,0.286,0.9097,0.3753,0.2964
424,7363,2,0,0,7,0.9,2024-11-22 20:00:00,45.818554,15.977736,0,5,2,0.251,2,0.477,0,2.66,0.8864,0.3817,0.488,0.5921,0.2124,0.9047,0.3126,0.2878
425,5089,29,1,1,8,1.1,2024-09-30 19:00:00,45.814546,15.971075,0,1,2,0.313,3,0.964,1,2.16,0.7234,0.2843,0.2716,0.3143,0.6582,0.2909,0.4179,0.3271
426,2389,8,0,0,15,2.2,2024-05-24 20:00:00,45.822245,15.985525,0,5,2,0.229,3,0.485,1,3.08,0.8954,0.2939,0.5852,0.497,0.2367,0.9021,0.3683,0.2715
427,3277,17,0,0,12,1.5,2024-05-18 18:00:00,45.798358,16.0399,2,6,2,0.242,3,0.545,1,2.41,0.9324,0.2731,0.4758,0.5046,0.1457,0.9298,0.5053,0.3225
428,3547,15,0,0,9,1.7,2024-09-25 11:00:00,45.750297,15.977127,3,3,0,0.633,6,0.955,1,2.14,0.8893,0.2992,0.4703,0.5716,0.1653,0.9002,0.4326,0.3523
429,6205,15,0,0,8,1.4,2023-08-24 09:00:00,45.748931,15.97223,3,4,0,0.208,2,1.107,0,3.32,0.9137,0.2951,0.4757,0.4996,0.1964,0.9845,0.39,0.2853
430,8565,19,4,1,27,1.2,2023-01-12 19:00:00,45.861951,15.960862,1,4,2,0.061,2,0.805,0,2.07,0.8086,0.5637,0.7029,0.9699,0.1796,0.3938,0.8282,0.421
431,8756,12,0,1,8,1.2,2023-08-26 10:00:00,45.844212,15.956178,1,6,0,0.574,5,0.937,1,3.44,0.8388,0.3031,0.5691,0.503,0.1247,0.9213,0.2754,0.344
432,5394,0,1,1,3,0.6,2024-07-02 11:00:00,45.802536,15.974484,0,2,0,0.188,1,0.31,0,3.63,0.7739,0.3858,0.2718,0.381,0.6712,0.1908,0.5084,0.2138
433,2755,2,0,2,12,1.2,2023-01-21 09:00:00,45.865565,15.947961,1,6,0,0.834,10,0.933,2,2.52,0.9273,0.2672,0.5943,0.5326,0.2246,0.8597,0.4983,0.2834
434,8915,30,5,1,10,1.1,2024-09-14 10:00:00,45.853284,15.956251,1,6,0,0.226,2,0.845,0,3.21,0.2933,0.4894,0.1493,0.5209,0.2765,0.553,0.3408,0.3165
435,363,21,0,0,8,1.2,2023-03-15 09:00:00,45.808786,16.048895,2,3,0,0.286,2,1.114,0,3.44,0.8831,0.3268,0.4811,0.5289,0.1731,0.8935,0.3297,0.2345
436,6916,10,4,1,6,1.4,2023-04-14 20:00:00,45.807109,15.89086,4,5,2,0.142,1,1.141,0,2.51,0.8031,0.6084,0.779,0.9055,0.2552,0.3712,0.7751,0.4048
437,922,30,5,1,9,1.4,2024-06-04 19:00:00,45.799546,16.041085,2,2,2,0.623,6,1.132,1,2.76,0.2269,0.4977,0.0816,0.5983,0.2709,0.6934,0.3829,0.3603
438,5713,1,1,0,6,1.3,2024-04-11 11:00:00,45.822263,15.979837,0,4,0,0.183,1,0.825,0,0.9,0.854,0.2892,0.2646,0.4538,0.5908,0.1608,0.5282,0.2748
439,4869,8,0,1,9,1.1,2023-05-29 18:00:00,45.810513,15.995636,0,1,2,0.829,7,0.489,1,3.73,0.8653,0.3022,0.5549,0.4495,0.1686,0.9449,0.3871,0.3433
440,2334,30,5,1,7,0.8,2024-04-06 19:00:00,45.795946,15.958022,0,6,2,0.841,6,0.668,1,2.98,0.3334,0.4526,0.1266,0.5757,0.3097,0.6164,0.3268,0.3973
441,3582,9,1,1,3,1.1,2023-07-22 10:00:00,45.79813,15.894037,4,6,0,0.711,2,0.951,0,3.51,0.7469,0.264,0.3445,0.3891,0.6401,0.2135,0.464,0.2845
442,321,4,6,1,2,2.2,2023-01-13 18:00:00,45.798178,16.048682,2,5,2,0.492,1,1.317,0,2.17,0.603,0.3052,0.1809,0.7176,0.2428,0.1606,0.8524,0.4637
443,1363,23,3,1,22,2.0,2023-03-30 19:00:00,45.804069,15.90051,4,4,2,0.326,7,1.4,1,3.11,0.4478,0.5559,0.9399,0.5446,0.753,0.2012,0.4989,0.8156
444,4209,27,7,0,4,1.4,2024-09-17 11:00:00,45.805156,15.896591,4,2,0,0.238,1,0.286,0,3.33,0.5104,0.4582,0.5702,0.4296,0.9171,0.3012,0.479,0.7279
445,5608,2,0,0,15,2.2,2023-07-31 18:00:00,45.850802,15.949017,1,1,2,0.216,3,0.582,1,2.35,0.826,0.2938,0.4644,0.4411,0.153,0.8517,0.3973,0.3691
446,1898,0,1,0,9,2.2,2024-10-10 18:00:00,45.790547,16.042129,2,4,2,0.517,5,0.982,1,3.38,0.8279,0.3075,0.2675,0.4327,0.6246,0.2043,0.3818,0.256
447,6071,14,5,2,4,1.6,2024-09-08 18:00:00,45.822979,15.975625,0,0,2,0.066,0,0.983,0,3.59,0.2216,0.4317,0.057,0.5943,0.3091,0.5794,0.4776,0.3324
448,7585,22,7,1,4,1.6,2023-11-28 19:00:00,45.82,16.041798,2,2,2,0.244,1,0.806,0,2.28,0.4616,0.3415,0.4302,0.4303,0.9516,0.2901,0.4748,0.6768
449,6114,17,0,0,8,1.6,2024-01-15 09:00:00,45.846783,15.956147,1,1,0,0.282,2,1.387,0,2.19,0.9247,0.3071,0.486,0.5075,0.2616,0.915,0.3803,0.2774
450,5318,15,0,1,7,1.3,2023-08-23 20:00:00,45.808783,15.908876,4,3,2,0.361,3,0.022,1,3.59,0.914,0.2533,0.5434,0.5317,0.1594,0.9188,0.3576,0.2346
451,3038,6,2,0,10,1.8,2023-09-07 11:00:00,45.80718,15.978315,0,4,0,0.131,1,0.451,0,3.3,0.3242,0.8472,0.1801,0.7422,0.2734,0.3056,0.2728,0.5668
452,429,13,6,0,17,2.2,2023-05-04 10:00:00,45.765276,15.977114,3,4,0,0.372,6,1.454,1,1.15,0.6608,0.2204,0.3265,0.6634,0.2621,0.2341,0.8926,0.4964
453,2347,21,0,1,9,1.9,2024-04-23 09:00:00,45.808797,15.874305,4,2,0,0.472,4,1.059,1,2.52,0.8716,0.3645,0.5288,0.5743,0.1671,0.9488,0.3854,0.3098
454,8650,0,1,0,9,1.4,2024-08-27 09:00:00,45.779264,16.044122,2,2,0,0.326,3,0.511,1,2.78,0.811,0.2757,0.2936,0.4064,0.6285,0.2476,0.4191,0.2506
455,1804,4,6,0,12,2.6,2024-04-02 20:00:00,45.781342,16.03421,2,2,2,0.538,6,0.448,1,3.4,0.5783,0.2606,0.3015,0.7057,0.1478,0.2248,1.0,0.4835
456,3360,4,6,0,12,1.1,2023-01-02 20:00:00,45.845499,15.945012,1,1,2,0.621,7,0.86,1,2.85,0.6834,0.2897,0.268,0.765,0.2208,0.2083,0.8695,0.5089
457,2679,9,1,1,16,0.8,2023-05-28 20:00:00,45.859545,15.958604,1,0,2,0.753,12,1.249,2,2.86,0.8739,0.3152,0.3044,0.4844,0.6218,0.1659,0.5532,0.3408
458,6899,13,6,1,5,1.6,2024-12-19 19:00:00,45.823539,15.881314,4,4,2,0.747,4,0.77,1,3.61,0.662,0.2722,0.2907,0.7103,0.2377,0.255,0.9073,0.5459
459,5238,14,5,0,16,1.5,2023-06-30 18:00:00,45.80914,15.958993,0,5,2,0.146,2,0.541,0,3.46,0.3572,0.5139,0.0585,0.5388,0.235,0.6285,0.362,0.2247
460,4864,16,2,0,5,2.2,2024-01-06 11:00:00,45.807348,15.970784,0,6,0,0.196,1,0.661,0,3.01,0.4205,0.9759,0.2302,0.7664,0.2512,0.3213,0.2933,0.482
461,7358,11,3,1,6,1.4,2024-04-11 18:00:00,45.80248,15.981699,0,4,2,0.254,2,0.665,0,1.8,0.4329,0.4376,0.8207,0.6723,0.8437,0.1942,0.4631,0.7449
462,8394,12,0,1,8,1.4,2023-03-16 09:00:00,45.756494,15.994205,3,4,0,0.768,6,0.464,1,3.46,0.9195,0.2703,0.4768,0.4643,0.2276,0.9073,0.4018,0.1899
463,6910,14,5,2,6,1.9,2024-07-12 19:00:00,45.830999,15.982487,0,5,2,0.584,4,0.084,1,3.64,0.3376,0.4341,0.1689,0.5496,0.44,0.6258,0.467,0.3687
464,5149,1,1,3,7,2.3,2023-10-11 18:00:00,45.817691,15.989616,0,3,2,0.299,2,1.456,0,1.87,0.8179,0.3298,0.3195,0.4537,0.5472,0.0997,0.5045,0.2246
465,6149,25,3,1,4,1.0,2023-06-18 19:00:00,45.808529,15.986009,0,0,2,0.617,2,1.341,0,1.58,0.5179,0.5518,0.9326,0.58,0.718,0.1023,0.5449,0.7745
466,3262,3,2,2,6,1.9,2024-10-03 18:00:00,45.786236,16.055519,2,4,2,0.183,1,0.352,0,2.97,0.4159,0.9792,0.252,0.7363,0.3375,0.2273,0.2372,0.6419
467,836,3,2,2,8,1.2,2023-06-06 10:00:00,45.797217,16.055239,2,2,0,0.32,3,0.928,1,3.52,0.385,1.0,0.2479,0.7791,0.4019,0.2537,0.358,0.5098
468,2882,3,2,0,7,1.2,2024-05-01 18:00:00,45.8134,15.890868,4,3,2,0.463,3,0.539,1,3.0,0.4258,0.902,0.3305,0.7451,0.2697,0.276,0.2809,0.538
469,8231,2,0,2,12,1.9,2023-02-18 18:00:00,45.821449,15.973803,0,6,2,0.33,4,1.117,1,1.7,0.9162,0.2988,0.3765,0.4508,0.1807,0.8422,0.3991,0.3139
470,4059,3,2,0,8,1.4,2023-05-29 18:00:00,45.857167,15.954461,1,1,2,0.607,5,0.777,1,1.78,0.3355,0.8968,0.2214,0.7086,0.2572,0.3036,0.2989,0.4734
471,5715,8,0,0,2,1.2,2024-02-28 20:00:00,45.866125,15.971111,1,3,2,0.652,1,0.705,0,1.92,0.8418,0.2678,0.449,0.5458,0.0876,0.7695,0.3872,0.3204
472,5824,2,0,0,8,1.4,2023-08-24 11:00:00,45.789666,16.050421,2,4,0,0.405,3,0.969,1,3.2,0.9407,0.222,0.5228,0.4385,0.1875,0.9056,0.3868,0.238
473,373,15,0,1,4,1.7,2024-06-29 09:00:00,45.855461,15.955201,1,6,0,0.253,1,0.904,0,3.6,0.9423,0.2203,0.4294,0.5791,0.172,0.9472,0.3229,0.318
474,4926,6,2,0,7,1.1,2023-02-27 19:00:00,45.847275,15.95604,1,1,2,0.76,5,1.155,1,3.73,0.3958,0.8878,0.2169,0.6276,0.3904,0.211,0.3192,0.5404
475,8395,9,1,1,4,2.0,2023-03-07 19:00:00,45.845232,15.959554,1,2,2,0.383,2,0.691,0,2.87,0.84,0.2681,0.3245,0.493,0.7015,0.1661,0.501,0.3375
476,2346,25,3,1,19,1.6,2024-03-03 18:00:00,45.759996,15.980768,3,0,2,0.553,11,0.301,2,2.49,0.5086,0.5143,0.8505,0.6321,0.805,0.1824,0.4822,0.6957
477,4844,3,2,0,10,1.8,2024-11-18 09:00:00,45.84452,15.939289,1,1,0,0.379,4,0.667,1,2.14,0.4281,0.7726,0.2378,0.6771,0.2407,0.3128,0.2584,0.5014
478,8730,26,7,2,15,2.5,2024-07-18 11:00:00,45.764301,15.979724,3,4,0,0.644,10,0.575,2,1.66,0.536,0.3695,0.5983,0.4962,0.9582,0.2801,0.4319,0.7248
479,2566,2,0,1,25,1.2,2023-06-06 19:00:00,45.804569,16.043086,2,2,2,0.638,16,0.637,2,3.35,0.9115,0.2575,0.5308,0.488,0.2385,0.9364,0.49,0.24
480,2838,10,4,0,35,1.2,2024-10-19 20:00:00,45.786745,16.047651,2,6,2,0.419,15,0.475,2,2.69,0.7945,0.6472,0.6696,0.9237,0.2643,0.3862,0.8036,0.3282
481,30,2,0,3,7,2.7,2024-01-21 19:00:00,45.834291,15.970698,0,0,2,0.266,2,0.689,0,3.22,0.959,0.212,0.4869,0.5147,0.2112,0.8673,0.3861,0.3192
482,8893,29,1,0,12,0.9,2023-07-27 11:00:00,45.75174,15.971464,3,4,0,0.221,3,0.843,1,2.1,0.7525,0.2188,0.3184,0.4308,0.5841,0.1625,0.5139,0.3021
483,1354,29,1,0,6,1.2,2024-12-11 20:00:00,45.798792,16.057642,2,3,2,0.646,4,1.157,1,3.43,0.8028,0.2648,0.2373,0.4116,0.5963,0.1393,0.4226,0.2857
484,7345,22,7,0,8,1.8,2024-06-13 19:00:00,45.79673,16.044637,2,4,2,0.562,4,0.595,1,3.66,0.4486,0.4276,0.5002,0.5713,0.8878,0.2408,0.4406,0.6945
485,1750,10,4,2,5,1.2,2024-07-17 10:00:00,45.811761,15.983945,0,3,0,0.443,2,1.306,0,3.08,0.7607,0.6328,0.7053,0.8301,0.1686,0.4014,0.8162,0.3872
486,8693,10,4,1,15,1.8,2024-05-26 10:00:00,45.818157,15.984053,0,0,0,0.466,7,0.223,1,1.63,0.8395,0.5227,0.6628,0.9605,0.275,0.4248,0.7997,0.4381
487,2204,15,0,1,14,2.0,2023-04-12 20:00:00,45.846111,15.946132,1,3,2,0.527,7,0.386,1,3.21,0.926,0.3713,0.4345,0.4688,0.0972,0.8538,0.3811,0.3155
488,3407,11,3,1,7,1.3,2024-09-15 18:00:00,45.750115,15.981349,3,0,2,0.185,1,0.453,0,1.53,0.4587,0.4434,0.9392,0.7438,0.8267,0.205,0.4685,0.9073
489,8292,11,3,1,7,1.0,2024-03-27 18:00:00,45.855631,15.951402,1,3,2,0.284,2,0.176,0,2.67,0.5149,0.5307,0.8268,0.6309,0.7182,0.2389,0.4952,0.8007
490,7293,29,1,0,12,1.6,2024-02-07 19:00:00,45.815039,15.887406,4,3,2,0.05,1,0.606,0,2.62,0.8521,0.3311,0.2771,0.3659,0.6641,0.3163,0.4955,0.3088
491,2164,2,0,0,6,1.4,2023-07-21 18:00:00,45.760597,15.9724,3,5,2,0.139,1,1.045,0,2.11,0.921,0.2944,0.5731,0.5034,0.24,0.9389,0.4128,0.3011
492,8833,27,7,1,11,1.3,2024-07-20 19:00:00,45.811671,15.884376,4,6,2,0.351,4,0.957,1,2.13,0.4552,0.3823,0.5607,0.4772,0.9576,0.3436,0.4167,0.6766
493,3704,1,1,1,4,1.5,2024-01-09 19:00:00,45.79587,16.000599,0,2,2,0.435,2,0.85,0,3.15,0.7973,0.3684,0.2993,0.3547,0.5614,0.3213,0.5103,0.3423
494,900,2,0,2,5,1.3,2023-04-16 11:00:00,45.810732,15.863904,4,0,0,0.157,1,0.023,0,3.4,0.8975,0.2551,0.4395,0.5402,0.2365,0.9133,0.3943,0.3167
495,4367,1,1,0,12,1.9,2024-01-28 19:00:00,45.808477,15.978309,0,0,2,0.288,3,1.019,1,2.91,0.7805,0.2961,0.3673,0.4112,0.6151,0.2159,0.4171,0.3085
496,5693,2,0,0,13,1.4,2024-09-20 11:00:00,45.862494,15.949645,1,5,0,0.536,7,0.612,1,3.09,0.8974,0.331,0.4658,0.5491,0.1734,0.9022,0.4414,0.3418
497,4363,15,0,1,9,2.0,2024-04-05 10:00:00,45.792361,15.96809,0,5,0,0.377,3,0.461,1,2.9,0.9502,0.3323,0.5012,0.4816,0.2047,0.8566,0.3581,0.3043
498,758,1,1,0,5,1.4,2023-02-22 19:00:00,45.800655,15.97645,0,3,2,0.329,2,0.42,0,3.28,0.6852,0.2315,0.2894,0.4664,0.5584,0.204,0.5482,0.3338
499,8908,27,7,2,7,1.8,2024-06-06 18:00:00,45.802247,15.89089,4,4,2,0.474,3,0.493,1,2.8,0.4833,0.4275,0.554,0.3972,0.959,0.2714,0.4844,0.6337
500,6867,1,1,2,3,1.7,2024-02-19 20:00:00,45.828784,15.980502,0,1,2,0.423,1,0.112,0,1.57,0.7497,0.2766,0.2715,0.399,0.5536,0.199,0.5962,0.3134
501,5591,27,7,1,8,0.9,2024-12-10 10:00:00,45.764104,15.963704,3,2,0,0.48,4,0.842,1,3.55,0.5131,0.4212,0.5604,0.5027,0.8596,0.3796,0.3632,0.7022
502,8073,1,1,2,6,1.5,2023-11-03 19:00:00,45.745892,15.969345,3,5,2,0.262,2,0.656,0,1.34,0.8382,0.3169,0.2799,0.398,0.6331,0.2339,0.4555,0.3091
503,3872,15,0,1,5,2.0,2023-08-14 18:00:00,45.782662,16.042033,2,1,2,0.466,2,0.097,0,2.33,0.9679,0.2156,0.5697,0.5603,0.1887,0.9549,0.3748,0.2234
504,6758,6,2,0,6,1.0,2023-10-29 09:00:00,45.821426,15.979339,0,0,0,0.538,3,0.584,1,1.96,0.469,0.9578,0.2504,0.7113,0.3324,0.2949,0.2683,0.5026
505,3997,29,1,0,6,1.4,2023-03-22 18:00:00,45.856308,15.935254,1,3,2,0.38,2,1.371,0,2.56,0.7113,0.2586,0.4033,0.3718,0.6374,0.1922,0.4802,0.316
506,6540,30,5,0,4,1.7,2023-01-05 09:00:00,45.812848,15.993192,0,4,0,0.351,1,1.362,0,2.34,0.3258,0.4125,0.1205,0.6315,0.2865,0.5826,0.4192,0.3556
507,722,13,6,2,6,1.2,2024-07-24 18:00:00,45.758422,15.970703,3,3,2,0.132,1,0.384,0,2.77,0.7416,0.3383,0.2231,0.6907,0.1239,0.2282,0.9945,0.4627
508,5563,16,2,1,7,1.7,2024-01-01 09:00:00,45.819546,15.885674,4,1,0,0.13,1,0.464,0,1.09,0.3736,0.776,0.2316,0.7504,0.2172,0.3092,0.387,0.4355
509,5216,9,1,1,10,1.1,2024-05-19 18:00:00,45.84621,15.953467,1,0,2,0.019,0,1.083,0,3.51,0.8779,0.2551,0.2163,0.3444,0.6518,0.212,0.4911,0.3534
510,3429,10,4,1,3,0.8,2024-10-24 18:00:00,45.819083,15.885505,4,4,2,0.208,1,1.074,0,3.23,0.8335,0.6193,0.6673,0.9782,0.1745,0.3775,0.7805,0.3499
511,3322,0,1,1,11,1.9,2023-08-01 10:00:00,45.851973,15.945294,1,2,0,0.336,4,0.756,1,3.01,0.7781,0.2767,0.2916,0.4362,0.5793,0.2023,0.4884,0.3505
512,193,2,0,3,6,2.2,2024-07-30 19:00:00,45.74777,15.977982,3,2,2,0.283,2,0.716,0,3.37,0.8457,0.2627,0.4017,0.4996,0.1651,0.9189,0.3904,0.2823
513,7609,2,0,0,7,1.8,2024-10-03 11:00:00,45.863325,15.94907,1,4,0,0.467,3,1.353,1,3.36,0.8937,0.2904,0.3634,0.4923,0.1035,0.9568,0.3137,0.2887
514,4765,11,3,0,10,1.8,2023-12-08 19:00:00,45.788937,16.035936,2,5,2,0.121,1,1.066,0,3.04,0.4765,0.4789,0.8893,0.6426,0.9049,0.2004,0.471,0.7314
515,5992,5,5,1,5,1.8,2024-01-20 10:00:00,45.74631,15.964519,3,6,0,0.291,1,0.907,0,3.16,0.3632,0.4414,0.1015,0.7077,0.2949,0.5606,0.384,0.3094
516,3443,20,5,2,6,1.3,2023-01-17 20:00:00,45.843373,15.946595,1,2,2,0.452,3,1.387,1,2.17,0.2954,0.5487,0.125,0.5898,0.2789,0.6454,0.4411,0.1665
517,5339,3,2,1,7,2.1,2023-12-29 19:00:00,45.752266,15.968467,3,5,2,0.358,3,0.045,1,2.09,0.4405,0.9043,0.1737,0.6594,0.2231,0.354,0.2591,0.4928
518,6556,9,1,3,7,1.8,2023-04-12 20:00:00,45.760739,15.983121,3,3,2,0.567,4,0.41,1,2.55,0.7419,0.3871,0.3311,0.4899,0.5898,0.1464,0.451,0.2982
519,7611,2,0,0,15,0.9,2024-08-21 19:00:00,45.849391,15.943495,1,3,2,0.045,1,0.709,0,2.56,0.9575,0.2636,0.5636,0.5444,0.3151,1.0,0.4995,0.1734
520,5735,3,2,1,9,1.4,2024-07-09 20:00:00,45.813773,15.963873,0,2,2,0.08,1,1.371,0,2.58,0.3472,0.8854,0.2075,0.6793,0.3346,0.3319,0.3598,0.5335
521,404,17,0,0,5,2.4,2023-04-19 18:00:00,45.747559,15.976273,3,3,2,0.256,1,0.533,0,3.31,0.8406,0.3375,0.4791,0.5139,0.2158,0.9108,0.3962,0.2056
522,989,2,0,0,5,1.3,2023-08-03 19:00:00,45.84481,15.943824,1,4,2,0.251,1,0.26,0,1.83,0.9502,0.2718,0.5137,0.5097,0.1902,0.8741,0.451,0.3002
523,7913,2,0,2,6,0.8,2023-02-10 09:00:00,45.809897,16.045211,2,5,0,0.293,2,1.17,0,3.62,1.0,0.2777,0.4232,0.5331,0.2636,0.8454,0.4585,0.3004
524,7899,1,1,0,3,1.7,2024-11-08 11:00:00,45.786729,16.04864,2,5,0,0.767,2,0.443,0,2.68,0.8048,0.2926,0.3248,0.3956,0.6712,0.1508,0.49,0.3067
525,2189,4,6,1,10,1.6,2023-07-16 19:00:00,45.81694,16.063753,2,0,2,0.531,5,0.787,1,3.18,0.6364,0.308,0.3025,0.5848,0.2162,0.2271,0.9527,0.507
526,1427,3,2,0,9,1.6,2024-11-01 20:00:00,45.802744,16.043247,2,5,2,0.385,3,1.229,1,3.19,0.3996,0.8964,0.2894,0.6906,0.2613,0.2985,0.2768,0.5066
527,2015,27,7,2,10,1.0,2023-03-20 18:00:00,45.807333,15.999318,0,1,2,0.695,7,0.139,1,0.68,0.5354,0.4733,0.6325,0.5337,0.9551,0.3153,0.3806,0.7537
528,8825,1,1,2,11,1.8,2023-06-25 11:00:00,45.851418,15.940966,1,0,0,0.535,6,0.596,1,3.34,0.9574,0.3113,0.3412,0.3668,0.6097,0.154,0.4594,0.2683
529,4883,0,1,1,8,0.9,2023-10-04 10:00:00,45.748808,15.970415,3,3,0,0.159,1,0.576,0,2.3,0.727,0.3701,0.222,0.4568,0.4905,0.1457,0.4615,0.2733
530,4169,3,2,0,12,1.8,2024-08-29 09:00:00,45.743441,15.977554,3,4,0,0.507,6,1.117,1,3.11,0.3433,0.8373,0.2029,0.7777,0.3024,0.3311,0.3461,0.4736
531,8868,29,1,1,17,0.5,2023-12-29 19:00:00,45.759921,15.957933,3,5,2,0.142,2,0.888,0,3.55,0.8482,0.2479,0.2804,0.3532,0.6206,0.1725,0.4928,0.3061
532,6462,11,3,2,10,1.8,2024-08-28 18:00:00,45.862284,15.942851,1,3,2,0.598,6,0.486,1,2.72,0.4631,0.5185,0.9676,0.5956,0.87,0.128,0.5101,0.8305
533,7629,8,0,0,7,2.1,2023-09-11 18:00:00,45.802207,15.975038,0,1,2,0.519,4,0.762,1,2.5,0.8802,0.2861,0.5317,0.4469,0.1859,0.8951,0.4563,0.3043
534,8697,4,6,2,12,1.0,2023-05-15 19:00:00,45.744223,15.959922,3,1,2,0.712,9,1.021,2,3.48,0.6353,0.3066,0.3163,0.7292,0.2197,0.2276,0.9872,0.5113
535,6947,28,0,2,3,2.1,2024-05-16 20:00:00,45.724438,15.977286,3,4,2,0.682,2,0.09,0,2.78,0.9433,0.3489,0.4982,0.4632,0.1765,0.9157,0.4437,0.3591
536,5272,11,3,1,4,1.1,2024-10-19 11:00:00,45.810991,15.979573,0,6,0,0.488,2,1.384,0,2.33,0.5094,0.4848,0.8836,0.6514,0.7397,0.1756,0.5093,0.7595
537,90,29,1,2,15,1.5,2024-11-27 10:00:00,45.808898,15.979697,0,3,0,0.346,5,1.311,1,1.93,0.7324,0.3439,0.3365,0.4448,0.5786,0.1185,0.4559,0.2969
538,37,20,5,1,11,2.4,2023-12-28 19:00:00,45.746309,15.966541,3,4,2,0.561,6,1.156,1,2.97,0.3072,0.5295,0.0352,0.6011,0.342,0.5008,0.4051,0.232
539,7364,4,6,0,9,1.3,2023-02-06 09:00:00,45.855254,15.944123,1,1,0,0.093,1,1.321,0,3.17,0.7844,0.2715,0.3242,0.7111,0.0603,0.1241,0.9149,0.4954
540,6727,21,0,2,6,1.9,2024-11-05 09:00:00,45.815399,15.895689,4,2,0,0.339,2,1.108,0,2.18,0.8262,0.3736,0.4476,0.5211,0.2527,0.9756,0.4217,0.2437
541,8037,14,5,1,12,1.2,2024-02-24 20:00:00,45.756782,15.96932,3,6,2,0.487,6,0.787,1,2.42,0.2372,0.5737,0.1153,0.5772,0.3754,0.6045,0.4148,0.2563
542,2311,14,5,0,17,1.8,2023-11-09 20:00:00,45.812809,15.970068,0,4,2,0.411,7,0.87,1,2.73,0.2156,0.4726,0.2313,0.5888,0.3044,0.5563,0.4329,0.3589
543,4920,1,1,2,18,2.3,2024-06-18 20:00:00,45.812775,15.8757,4,2,2,0.585,11,0.203,2,3.6,0.7905,0.1796,0.3507,0.4077,0.503,0.145,0.553,0.2152
544,4009,9,1,1,7,1.7,2024-05-07 10:00:00,45.874285,15.95582,1,2,0,0.374,3,0.871,1,1.25,0.8369,0.3814,0.3792,0.4344,0.5382,0.2278,0.4988,0.305
545,3209,2,0,2,6,1.8,2024-03-08 20:00:00,45.796568,16.050206,2,5,2,0.217,1,0.382,0,2.24,0.9385,0.2883,0.4409,0.4637,0.06,0.8938,0.4291,0.3463
546,8958,2,0,0,8,2.0,2023-05-24 20:00:00,45.747173,15.972905,3,3,2,0.589,5,0.375,1,3.45,0.9556,0.2636,0.4241,0.5348,0.2184,0.838,0.4155,0.3197
547,4672,15,0,1,3,1.7,2024-05-26 18:00:00,45.813762,15.885163,4,0,2,0.058,0,0.614,0,3.13,0.8311,0.2694,0.5547,0.4809,0.1928,0.9437,0.4644,0.3741
548,5953,3,2,2,6,1.4,2024-01-29 09:00:00,45.797807,15.955707,0,1,0,0.394,2,0.55,0,1.09,0.3373,0.9444,0.2397,0.747,0.3903,0.2687,0.3099,0.4065
549,8406,8,0,1,29,2.4,2024-12-19 20:00:00,45.799131,16.042308,2,4,2,0.366,11,0.638,2,2.12,0.8612,0.252,0.4727,0.4851,0.2111,0.846,0.4516,0.3352
550,4494,9,1,0,13,0.5,2023-04-08 19:00:00,45.754035,15.981635,3,6,2,0.454,6,0.961,1,2.73,0.792,0.3786,0.251,0.4741,0.605,0.2393,0.4843,0.363
551,1700,5,5,0,13,1.2,2023-02-19 09:00:00,45.740005,15.974865,3,0,0,0.419,5,1.212,1,2.69,0.284,0.5236,0.1435,0.6378,0.3201,0.6071,0.422,0.2668
552,4841,30,5,0,5,1.0,2023-09-21 19:00:00,45.814331,15.892649,4,4,2,0.656,3,0.797,1,2.14,0.4024,0.5059,0.037,0.5162,0.3904,0.6678,0.4216,0.3378
553,8753,29,1,0,9,1.3,2023-10-03 11:00:00,45.812405,15.904859,4,2,0,0.038,0,0.484,0,3.63,0.7785,0.2309,0.291,0.3489,0.6688,0.1364,0.4728,0.2689
554,529,3,2,2,9,2.7,2024-03-05 11:00:00,45.749418,15.973315,3,2,0,0.404,4,0.734,1,2.55,0.3476,0.9448,0.0812,0.7701,0.2709,0.3023,0.3236,0.5073
555,3110,2,0,0,6,1.9,2023-10-08 19:00:00,45.808237,15.888897,4,0,2,0.392,2,1.152,0,3.4,0.9293,0.3841,0.4908,0.5123,0.2177,0.9319,0.3624,0.286
556,5981,13,6,0,6,2.0,2024-05-21 11:00:00,45.75152,15.965387,3,2,0,0.301,2,0.121,0,2.14,0.7054,0.2614,0.3053,0.6473,0.1998,0.2052,0.9346,0.4769
557,6409,28,0,0,5,1.5,2023-02-06 20:00:00,45.820913,15.88419,4,1,2,0.559,3,0.479,1,1.57,0.9011,0.3396,0.4092,0.4644,0.211,0.8468,0.4229,0.2448
558,5298,1,1,0,7,1.2,2023-07-22 18:00:00,45.798855,16.042705,2,6,2,0.168,1,1.057,0,2.76,0.8191,0.3431,0.2208,0.3765,0.6082,0.1849,0.5717,0.3594
559,6284,6,2,3,10,2.4,2024-02-24 11:00:00,45.79038,16.045855,2,6,0,0.474,5,0.633,1,3.24,0.4522,0.8742,0.1626,0.7855,0.3016,0.3029,0.332,0.5655
560,7451,25,3,1,4,2.0,2024-08-03 10:00:00,45.810589,15.974743,0,6,0,0.129,1,0.96,0,2.48,0.4858,0.5163,0.8276,0.6639,0.892,0.2726,0.4892,0.8723
561,8606,25,3,0,9,1.1,2023-10-27 10:00:00,45.808014,15.895483,4,5,0,0.494,4,0.83,1,2.86,0.4197,0.4833,0.9411,0.6287,0.8015,0.2041,0.5469,0.815
562,6815,2,0,0,5,1.0,2024-11-24 19:00:00,45.806035,15.981587,0,0,2,0.165,1,0.614,0,2.91,0.8894,0.4118,0.5015,0.4537,0.2023,0.8763,0.2713,0.2757
563,1073,19,4,1,5,1.4,2024-05-25 11:00:00,45.815021,15.988225,0,6,0,0.894,4,1.11,1,3.14,0.7888,0.5803,0.797,0.9105,0.2295,0.4072,0.8082,0.4727
564,2434,4,6,0,3,1.2,2023-05-16 18:00:00,45.854214,15.957429,1,2,2,0.135,0,0.672,0,3.6,0.6725,0.2847,0.2714,0.7971,0.1494,0.1471,0.9071,0.4657
565,4627,9,1,0,13,1.1,2023-06-26 18:00:00,45.757948,15.976005,3,1,2,0.171,2,0.408,0,3.62,0.7406,0.2453,0.2655,0.3412,0.6365,0.2502,0.4885,0.2195
566,4869,27,7,1,3,1.7,2024-09-21 19:00:00,45.820312,15.989498,0,6,2,0.249,1,0.602,0,2.85,0.5079,0.4549,0.6123,0.4413,0.887,0.3797,0.4263,0.7266
567,5348,30,5,1,16,1.3,2023-08-21 09:00:00,45.757199,15.971111,3,1,0,0.539,9,1.244,2,2.73,0.2892,0.5638,0.0214,0.5899,0.3207,0.6691,0.3489,0.2218
568,7536,2,0,1,3,0.8,2023-07-20 19:00:00,45.750667,15.983106,3,4,2,0.461,1,0.952,0,2.46,0.9058,0.3119,0.5278,0.4852,0.2991,0.9888,0.328,0.4103
569,8411,0,1,1,2,1.2,2023-01-05 18:00:00,45.809898,15.973911,0,4,2,0.216,0,0.898,0,2.05,0.6221,0.2991,0.3313,0.3691,0.5834,0.1361,0.4961,0.3818
570,2390,1,1,1,13,0.9,2024-07-10 11:00:00,45.810238,15.885862,4,3,0,0.438,6,0.378,1,3.19,0.853,0.2735,0.2812,0.3841,0.639,0.1956,0.5358,0.3494
571,178,2,0,0,9,1.2,2024-10-17 10:00:00,45.808961,16.039661,2,4,0,0.519,5,0.32,1,1.2,0.7913,0.1575,0.5003,0.5833,0.1957,0.8805,0.4566,0.3493
572,7954,12,0,1,7,1.2,2023-10-23 19:00:00,45.820941,15.98712,0,1,2,0.315,2,0.542,0,2.88,0.8892,0.3037,0.5814,0.5103,0.225,1.0,0.3223,0.236
573,90,25,3,1,6,1.9,2023-01-01 09:00:00,45.808912,15.881036,4,0,0,0.176,1,0.175,0,2.21,0.4259,0.4934,0.957,0.6425,0.8333,0.2486,0.5393,0.8456
574,2438,14,5,0,2,1.6,2023-08-26 10:00:00,45.811435,15.864176,4,6,0,0.727,1,1.011,0,2.98,0.2873,0.4672,0.0966,0.5806,0.2368,0.6792,0.4661,0.3213
575,7914,25,3,1,5,0.5,2023-09-11 11:00:00,45.849699,15.940779,1,1,0,0.522,3,1.334,1,2.4,0.4513,0.4587,0.9474,0.5579,0.82,0.2074,0.5052,0.7499
576,8661,2,0,0,7,1.5,2024-05-11 20:00:00,45.790469,16.032047,2,6,2,0.797,6,0.968,1,3.15,0.8212,0.2744,0.4885,0.5229,0.2318,0.86,0.3896,0.2686
577,4261,30,5,1,20,1.1,2023-01-11 20:00:00,45.803203,15.99373,0,3,2,0.191,4,0.667,1,3.07,0.286,0.5777,0.0949,0.5928,0.2609,0.5452,0.484,0.3068
578,3308,29,1,1,14,1.2,2024-03-23 18:00:00,45.870452,15.951394,1,6,2,0.173,2,0.745,0,3.64,0.8372,0.3864,0.3253,0.4784,0.5933,0.1813,0.5365,0.3083
579,2832,26,7,1,11,1.8,2023-01-06 20:00:00,45.780416,16.042246,2,5,2,0.158,2,1.241,0,1.3,0.5562,0.3881,0.6428,0.476,0.9139,0.291,0.4003,0.7464
580,277,9,1,2,18,1.4,2024-01-22 18:00:00,45.74606,15.970043,3,1,2,0.837,15,0.382,2,2.19,0.8153,0.3087,0.2659,0.4693,0.5577,0.1993,0.5162,0.3614
581,4927,9,1,1,6,1.9,2024-03-27 20:00:00,45.79621,16.041266,2,3,2,0.229,1,0.559,0,2.05,0.7371,0.2818,0.2227,0.4139,0.5343,0.1987,0.4444,0.3432
582,1291,2,0,1,5,1.4,2024-04-04 10:00:00,45.791988,16.046501,2,4,0,0.674,3,1.369,1,3.61,0.9798,0.2921,0.564,0.5639,0.2425,0.7902,0.2791,0.3248
583,7568,4,6,3,2,2.0,2024-07-22 19:00:00,45.757013,15.978313,3,1,2,0.282,1,0.714,0,1.29,0.7719,0.2475,0.267,0.6629,0.2294,0.1699,0.9485,0.478
584,4827,8,0,2,3,0.7,2023-03-04 09:00:00,45.856986,15.964891,1,6,0,0.417,1,1.284,0,2.83,0.9374,0.3784,0.5042,0.5247,0.2023,0.8937,0.5289,0.4464
585,4796,8,0,1,9,1.7,2024-12-04 18:00:00,45.860382,15.955629,1,3,2,0.425,4,1.243,1,2.93,0.9723,0.2693,0.4356,0.4676,0.1996,0.8435,0.4953,0.4035
586,1818,4,6,1,7,1.1,2023-03-04 20:00:00,45.765613,15.974989,3,6,2,0.4,3,1.262,1,1.94,0.7451,0.3321,0.3446,0.7031,0.1224,0.1771,0.7671,0.4627
587,5525,24,3,0,7,1.6,2023-03-24 11:00:00,45.810086,15.899126,4,5,0,0.34,2,1.101,0,3.1,0.4549,0.5018,0.9138,0.5698,0.8261,0.2992,0.4742,0.839
588,4224,14,5,1,4,1.5,2024-04-21 19:00:00,45.835234,15.973326,0,0,2,0.123,0,0.355,0,1.88,0.3055,0.4976,0.1524,0.6198,0.315,0.5888,0.446,0.3021
589,4225,24,3,0,11,0.8,2023-12-03 18:00:00,45.812696,15.891451,4,0,2,0.198,2,0.705,0,2.49,0.3852,0.4769,0.9349,0.5813,0.8657,0.2202,0.4755,0.8645
590,2705,19,4,2,21,1.6,2023-11-20 20:00:00,45.763166,15.975476,3,1,2,0.189,4,1.171,1,2.36,0.7649,0.5773,0.7049,0.9523,0.1874,0.3639,0.7653,0.3979
591,5881,23,3,0,4,1.2,2023-03-15 20:00:00,45.861696,15.942839,1,3,2,0.106,0,0.366,0,3.37,0.5826,0.47,0.9287,0.6197,0.8288,0.2079,0.5266,0.8011
592,973,2,0,3,8,1.4,2024-09-23 09:00:00,45.814036,15.974824,0,1,0,0.28,2,0.265,0,3.84,0.8526,0.2924,0.5865,0.5334,0.3154,0.8712,0.4259,0.2702
593,511,4,6,2,5,2.2,2023-03-12 18:00:00,45.759562,15.975501,3,0,2,0.611,3,0.222,1,1.24,0.7535,0.2183,0.3474,0.6755,0.2146,0.2359,0.9319,0.539
594,5475,18,7,2,6,1.5,2023-08-16 11:00:00,45.804662,15.89695,4,3,0,0.596,4,0.916,1,2.85,0.4412,0.4197,0.5635,0.6065,0.9763,0.3207,0.3619,0.6979
595,6674,1,1,1,6,0.5,2023-12-13 20:00:00,45.794358,16.03314,2,3,2,0.338,2,0.817,0,2.84,0.8287,0.369,0.3269,0.4291,0.5302,0.1749,0.5571,0.2907
596,4408,29,1,2,7,1.2,2023-11-01 19:00:00,45.796348,15.983683,0,3,2,0.804,6,0.862,1,2.09,0.8594,0.312,0.2854,0.4929,0.582,0.2897,0.5673,0.3203
597,807,30,5,1,10,1.4,2024-12-25 19:00:00,45.80158,15.882982,4,3,2,0.407,4,0.457,1,2.21,0.3467,0.5422,0.1809,0.5391,0.2909,0.5903,0.3387,0.3385
598,4799,0,1,0,14,2.1,2024-01-03 19:00:00,45.850761,15.966972,1,3,2,0.725,10,1.184,2,1.5,0.834,0.3106,0.3321,0.3783,0.7595,0.182,0.48,0.3523
599,539,26,7,2,10,1.3,2023-01-11 10:00:00,45.841001,15.948573,1,3,0,0.153,2,0.993,0,1.35,0.4529,0.4005,0.6532,0.4189,0.9777,0.3207,0.4659,0.7919
600,7608,5,5,1,8,0.8,2024-08-31 19:00:00,45.805143,15.950902,0,6,2,0.353,3,0.365,1,3.58,0.2713,0.5094,0.1355,0.489,0.3483,0.5528,0.4324,0.3127
601,1874,14,5,2,6,1.0,2024-03-26 20:00:00,45.856065,15.961764,1,2,2,0.553,3,0.403,1,3.24,0.3054,0.4344,0.0155,0.6431,0.3098,0.6735,0.4143,0.2852
602,2985,29,1,2,8,2.1,2024-10-01 09:00:00,45.824017,15.880452,4,2,0,0.473,4,0.899,1,2.69,0.8352,0.3162,0.349,0.4147,0.5669,0.254,0.4702,0.2924
603,2541,30,5,0,7,1.5,2023-01-23 20:00:00,45.803618,15.891526,4,1,2,0.246,2,1.187,0,2.3,0.2839,0.4398,0.1723,0.5398,0.2529,0.5611,0.4079,0.4026
604,4444,21,0,0,5,1.9,2024-10-08 11:00:00,45.802375,16.029135,2,2,0,0.019,0,0.91,0,1.73,0.9587,0.319,0.5663,0.5032,0.2189,0.9868,0.418,0.3015
605,6808,11,3,0,7,1.5,2024-02-17 10:00:00,45.807491,15.954223,0,6,0,0.396,3,1.116,1,3.18,0.4817,0.4514,0.879,0.6087,0.816,0.2129,0.4847,0.6815
606,929,2,0,1,5,2.4,2023-02-13 18:00:00,45.856785,15.947218,1,1,2,0.186,1,1.314,0,1.91,1.0,0.253,0.4819,0.5011,0.2223,0.9184,0.46,0.2157
607,8285,27,7,1,12,1.2,2024-05-14 18:00:00,45.756358,15.962744,3,2,2,0.26,3,1.321,1,1.76,0.5117,0.3687,0.5949,0.5341,0.8109,0.3683,0.3617,0.7212
608,4079,3,2,0,21,1.6,2023-12-02 11:00:00,45.814447,15.890644,4,6,0,0.801,17,0.741,2,2.82,0.4628,0.8826,0.1619,0.6015,0.206,0.3336,0.374,0.5241
609,7063,7,0,0,12,1.0,2024-04-15 11:00:00,45.742108,15.971413,3,1,0,0.29,3,0.813,1,2.67,0.9352,0.3411,0.49,0.5047,0.2132,0.9684,0.3379,0.2095
610,7088,28,0,0,11,2.4,2024-05-11 20:00:00,45.744331,15.985483,3,6,2,0.22,2,0.459,0,3.06,1.0,0.3002,0.4635,0.5093,0.2146,0.9294,0.4015,0.3177
611,8777,14,5,0,7,1.7,2023-02-28 11:00:00,45.809196,15.973979,0,2,0,0.419,3,0.284,1,2.42,0.3547,0.5269,0.1568,0.6388,0.2499,0.6294,0.3953,0.2632
612,8228,14,5,2,36,2.1,2024-10-19 18:00:00,45.754173,15.974106,3,6,2,0.647,23,0.539,2,2.69,0.3191,0.4932,0.0851,0.5405,0.3823,0.641,0.3586,0.343
613,3908,14,5,0,12,1.6,2024-08-03 09:00:00,45.754418,15.970691,3,6,0,0.358,4,0.479,1,2.22,0.3662,0.52,0.041,0.6627,0.2343,0.5602,0.2854,0.3086
614,2045,16,2,1,9,1.7,2023-02-16 18:00:00,45.816854,15.974556,0,4,2,0.396,4,0.344,1,2.89,0.4525,0.9458,0.1841,0.7354,0.2947,0.4006,0.3104,0.4767
615,4,6,2,2,11,2.3,2024-12-08 18:00:00,45.753184,15.975157,3,0,2,0.435,5,0.841,1,1.91,0.4427,0.8403,0.1715,0.7755,0.3581,0.1978,0.2049,0.474
616,1374,3,2,1,9,1.8,2023-10-21 20:00:00,45.821337,15.882797,4,6,2,0.45,4,0.879,1,2.76,0.4494,0.8635,0.1663,0.6795,0.281,0.3164,0.3363,0.4899
617,1173,19,4,1,10,1.3,2023-03-08 19:00:00,45.816,15.884166,4,3,2,0.637,6,1.05,1,3.83,0.8307,0.63,0.7416,0.8208,0.1743,0.4004,0.7901,0.5083
618,3921,1,1,2,7,1.8,2024-06-05 09:00:00,45.861437,15.950466,1,3,0,0.186,1,1.275,0,3.4,0.8646,0.3144,0.28,0.4823,0.5965,0.2596,0.4864,0.3078
619,1076,4,6,1,7,1.4,2024-08-26 19:00:00,45.752729,15.95915,3,1,2,0.741,5,1.012,1,0.8,0.7027,0.3353,0.329,0.7364,0.2579,0.191,0.9938,0.4823
620,1454,29,1,0,3,1.9,2023-08-20 19:00:00,45.75502,15.974222,3,0,2,0.044,0,0.478,0,3.12,0.7928,0.3313,0.3524,0.4123,0.5079,0.2656,0.556,0.2808
621,7539,19,4,3,9,1.4,2023-07-16 20:00:00,45.812436,15.894254,4,0,2,0.127,1,1.333,0,1.98,0.7784,0.5518,0.6519,0.9854,0.2383,0.4391,0.8743,0.4462
622,4800,1,1,3,8,1.4,2023-09-10 20:00:00,45.798019,15.894874,4,0,2,0.541,4,0.402,1,3.03,0.7889,0.31,0.3388,0.4865,0.5391,0.1614,0.5446,0.3638
623,2962,6,2,1,17,1.7,2023-04-25 10:00:00,45.808408,15.890297,4,2,0,0.581,10,0.108,2,3.05,0.3745,0.8666,0.142,0.6464,0.3501,0.3055,0.3175,0.4606
624,4621,19,4,1,11,0.5,2024-12-23 19:00:00,45.738142,15.972055,3,1,2,0.213,2,0.997,0,3.32,0.8108,0.5431,0.636,0.8214,0.1156,0.3835,0.9047,0.3935
625,1337,21,0,1,22,1.5,2023-04-24 20:00:00,45.812597,15.890021,4,1,2,0.164,4,0.406,1,3.78,0.903,0.3088,0.4958,0.5143,0.1692,0.8599,0.3854,0.3911
626,8055,4,6,1,6,1.0,2024-08-30 10:00:00,45.806655,15.980776,0,5,0,0.652,4,0.188,1,2.29,0.7438,0.3107,0.248,0.7181,0.2662,0.2271,0.9074,0.4787
627,4310,29,1,1,7,1.0,2023-10-12 09:00:00,45.82372,15.903315,4,4,0,0.133,1,0.703,0,1.6,0.8127,0.3489,0.2826,0.3615,0.5904,0.1843,0.5783,0.318
628,7808,24,3,0,6,1.1,2023-01-11 10:00:00,45.788483,16.070493,2,3,0,0.427,3,0.891,1,2.44,0.4543,0.4808,0.9192,0.5563,0.7644,0.2255,0.3773,0.7763
629,3252,7,0,1,5,0.6,2024-07-29 18:00:00,45.802721,16.048193,2,1,2,0.289,1,0.581,0,3.62,0.9457,0.2775,0.4975,0.4843,0.1748,1.0,0.476,0.1892
630,7678,3,2,1,2,1.7,2023-10-31 19:00:00,45.805762,15.889114,4,2,2,0.071,0,1.275,0,2.0,0.3992,0.8781,0.238,0.7144,0.319,0.3354,0.2128,0.5254
631,7206,1,1,1,21,1.2,2024-10-13 19:00:00,45.853758,15.970731,1,0,2,0.617,13,1.238,2,1.78,0.8132,0.2637,0.2505,0.4238,0.6722,0.2983,0.4661,0.3445
632,3114,0,1,2,9,1.3,2023-10-12 20:00:00,45.817002,15.877416,4,4,2,0.839,8,0.559,1,3.24,0.8751,0.3563,0.2919,0.5107,0.611,0.2094,0.4913,0.2857
633,1890,3,2,0,22,1.5,2024-12-13 09:00:00,45.808941,15.973578,0,5,0,0.599,13,0.713,2,2.67,0.3165,0.8575,0.2297,0.7192,0.3164,0.3278,0.2699,0.5647
634,3161,30,5,2,5,1.6,2024-12-10 10:00:00,45.854873,15.946996,1,2,0,0.606,3,1.086,1,3.7,0.314,0.4818,0.0974,0.513,0.379,0.6607,0.3796,0.3493
635,8798,14,5,1,11,1.4,2023-05-09 20:00:00,45.80137,15.966535,0,2,2,0.479,5,0.6,1,2.8,0.3381,0.5031,0.1542,0.671,0.2543,0.5447,0.4386,0.3132
636,7777,15,0,0,17,2.0,2023-07-26 09:00:00,45.803671,16.044125,2,3,0,0.509,9,1.338,2,3.14,0.9373,0.2022,0.4947,0.4792,0.2347,0.8627,0.374,0.3388
637,3437,24,3,0,19,1.4,2024-02-10 19:00:00,45.800835,15.978673,0,6,2,0.262,5,0.665,1,0.87,0.4845,0.5154,1.0,0.5194,0.8521,0.1974,0.48,0.8486
638,758,4,6,1,15,1.8,2023-11-27 09:00:00,45.803398,15.890209,4,1,0,0.322,5,0.74,1,3.21,0.6565,0.3157,0.3679,0.621,0.2056,0.1722,0.9668,0.4359
639,638,3,2,0,7,1.7,2024-09-06 11:00:00,45.804607,15.891186,4,5,0,0.343,2,0.664,0,3.59,0.4162,0.9157,0.2411,0.7521,0.3202,0.2247,0.3035,0.5005
640,4191,15,0,1,15,1.9,2023-07-29 18:00:00,45.805009,15.995885,0,6,2,0.79,12,0.92,2,1.75,0.9714,0.2288,0.4896,0.4614,0.2461,1.0,0.4166,0.315
641,1383,4,6,0,3,1.0,2024-02-09 18:00:00,45.821493,15.977835,0,5,2,0.518,2,0.121,0,3.12,0.6767,0.3512,0.3414,0.6939,0.1815,0.1598,0.8564,0.5122
642,7994,6,2,1,12,1.5,2024-04-03 18:00:00,45.798465,15.9738,0,3,2,0.389,5,0.27,1,3.86,0.433,0.8967,0.2178,0.6495,0.2357,0.3846,0.3017,0.449
643,4248,17,0,2,8,0.9,2024-07-25 18:00:00,45.822368,15.960177,0,4,2,0.483,4,0.569,1,3.68,0.9055,0.297,0.5529,0.5234,0.1572,0.8481,0.4682,0.4155
644,3965,8,0,2,11,0.6,2024-05-04 10:00:00,45.745648,15.978165,3,6,0,0.46,5,1.071,1,1.27,0.9062,0.3075,0.5192,0.535,0.2551,0.7998,0.4386,0.3489
645,8079,1,1,1,4,2.3,2024-08-29 19:00:00,45.744218,15.971009,3,4,2,0.35,1,0.906,0,3.46,0.8188,0.3148,0.305,0.4968,0.5548,0.2128,0.4509,0.2929
646,142,5,5,0,5,0.9,2023-05-15 20:00:00,45.741353,15.984512,3,1,2,0.312,2,0.585,0,3.53,0.2939,0.5688,0.1513,0.6042,0.3023,0.5662,0.4098,0.2307
647,953,15,0,2,8,0.8,2024-09-09 09:00:00,45.790505,16.053386,2,1,0,0.195,2,0.226,0,3.59,0.863,0.3459,0.5414,0.4918,0.2905,0.9138,0.4186,0.2072
648,53,1,1,1,11,1.9,2024-03-27 09:00:00,45.859626,15.947119,1,3,0,0.445,5,0.922,1,0.54,0.8448,0.2697,0.2641,0.4047,0.542,0.1976,0.4469,0.1715
649,4114,14,5,0,7,1.4,2023-05-02 09:00:00,45.819003,15.883835,4,2,0,0.487,3,0.444,1,1.48,0.2774,0.5011,0.0027,0.5342,0.3736,0.5579,0.3994,0.3466
650,5442,8,0,1,6,1.8,2024-10-01 18:00:00,45.844562,15.96657,1,2,2,0.442,3,1.253,1,3.48,0.9413,0.3046,0.5089,0.5306,0.0965,0.8401,0.4317,0.3566
651,7069,2,0,1,13,1.6,2024-04-28 19:00:00,45.751221,15.964763,3,0,2,0.578,8,0.039,1,3.18,0.8178,0.2328,0.5583,0.5959,0.2031,0.8828,0.4341,0.2541
652,7872,1,1,0,9,1.6,2024-08-14 19:00:00,45.740783,15.974307,3,3,2,0.85,8,0.804,1,2.06,0.7194,0.2806,0.2761,0.373,0.6056,0.1902,0.5341,0.2934
653,6963,10,4,1,12,1.3,2024-01-28 20:00:00,45.807877,15.897066,4,0,2,0.209,3,0.087,1,2.9,0.8251,0.6489,0.6885,0.9842,0.1823,0.3988,0.6708,0.3598
654,3552,18,7,2,4,0.8,2023-04-14 10:00:00,45.855105,15.946039,1,5,0,0.567,2,0.778,0,3.64,0.4927,0.4275,0.6327,0.425,0.9067,0.2655,0.3416,0.6579
655,212,4,6,0,33,0.7,2024-04-12 10:00:00,45.805374,15.988172,0,5,0,0.464,15,0.988,2,2.43,0.6284,0.279,0.2978,0.7852,0.2508,0.3053,0.9386,0.4855
656,6227,20,5,2,10,1.8,2024-04-22 19:00:00,45.829799,15.978694,0,1,2,0.293,3,0.702,1,3.16,0.2322,0.4041,0.1534,0.5219,0.3126,0.5144,0.4241,0.3405
657,8741,2,0,1,4,1.5,2023-02-18 20:00:00,45.74928,15.973065,3,6,2,0.572,2,0.844,0,3.23,0.9569,0.2489,0.494,0.6694,0.1549,0.8383,0.4217,0.4373
658,8883,0,1,0,24,2.1,2024-10-23 19:00:00,45.781202,16.054189,2,3,2,0.06,1,1.395,0,1.98,0.8643,0.3284,0.2955,0.3825,0.6041,0.2513,0.6088,0.2409
659,6653,18,7,1,13,1.6,2024-06-23 19:00:00,45.810533,16.05088,2,0,2,0.625,8,0.244,1,3.82,0.4751,0.4198,0.629,0.4841,0.8951,0.2975,0.3743,0.6323
660,6504,9,1,1,9,1.4,2024-04-08 18:00:00,45.806784,15.885268,4,1,2,0.069,1,0.285,0,2.73,0.7467,0.1792,0.3105,0.3674,0.577,0.1922,0.5166,0.2808
661,1641,4,6,0,26,2.2,2023-06-17 20:00:00,45.816188,15.966932,0,6,2,0.471,12,0.626,2,2.16,0.6094,0.3262,0.2756,0.754,0.1745,0.0999,0.9927,0.4387
662,8073,1,1,2,10,0.8,2024-11-23 18:00:00,45.794456,15.974533,0,6,2,0.217,2,0.446,0,2.16,0.8274,0.2544,0.2958,0.4144,0.6048,0.1913,0.4523,0.224
663,7832,10,4,2,12,2.3,2023-09-01 19:00:00,45.790407,16.041947,2,5,2,0.443,5,0.489,1,1.99,0.7552,0.576,0.676,0.9282,0.136,0.3608,0.7524,0.3929
664,8020,4,6,0,7,1.5,2023-07-25 11:00:00,45.783045,16.039658,2,2,0,0.732,5,1.266,1,3.2,0.794,0.347,0.2773,0.657,0.0668,0.2031,0.876,0.4823
665,349,3,2,1,13,2.0,2024-04-17 20:00:00,45.808779,15.984615,0,3,2,0.484,6,1.238,1,2.64,0.348,0.9091,0.2865,0.7232,0.3296,0.3078,0.2809,0.4705
666,4065,24,3,0,3,1.6,2024-12-20 18:00:00,45.767078,15.989708,3,5,2,0.524,2,0.033,0,3.35,0.4674,0.5051,0.9119,0.5717,0.752,0.2568,0.4862,0.779
667,644,1,1,2,4,1.2,2023-02-22 19:00:00,45.820256,15.970488,0,3,2,0.248,1,0.666,0,2.97,0.781,0.2744,0.306,0.305,0.5208,0.232,0.4848,0.342
668,3385,30,5,0,6,2.0,2023-11-24 10:00:00,45.80022,15.988184,0,5,0,0.884,5,1.446,1,3.72,0.323,0.5333,0.1363,0.6613,0.3017,0.7256,0.3626,0.4284
669,7168,29,1,2,4,1.3,2023-05-11 10:00:00,45.7862,16.041932,2,4,0,0.649,3,0.979,1,1.47,0.8113,0.3204,0.2971,0.4957,0.6141,0.2429,0.4664,0.1765
670,2390,17,0,1,15,1.6,2024-08-02 19:00:00,45.788181,16.04951,2,5,2,0.705,11,0.252,2,2.94,0.9127,0.2624,0.4299,0.5219,0.1682,0.7764,0.3804,0.3111
671,3526,0,1,1,8,1.6,2023-07-22 20:00:00,45.781214,16.062123,2,6,2,0.477,4,0.978,1,3.0,0.8728,0.3656,0.4106,0.354,0.5561,0.287,0.5101,0.3399
672,5018,2,0,0,3,2.4,2023-02-08 20:00:00,45.819162,15.982581,0,3,2,0.668,2,0.913,0,2.36,0.8631,0.2906,0.447,0.4857,0.2426,0.9417,0.3524,0.2186
673,4498,9,1,2,6,0.6,2023-06-24 10:00:00,45.750356,15.966889,3,6,0,0.509,3,0.186,1,3.42,0.8153,0.2692,0.2115,0.399,0.6231,0.2023,0.4653,0.2876
674,2570,2,0,2,14,1.1,2023-07-29 20:00:00,45.817236,15.884243,4,6,2,0.311,4,0.503,1,3.18,0.9096,0.2552,0.4338,0.4737,0.0784,0.8554,0.4728,0.3176
675,6562,4,6,1,22,1.3,2023-07-24 19:00:00,45.737368,15.993143,3,1,2,0.375,8,1.441,1,3.01,0.6275,0.2218,0.3112,0.734,0.2474,0.1768,0.8689,0.4844
676,499,17,0,1,8,2.1,2023-07-18 18:00:00,45.812891,15.995093,0,2,2,0.685,5,0.958,1,2.42,0.8744,0.2188,0.5176,0.5903,0.0724,0.9197,0.4152,0.3486
677,2168,20,5,1,5,2.7,2023-10-05 18:00:00,45.800127,15.98553,0,4,2,0.147,1,1.394,0,3.31,0.2747,0.4262,0.1352,0.52,0.3482,0.5775,0.4184,0.267
678,3677,8,0,1,10,1.3,2023-01-08 20:00:00,45.82286,15.964698,0,0,2,0.371,4,0.581,1,2.03,0.9079,0.3095,0.4909,0.5242,0.2084,0.7769,0.5715,0.3673
679,6658,6,2,0,4,0.5,2023-12-29 09:00:00,45.822232,15.883163,4,5,0,0.425,2,0.326,0,1.15,0.4548,0.8288,0.153,0.7207,0.2956,0.4345,0.2685,0.5285
680,3874,2,0,1,5,2.0,2023-08-13 18:00:00,45.791215,16.057476,2,0,2,0.315,2,0.674,0,2.47,0.8602,0.3011,0.4331,0.5037,0.2874,0.9565,0.4094,0.2831
681,5156,2,0,0,6,0.9,2023-10-04 19:00:00,45.813611,15.982961,0,3,2,0.497,3,0.28,1,2.11,0.9668,0.2303,0.426,0.4821,0.2346,0.835,0.4017,0.3306
682,5913,10,4,0,4,1.1,2023-06-26 19:00:00,45.746749,15.961911,3,1,2,0.571,2,0.747,0,3.69,0.826,0.7004,0.6832,0.8789,0.1671,0.4746,0.7986,0.4187
683,7490,14,5,1,19,1.5,2024-07-12 20:00:00,45.740613,15.973847,3,5,2,0.363,7,1.363,1,2.32,0.365,0.4224,0.0659,0.6748,0.3755,0.6265,0.3701,0.2847
684,8249,6,2,0,11,0.5,2023-05-30 09:00:00,45.83905,15.975351,0,2,0,0.242,3,1.485,1,2.95,0.3194,0.8467,0.209,0.7321,0.3348,0.3407,0.3403,0.5375
685,914,0,1,0,21,0.9,2023-04-18 11:00:00,45.794348,16.064386,2,2,0,0.244,5,1.104,1,2.76,0.8688,0.3856,0.2328,0.3922,0.5926,0.1746,0.5745,0.3638
686,8145,0,1,1,8,1.2,2024-05-04 20:00:00,45.750383,15.987579,3,6,2,0.105,1,1.018,0,3.07,0.6892,0.1945,0.2996,0.3935,0.6234,0.1806,0.5013,0.2537
687,768,13,6,1,47,1.4,2023-09-11 20:00:00,45.764483,15.981812,3,1,2,0.342,16,0.552,2,3.33,0.7411,0.3155,0.2884,0.6908,0.2582,0.2002,0.9391,0.5431
688,2617,13,6,2,6,1.9,2023-10-20 10:00:00,45.818372,15.971266,0,5,0,0.589,4,0.338,1,2.42,0.7549,0.3366,0.2958,0.6785,0.1671,0.1477,0.79,0.5037
689,322,4,6,1,28,1.4,2023-10-05 10:00:00,45.822737,15.98072,0,4,0,0.495,14,1.048,2,1.66,0.6235,0.2197,0.2683,0.6147,0.1975,0.2252,0.8097,0.5892
690,445,3,2,1,12,1.4,2024-10-22 09:00:00,45.814569,15.97127,0,2,0,0.372,4,0.078,1,2.62,0.4999,0.9422,0.1708,0.6563,0.3153,0.2892,0.2648,0.5269
691,6653,10,4,0,7,2.4,2024-04-26 09:00:00,45.858626,15.951219,1,5,0,0.224,2,1.103,0,3.53,0.7761,0.6557,0.6977,0.8394,0.2579,0.3939,0.7835,0.4535
692,7947,3,2,2,6,2.2,2024-01-31 11:00:00,45.855508,15.949101,1,3,0,0.667,4,0.346,1,2.05,0.352,0.9482,0.2638,0.6917,0.2611,0.2945,0.2869,0.5226
693,6061,9,1,0,7,1.0,2023-07-19 10:00:00,45.803076,16.031678,2,3,0,0.307,2,0.944,0,3.76,0.819,0.2112,0.2649,0.401,0.6143,0.1402,0.5331,0.3474
694,5626,0,1,2,11,1.2,2024-11-25 20:00:00,45.745721,15.978394,3,1,2,0.329,4,0.621,1,3.36,0.7805,0.2961,0.2627,0.4617,0.6263,0.2743,0.4394,0.2943
695,7006,1,1,2,8,0.5,2023-04-01 20:00:00,45.82324,15.983789,0,6,2,0.14,1,1.019,0,3.28,0.7448,0.3559,0.3615,0.5411,0.6106,0.1717,0.4769,0.309
696,1983,12,0,0,14,1.9,2023-06-16 18:00:00,45.81098,15.971434,0,5,2,0.472,7,0.381,1,2.88,0.8944,0.4562,0.5625,0.5242,0.1774,0.9659,0.3909,0.3067
697,5575,3,2,1,4,1.0,2024-12-22 09:00:00,45.813159,15.886469,4,0,0,0.845,3,0.306,1,1.34,0.2977,0.8527,0.1699,0.6412,0.323,0.2465,0.2971,0.5137
698,8987,0,1,1,6,1.7,2024-11-29 19:00:00,45.751022,15.980157,3,5,2,0.238,1,0.462,0,3.49,0.7782,0.263,0.3927,0.3877,0.5489,0.1915,0.5487,0.2468
699,8594,12,0,1,7,1.3,2023-01-10 18:00:00,45.793863,16.036892,2,2,2,0.061,0,0.436,0,2.64,0.9196,0.3001,0.6161,0.5116,0.2771,0.846,0.4053,0.3318
700,5383,19,4,1,8,1.6,2024-08-30 09:00:00,45.805585,16.040373,2,5,0,0.113,1,0.935,0,1.36,0.7933,0.6433,0.6926,0.8401,0.1227,0.3921,0.7262,0.245
701,1307,2,0,1,7,1.2,2023-07-10 18:00:00,45.805447,15.972949,0,1,2,0.164,1,1.106,0,2.48,0.9801,0.3432,0.5024,0.5065,0.2217,0.8649,0.4074,0.3182
702,343,1,1,2,9,1.4,2024-02-27 19:00:00,45.848549,15.948977,1,2,2,0.341,3,1.01,1,3.12,0.8946,0.2423,0.3731,0.3671,0.5233,0.2738,0.5221,0.3902
703,7613,3,2,0,5,1.6,2024-05-06 19:00:00,45.741651,15.981021,3,1,2,0.708,4,0.712,1,2.58,0.4433,0.9081,0.2078,0.6767,0.2553,0.287,0.2558,0.6
704,2286,30,5,2,16,1.7,2023-09-22 20:00:00,45.819391,15.970211,0,5,2,0.312,5,0.412,1,3.17,0.3317,0.4862,0.0315,0.6355,0.3431,0.6041,0.292,0.3646
705,4840,8,0,0,5,0.5,2023-04-11 20:00:00,45.759352,15.979066,3,2,2,0.496,2,1.304,0,2.56,0.8871,0.3182,0.4978,0.4868,0.2219,0.9134,0.5169,0.2794
706,5788,27,7,2,4,1.1,2023-09-25 10:00:00,45.80401,15.976928,0,1,0,0.709,3,1.352,1,2.22,0.4473,0.405,0.6719,0.4623,0.7955,0.2992,0.4418,0.6823
707,8441,3,2,0,6,2.3,2023-04-09 10:00:00,45.804482,15.888052,4,0,0,0.749,4,0.444,1,3.28,0.3843,0.9324,0.2033,0.7025,0.2572,0.3382,0.2267,0.5913
708,5436,4,6,1,4,1.4,2024-01-27 09:00:00,45.798626,15.974207,0,6,0,0.573,2,0.987,0,2.45,0.736,0.4328,0.1661,0.7199,0.2089,0.2345,0.8741,0.4799
709,6188,16,2,0,5,0.5,2024-10-16 10:00:00,45.813386,15.909079,4,3,0,0.8,4,0.685,1,3.76,0.4081,0.8611,0.1594,0.6505,0.272,0.3557,0.329,0.5144
710,5777,6,2,2,14,1.4,2023-05-02 10:00:00,45.734417,15.979042,3,2,0,0.552,8,0.013,1,3.11,0.2996,0.8261,0.1403,0.7151,0.2803,0.312,0.2674,0.5437
711,868,27,7,2,13,1.3,2023-06-03 18:00:00,45.856491,15.939271,1,6,2,0.727,9,1.195,2,3.42,0.4098,0.36,0.6354,0.4923,0.9309,0.3417,0.3444,0.7002
712,1987,3,2,0,9,1.6,2024-08-22 19:00:00,45.80216,16.041848,2,4,2,0.252,2,0.062,0,2.42,0.4023,0.8473,0.1851,0.6902,0.3467,0.3062,0.3259,0.599
713,7643,1,1,0,12,2.9,2024-02-08 20:00:00,45.748314,15.985962,3,4,2,0.452,5,1.473,1,2.12,0.7924,0.2844,0.3223,0.3926,0.676,0.1475,0.5752,0.1854
714,2882,27,7,0,19,0.8,2023-11-29 09:00:00,45.804486,15.985815,0,3,0,0.767,15,1.123,2,2.52,0.4766,0.3613,0.5979,0.4756,0.8931,0.297,0.3614,0.634
715,2425,10,4,2,3,1.7,2023-11-10 11:00:00,45.799853,16.036535,2,5,0,0.529,2,0.578,0,2.58,0.7782,0.5106,0.6737,0.8214,0.2035,0.4559,0.8091,0.3738
716,8191,11,3,2,5,1.8,2023-07-20 20:00:00,45.844237,15.951672,1,4,2,0.273,1,0.575,0,1.64,0.5838,0.4809,0.9059,0.6288,0.8055,0.2139,0.4398,0.7717
717,7613,9,1,0,6,1.7,2023-08-19 20:00:00,45.819159,15.880793,4,6,2,0.536,3,1.339,1,3.25,0.8121,0.2093,0.3202,0.3968,0.5936,0.2222,0.5269,0.328
718,2473,14,5,0,6,1.1,2024-01-31 09:00:00,45.804122,16.046474,2,3,0,0.748,4,1.322,1,3.36,0.3503,0.5471,0.0748,0.5731,0.3671,0.6439,0.42,0.3016
719,7596,2,0,1,11,1.4,2024-06-17 20:00:00,45.812587,15.884533,4,1,2,0.406,4,1.44,1,3.73,0.7807,0.3108,0.5027,0.6292,0.1621,0.8062,0.4163,0.292
720,6417,13,6,2,5,0.6,2024-08-25 20:00:00,45.848362,15.948186,1,0,2,0.292,1,0.802,0,3.25,0.6887,0.3307,0.3281,0.6487,0.2145,0.2792,0.9589,0.4467
721,8945,2,0,0,7,1.3,2023-02-24 09:00:00,45.807223,15.88642,4,5,0,0.409,3,0.739,1,2.74,0.8658,0.4133,0.5132,0.52,0.1964,0.8381,0.2855,0.3612
722,8499,4,6,0,10,0.5,2024-10-11 18:00:00,45.735302,15.980908,3,5,2,0.189,2,0.142,0,3.16,0.7091,0.2176,0.3536,0.6881,0.1226,0.1608,0.8924,0.4173
723,1735,12,0,1,17,1.7,2023-12-30 19:00:00,45.798469,16.054965,2,6,2,0.238,4,0.155,1,2.78,0.8863,0.3597,0.4,0.4474,0.1635,0.8309,0.4001,0.2941
724,5785,7,0,0,17,1.9,2023-09-05 20:00:00,45.795311,16.032531,2,2,2,0.153,3,0.798,1,2.73,0.9963,0.3199,0.4646,0.5448,0.1167,0.7947,0.4107,0.3001
725,2437,6,2,0,14,1.8,2024-12-07 10:00:00,45.823069,15.98318,0,6,0,0.842,12,0.978,2,1.72,0.4295,0.8084,0.208,0.6699,0.3294,0.3137,0.2434,0.5548
726,5660,1,1,2,4,1.4,2024-10-06 18:00:00,45.740998,15.952111,3,0,2,0.474,2,0.469,0,2.02,0.7017,0.2207,0.3043,0.4132,0.6908,0.2053,0.4287,0.2604
727,29,20,5,1,5,1.7,2023-11-15 10:00:00,45.805514,15.887189,4,3,0,0.106,1,0.771,0,2.46,0.2093,0.4444,0.1488,0.5986,0.2044,0.5616,0.3289,0.3055
728,8065,1,1,1,4,1.8,2024-02-26 20:00:00,45.794842,16.045816,2,1,2,0.296,1,0.288,0,3.46,0.6871,0.3232,0.2526,0.4964,0.6437,0.128,0.3917,0.3226
729,5072,1,1,2,11,1.4,2024-02-26 09:00:00,45.866567,15.946505,1,1,0,0.285,3,1.304,1,2.11,0.7358,0.2894,0.3944,0.4367,0.6446,0.2644,0.5329,0.3985
730,1728,7,0,1,10,0.9,2023-02-24 18:00:00,45.759365,15.979229,3,5,2,0.023,0,0.598,0,2.05,0.8914,0.2861,0.482,0.5227,0.1444,0.8587,0.3141,0.3067
731,729,25,3,1,9,1.2,2023-12-06 09:00:00,45.808054,15.983612,0,3,0,0.374,3,0.733,1,2.46,0.5988,0.6299,0.8358,0.6123,0.7815,0.2068,0.4679,0.7922
732,5727,28,0,0,7,0.6,2024-03-30 20:00:00,45.753406,15.965612,3,6,2,0.373,3,0.309,1,3.64,0.8854,0.2812,0.434,0.4508,0.2284,0.9157,0.3227,0.3135
733,7153,10,4,1,13,1.1,2023-01-02 09:00:00,45.8407,15.954518,1,1,0,0.54,7,0.768,1,3.51,0.7756,0.5531,0.787,0.8101,0.2509,0.4777,0.8637,0.3677
734,4513,14,5,1,6,1.7,2023-01-20 11:00:00,45.849865,15.948056,1,5,0,0.325,2,0.307,0,3.2,0.2971,0.4905,0.0896,0.5419,0.3368,0.5985,0.4096,0.2487
735,2846,11,3,0,4,2.0,2023-09-10 19:00:00,45.738507,15.976985,3,0,2,0.442,2,1.023,0,3.38,0.5044,0.4637,0.9726,0.6108,0.8538,0.2302,0.5001,0.7073
736,5161,4,6,2,3,1.4,2024-11-24 19:00:00,45.802203,16.046147,2,0,2,0.518,2,0.85,0,2.04,0.7411,0.2651,0.2863,0.717,0.2161,0.1861,0.815,0.4918
737,3572,29,1,0,5,2.2,2024-05-27 11:00:00,45.756067,15.976412,3,1,0,0.411,2,0.914,0,1.41,0.7157,0.2922,0.2273,0.3005,0.5604,0.1171,0.5249,0.3124
738,4548,27,7,1,2,1.6,2024-03-24 18:00:00,45.746674,15.977014,3,0,2,0.178,0,0.297,0,2.68,0.5001,0.3636,0.5253,0.4633,0.9397,0.3372,0.3542,0.6935
739,7713,20,5,0,4,1.7,2024-11-20 11:00:00,45.789578,16.035497,2,3,0,0.583,2,0.824,0,3.05,0.2684,0.5529,0.2109,0.572,0.4356,0.6289,0.3698,0.3396
740,12,24,3,1,9,1.2,2024-02-02 10:00:00,45.792905,16.042313,2,5,0,0.515,5,1.302,1,1.5,0.4833,0.5492,0.9395,0.7,0.808,0.2844,0.4948,0.8312
741,1325,2,0,0,15,0.7,2023-09-13 18:00:00,45.804057,15.973794,0,3,2,0.266,4,0.429,1,2.91,0.8493,0.2341,0.5341,0.4174,0.2224,0.9268,0.4239,0.2753
742,3994,0,1,0,11,2.0,2023-06-11 11:00:00,45.791783,16.045025,2,0,0,0.072,1,0.818,0,3.6,0.8274,0.2693,0.3004,0.2826,0.5767,0.2607,0.5386,0.2815
743,3743,3,2,0,7,1.8,2023-10-07 19:00:00,45.757157,15.978854,3,6,2,0.195,1,1.442,0,2.87,0.4427,0.9272,0.1496,0.6671,0.2647,0.2955,0.2701,0.5014
744,4768,11,3,1,10,1.3,2024-11-23 09:00:00,45.846947,15.965482,1,6,0,0.458,5,0.42,1,3.37,0.515,0.468,0.9342,0.5858,0.7335,0.2085,0.4724,0.7927
745,7060,0,1,1,6,1.7,2024-06-14 20:00:00,45.814557,15.986267,0,5,2,0.075,0,1.258,0,3.08,0.78,0.3687,0.3097,0.3565,0.6908,0.1275,0.502,0.3444
746,932,13,6,1,9,1.6,2023-03-28 10:00:00,45.803123,15.970919,0,2,0,0.086,1,0.802,0,1.87,0.7247,0.2241,0.2999,0.7133,0.1739,0.2875,0.8298,0.448
747,4438,30,5,0,9,0.5,2024-06-12 11:00:00,45.848987,15.948261,1,3,0,0.101,1,0.818,0,3.18,0.3681,0.5319,0.0487,0.5362,0.225,0.6476,0.456,0.2717
748,8258,3,2,1,4,1.7,2024-05-09 18:00:00,45.806334,15.890904,4,4,2,0.226,1,0.56,0,3.34,0.3194,0.9364,0.1966,0.6852,0.2341,0.3032,0.235,0.4741
749,6795,27,7,3,5,2.1,2023-02-08 11:00:00,45.817604,15.984172,0,3,0,0.437,2,1.001,0,2.0,0.4886,0.4447,0.5822,0.5114,0.9517,0.2723,0.3779,0.6886
750,1452,4,6,1,7,1.0,2024-11-26 10:00:00,45.742056,15.979113,3,2,0,0.612,4,0.974,1,2.55,0.6705,0.3553,0.3434,0.8043,0.1717,0.2394,0.9093,0.4038
751,3618,2,0,0,10,1.9,2023-05-17 10:00:00,45.759729,15.968137,3,3,0,0.24,2,0.695,0,2.63,0.8675,0.3443,0.51,0.4616,0.2156,0.8619,0.3521,0.3627
752,8164,5,5,0,10,2.0,2024-11-14 11:00:00,45.746907,15.966443,3,4,0,0.485,5,0.705,1,1.95,0.3524,0.5934,0.1343,0.6135,0.2702,0.6193,0.3741,0.2553
753,1102,2,0,0,6,2.6,2024-07-10 19:00:00,45.746882,15.968204,3,3,2,0.156,1,0.184,0,3.32,0.9263,0.3021,0.5464,0.5058,0.2381,0.9539,0.4654,0.291
754,6584,13,6,0,7,2.1,2023-06-07 20:00:00,45.809828,15.985379,0,3,2,0.745,5,0.939,1,2.93,0.7696,0.2821,0.2212,0.7145,0.128,0.2049,0.8341,0.4416
755,2703,26,7,1,8,1.2,2024-05-02 18:00:00,45.849004,15.956747,1,4,2,0.405,3,0.79,1,2.3,0.5224,0.4114,0.6404,0.5107,0.9375,0.3169,0.3745,0.6504
756,2139,22,7,0,5,0.5,2024-07-26 11:00:00,45.748335,15.968146,3,5,0,0.184,1,0.584,0,2.72,0.4827,0.5129,0.5137,0.5142,0.9674,0.3108,0.3845,0.6593
757,6889,10,4,1,12,0.8,2023-06-10 18:00:00,45.803715,16.035735,2,6,2,0.397,5,1.08,1,1.97,0.8581,0.6573,0.7089,0.9355,0.2428,0.387,0.8344,0.398
758,4719,8,0,1,11,1.8,2024-09-11 18:00:00,45.76064,15.967281,3,3,2,0.429,5,0.252,1,2.99,0.8868,0.3305,0.5013,0.6078,0.1195,0.8562,0.3797,0.2951
759,349,18,7,1,9,1.6,2023-03-31 20:00:00,45.842748,15.953366,1,5,2,0.276,2,0.527,0,2.47,0.5198,0.4067,0.5827,0.4134,0.9195,0.2701,0.3226,0.7187
760,4778,24,3,0,6,1.0,2024-03-12 18:00:00,45.832905,15.98593,0,2,2,0.671,4,1.007,1,2.09,0.4022,0.5091,0.8305,0.6589,0.7705,0.2952,0.4076,0.7892
761,3168,5,5,2,13,1.6,2023-01-20 18:00:00,45.817639,15.985769,0,5,2,0.142,2,0.165,0,3.05,0.3646,0.5007,0.1407,0.5431,0.3282,0.5668,0.4283,0.2695
762,1120,2,0,2,9,1.3,2024-01-02 18:00:00,45.786684,16.024622,2,2,2,0.246,2,1.081,0,3.58,0.8479,0.2331,0.4192,0.5346,0.2135,0.8729,0.4389,0.2749
763,8618,14,5,1,5,1.4,2023-08-30 18:00:00,45.807801,15.889763,4,3,2,0.406,2,0.736,0,3.12,0.3649,0.5758,0.1407,0.5178,0.3837,0.5222,0.4777,0.253
764,3749,8,0,1,6,1.3,2023-12-19 19:00:00,45.797041,15.882207,4,2,2,0.298,2,0.744,0,3.0,0.8886,0.311,0.4572,0.5515,0.1958,0.926,0.4081,0.3092
765,2962,15,0,0,9,1.8,2023-11-24 11:00:00,45.800197,16.048262,2,5,0,0.342,3,0.239,1,2.05,0.9284,0.1728,0.5079,0.4323,0.2647,0.9274,0.4084,0.3746
766,655,29,1,0,7,1.6,2024-05-22 10:00:00,45.824566,15.987044,0,3,0,0.215,2,0.58,0,3.81,0.8501,0.3084,0.3063,0.3951,0.658,0.1737,0.3688,0.2978
767,1129,10,4,2,9,1.3,2023-07-06 20:00:00,45.786566,16.032033,2,4,2,0.222,2,1.091,0,1.33,0.8509,0.594,0.6643,0.9436,0.1799,0.3895,0.8057,0.4115
768,8215,0,1,1,13,0.8,2024-11-20 19:00:00,45.819878,15.969327,0,3,2,0.614,8,0.927,1,2.7,0.8398,0.2696,0.2644,0.3865,0.5683,0.1295,0.4301,0.2129
769,5931,9,1,3,6,0.9,2023-06-15 10:00:00,45.782815,16.054012,2,4,0,0.362,2,0.378,0,3.55,0.7443,0.266,0.3088,0.3583,0.6,0.1595,0.4878,0.2634
770,2261,27,7,3,8,0.8,2024-04-22 20:00:00,45.814926,15.891487,4,1,2,0.206,2,1.083,0,2.49,0.4152,0.4069,0.5684,0.4412,0.9384,0.2567,0.3594,0.6999
771,2453,18,7,0,15,1.2,2023-12-06 19:00:00,45.82913,15.998137,0,3,2,0.472,7,0.149,1,2.92,0.4887,0.4285,0.7102,0.419,0.902,0.2439,0.4573,0.7071
772,901,1,1,1,8,1.8,2023-05-02 11:00:00,45.757181,15.989345,3,2,0,0.566,5,1.244,1,2.73,0.7824,0.2241,0.3495,0.3665,0.6807,0.2248,0.4944,0.2505
773,1997,14,5,0,8,2.5,2024-03-14 10:00:00,45.842196,15.954659,1,4,0,0.742,6,0.67,1,2.95,0.3098,0.4891,0.0447,0.6145,0.3199,0.5475,0.3832,0.3406
774,2512,19,4,1,13,0.9,2024-03-22 18:00:00,45.747911,15.991147,3,5,2,0.173,2,0.843,0,2.92,0.7726,0.5501,0.6672,0.7788,0.0957,0.4624,0.7864,0.4402
775,5951,29,1,0,11,0.5,2024-02-11 11:00:00,45.768124,15.97172,3,0,0,0.635,7,0.936,1,3.7,0.8578,0.4081,0.3342,0.4075,0.592,0.1949,0.6005,0.2764
776,3830,2,0,0,6,1.3,2023-09-04 19:00:00,45.859126,15.960994,1,1,2,0.308,2,1.197,0,2.42,0.8699,0.3034,0.5227,0.5478,0.3231,0.8459,0.3537,0.284
777,2974,9,1,1,6,1.5,2023-11-03 19:00:00,45.809881,16.046821,2,5,2,0.269,2,1.384,0,3.61,0.7498,0.2993,0.3607,0.4081,0.5953,0.1467,0.6115,0.3468
778,4208,13,6,2,7,1.4,2023-07-15 18:00:00,45.850418,15.951837,1,6,2,0.669,5,0.592,1,1.2,0.6275,0.444,0.2495,0.6756,0.2159,0.1735,0.8966,0.4872
779,7891,6,2,0,3,1.5,2023-06-12 20:00:00,45.865091,15.943496,1,1,2,0.444,1,1.155,0,2.22,0.3149,0.9579,0.2586,0.6482,0.3018,0.3137,0.3185,0.4926
780,6954,15,0,2,11,0.6,2023-07-31 10:00:00,45.782341,16.053856,2,1,0,0.614,7,0.679,1,3.3,0.9167,0.2692,0.4958,0.4089,0.1989,0.9203,0.3784,0.3188
781,6739,1,1,1,3,2.1,2023-05-16 18:00:00,45.81849,15.975752,0,2,2,0.306,1,0.798,0,3.41,0.8268,0.2879,0.3929,0.3211,0.6278,0.0939,0.4234,0.3238
782,6223,15,0,3,12,1.8,2023-08-09 20:00:00,45.859943,15.951649,1,3,2,0.473,6,1.254,1,2.71,0.8671,0.3451,0.5041,0.5178,0.1975,0.9563,0.2719,0.2171
783,100,4,6,2,6,1.5,2024-06-22 09:00:00,45.811801,15.886689,4,6,0,0.086,1,0.72,0,1.83,0.6819,0.2981,0.3683,0.6461,0.1557,0.1822,0.8314,0.501
784,4565,8,0,1,7,1.9,2024-03-18 20:00:00,45.812684,15.883437,4,1,2,0.527,4,0.669,1,3.68,0.8892,0.2791,0.5183,0.5067,0.3029,0.8984,0.3344,0.1189
785,1232,5,5,0,11,1.7,2024-07-08 11:00:00,45.855215,15.945586,1,1,0,0.461,5,0.419,1,2.41,0.3235,0.4932,0.1134,0.5414,0.4298,0.6543,0.4082,0.3237
786,6082,14,5,1,3,2.0,2024-04-07 18:00:00,45.802286,15.988069,0,0,2,0.174,1,1.054,0,3.65,0.2607,0.4989,0.1391,0.6323,0.3456,0.6491,0.3468,0.3019
787,5348,19,4,2,8,1.5,2023-09-09 11:00:00,45.756197,15.973649,3,6,0,0.792,6,0.69,1,2.6,0.7268,0.5977,0.7096,0.8731,0.2563,0.4382,0.8951,0.4429
788,2192,4,6,1,14,1.3,2023-02-18 20:00:00,45.826905,15.897774,4,6,2,0.331,5,0.689,1,2.16,0.6623,0.3003,0.3462,0.7006,0.2194,0.1858,0.9396,0.4172
789,6757,1,1,1,9,0.9,2023-03-02 09:00:00,45.809852,15.874546,4,4,0,0.815,7,0.447,1,2.39,0.727,0.3208,0.3583,0.4135,0.6312,0.1197,0.5596,0.3005
790,5149,1,1,1,20,1.8,2023-01-29 11:00:00,45.817564,15.894293,4,0,0,0.43,9,0.996,2,3.27,0.8414,0.2651,0.2909,0.297,0.5161,0.1649,0.5271,0.3547
791,7108,2,0,1,3,2.0,2023-08-06 19:00:00,45.815676,15.896354,4,0,2,0.318,1,0.818,0,3.68,0.8642,0.2877,0.527,0.5007,0.2451,0.9078,0.3708,0.3099
792,5753,16,2,0,17,1.6,2023-11-10 09:00:00,45.818063,15.970797,0,5,0,0.41,7,0.202,1,3.33,0.423,0.9136,0.0998,0.7485,0.3327,0.2599,0.3429,0.5183
793,6226,8,0,0,15,1.7,2024-09-27 09:00:00,45.752433,15.967088,3,5,0,0.746,11,1.212,2,3.0,0.8821,0.4048,0.5871,0.5148,0.1643,0.8333,0.381,0.3249
794,3822,14,5,2,6,1.1,2023-04-21 11:00:00,45.847441,15.944218,1,5,0,0.193,1,1.21,0,2.34,0.3734,0.4153,0.1207,0.5948,0.2887,0.7032,0.4373,0.3337
795,971,7,0,1,11,1.5,2023-09-02 11:00:00,45.747844,15.970113,3,6,0,0.597,7,0.864,1,1.81,0.9445,0.3059,0.4604,0.5405,0.1672,0.956,0.4621,0.367
796,7410,1,1,1,15,1.4,2023-03-28 20:00:00,45.854038,15.943904,1,2,2,0.096,1,0.895,0,3.46,0.8447,0.2166,0.1948,0.4132,0.6089,0.2198,0.4699,0.2975
797,700,4,6,1,3,1.7,2023-03-22 19:00:00,45.750331,15.97044,3,3,2,0.857,3,0.442,1,2.54,0.6827,0.2913,0.2199,0.6758,0.1876,0.181,0.9199,0.5839
798,1998,14,5,1,7,1.3,2023-08-15 18:00:00,45.816353,15.972403,0,2,2,0.895,6,0.943,1,3.09,0.352,0.5196,0.0749,0.4864,0.327,0.6177,0.4344,0.3328
799,5266,2,0,2,11,2.3,2023-03-19 19:00:00,45.795994,16.045968,2,0,2,0.379,4,0.431,1,2.5,0.842,0.2722,0.4418,0.492,0.2368,0.9734,0.5108,0.3009
800,5463,27,7,0,14,1.2,2023-10-20 20:00:00,45.792147,16.042312,2,5,2,0.731,10,0.178,2,2.08,0.4581,0.5099,0.6457,0.4786,0.9689,0.3708,0.3029,0.7429
801,2327,19,4,0,6,1.4,2024-04-07 20:00:00,45.806262,15.87996,4,0,2,0.344,2,0.957,0,2.5,0.8267,0.4755,0.6958,0.9014,0.2665,0.3604,0.7243,0.4138
802,5105,19,4,2,31,2.2,2024-12-17 19:00:00,45.812093,15.883071,4,2,2,0.664,21,0.978,2,1.64,0.8069,0.6066,0.5811,0.8678,0.2238,0.3981,0.8598,0.4202
803,4991,2,0,1,14,1.5,2024-07-10 18:00:00,45.830368,15.889529,4,3,2,0.471,7,0.158,1,1.38,0.8704,0.2946,0.3875,0.4139,0.1732,0.9085,0.3976,0.2182
804,1979,8,0,0,6,1.8,2024-11-24 20:00:00,45.85073,15.942479,1,0,2,0.6,4,0.916,1,2.87,0.8488,0.2903,0.5533,0.5716,0.2054,0.9541,0.3106,0.3107
805,6648,1,1,0,13,0.5,2024-12-16 09:00:00,45.868714,15.945584,1,1,0,0.439,6,0.976,1,2.32,0.8068,0.2575,0.2704,0.4694,0.6312,0.2816,0.5047,0.4624
806,2268,16,2,1,7,1.1,2024-10-08 10:00:00,45.811602,15.889808,4,2,0,0.693,5,0.663,1,3.68,0.3727,0.866,0.1108,0.6991,0.3015,0.3589,0.2899,0.4863
807,1271,19,4,1,12,0.5,2024-12-30 20:00:00,45.761043,15.982573,3,1,2,0.259,3,0.578,1,3.49,0.749,0.6305,0.6855,0.8666,0.2108,0.3901,0.8851,0.4236
808,7958,2,0,0,10,0.9,2024-02-23 10:00:00,45.752633,15.965754,3,5,0,0.465,5,1.106,1,2.64,0.909,0.2926,0.4783,0.5309,0.1875,0.8076,0.3259,0.3897
809,5556,0,1,1,6,1.4,2023-08-08 20:00:00,45.75747,15.974605,3,2,2,0.628,4,0.861,1,3.31,0.7705,0.3262,0.2351,0.4101,0.5872,0.1681,0.5027,0.397
810,1532,1,1,0,2,2.1,2024-11-06 11:00:00,45.789003,16.060134,2,3,0,0.204,0,1.032,0,1.84,0.766,0.2927,0.3376,0.3955,0.6475,0.1196,0.4744,0.3355
811,2940,9,1,0,4,1.2,2024-10-29 09:00:00,45.745548,15.979175,3,2,0,0.241,1,0.929,0,2.67,0.8439,0.2991,0.3903,0.3585,0.6602,0.1794,0.434,0.287
812,8711,8,0,1,7,0.9,2024-08-04 10:00:00,45.796496,15.887396,4,0,0,0.634,4,1.111,1,3.44,0.9115,0.1937,0.4533,0.482,0.2109,0.8921,0.3544,0.2096
813,6713,15,0,2,6,1.7,2023-04-02 18:00:00,45.81947,15.980579,0,0,2,0.418,3,1.091,1,2.14,0.8031,0.3705,0.5486,0.5721,0.2046,0.9496,0.4205,0.3363
814,4467,15,0,2,17,1.0,2023-06-06 10:00:00,45.824854,15.893054,4,2,0,0.135,2,0.557,0,3.06,0.9938,0.2604,0.5156,0.5442,0.2191,0.8703,0.5458,0.3208
815,2681,1,1,0,11,1.7,2023-06-22 18:00:00,45.804958,16.03654,2,4,2,0.086,1,0.179,0,3.32,0.7482,0.2232,0.3536,0.3704,0.5494,0.2457,0.6147,0.3371
816,8645,30,5,0,3,1.2,2023-06-13 18:00:00,45.807515,16.00153,0,2,2,0.04,0,0.505,0,3.15,0.3365,0.5337,0.0637,0.5587,0.2934,0.4873,0.42,0.2211
817,8466,10,4,2,9,2.6,2023-04-22 20:00:00,45.851696,15.95218,1,6,2,0.414,4,0.18,1,3.5,0.7852,0.5851,0.6992,0.9466,0.2236,0.3921,0.7971,0.4972
818,1693,13,6,1,8,1.4,2023-07-19 09:00:00,45.811006,15.901396,4,3,0,0.086,1,1.125,0,1.7,0.6844,0.2674,0.3215,0.6707,0.3137,0.1543,0.9005,0.4882
819,3422,1,1,0,6,2.1,2023-12-18 18:00:00,45.758499,15.973313,3,1,2,0.534,3,1.073,1,1.95,0.7878,0.3523,0.28,0.3297,0.635,0.2023,0.4255,0.24
820,6610,20,5,2,10,0.7,2024-11-19 09:00:00,45.828163,15.8837,4,2,0,0.694,7,0.866,1,3.62,0.3844,0.496,0.1037,0.5647,0.2048,0.5711,0.4322,0.2398
821,8212,2,0,1,4,1.4,2023-07-30 20:00:00,45.808238,15.981577,0,0,2,0.106,0,0.629,0,2.46,0.9358,0.3011,0.5304,0.5272,0.1884,0.8769,0.368,0.317
822,5116,16,2,0,9,2.0,2023-01-23 20:00:00,45.859572,15.948821,1,1,2,0.151,1,0.314,0,3.3,0.3646,0.906,0.2097,0.706,0.1982,0.3372,0.2853,0.5606
823,1503,1,1,0,7,1.7,2024-07-21 11:00:00,45.822328,15.884504,4,0,0,0.359,3,0.468,1,3.43,0.8063,0.3437,0.284,0.4311,0.5766,0.1359,0.5286,0.2607
824,6971,2,0,1,5,1.1,2023-04-27 09:00:00,45.823829,15.895352,4,4,0,0.226,1,0.931,0,3.3,0.9475,0.3553,0.5635,0.5929,0.1899,0.8345,0.5052,0.4006
825,1205,4,6,1,3,1.1,2024-09-20 10:00:00,45.820823,15.976897,0,5,0,0.564,2,0.817,0,3.38,0.6277,0.406,0.3297,0.6846,0.2472,0.172,0.851,0.4863
826,4087,4,6,1,8,1.7,2024-12-08 10:00:00,45.850508,15.947911,1,0,0,0.117,1,0.947,0,3.33,0.7263,0.2441,0.3116,0.7431,0.1425,0.1662,0.9015,0.4834
827,1860,13,6,1,5,1.3,2023-11-05 09:00:00,45.850516,15.944242,1,0,0,0.281,1,1.315,0,2.7,0.8204,0.3832,0.3098,0.7423,0.1728,0.0854,1.0,0.5371
828,699,1,1,0,6,2.1,2023-11-30 11:00:00,45.864154,15.946118,1,4,0,0.048,0,1.059,0,2.64,0.8754,0.311,0.286,0.5346,0.6099,0.1806,0.4034,0.294
829,7861,4,6,3,13,1.2,2023-10-30 19:00:00,45.81997,15.877383,4,1,2,0.139,2,1.23,0,3.07,0.8461,0.3631,0.2469,0.7016,0.1332,0.1554,0.9325,0.5514
830,1972,2,0,1,17,2.0,2024-12-08 19:00:00,45.754003,15.98488,3,0,2,0.203,3,0.822,1,3.53,0.9408,0.3699,0.5262,0.4929,0.2156,0.8599,0.4249,0.3623
831,2034,3,2,1,7,2.3,2023-01-16 10:00:00,45.796218,16.0423,2,1,0,0.244,2,0.558,0,2.63,0.4046,0.8667,0.1741,0.6072,0.3305,0.3454,0.2853,0.4768
832,8871,16,2,1,6,1.2,2024-06-01 19:00:00,45.805077,15.88897,4,6,2,0.144,1,0.379,0,3.32,0.5007,0.8824,0.2012,0.6721,0.3092,0.35,0.2891,0.4255
833,6207,13,6,1,15,1.2,2023-05-12 19:00:00,45.8421,15.954819,1,5,2,0.1,2,0.306,0,2.26,0.6292,0.3147,0.2781,0.5907,0.2627,0.2047,0.8795,0.4699
834,4767,3,2,1,3,0.5,2023-12-02 20:00:00,45.854229,15.939136,1,6,2,0.276,1,0.308,0,2.76,0.4935,0.8949,0.2193,0.6586,0.3205,0.2552,0.3038,0.4694
835,6978,25,3,1,6,0.9,2024-01-03 20:00:00,45.848011,15.950336,1,3,2,0.296,2,1.387,0,1.67,0.5071,0.5012,0.9208,0.612,0.7949,0.2107,0.5118,0.741
836,5884,2,0,0,11,1.6,2023-06-24 18:00:00,45.768313,15.991266,3,6,2,0.254,3,0.731,1,3.83,0.8554,0.2981,0.5129,0.5843,0.1963,0.8659,0.4304,0.3373
837,1871,14,5,0,6,1.7,2023-10-15 18:00:00,45.845743,15.974072,1,0,2,0.142,1,1.332,0,2.02,0.3921,0.4838,0.0142,0.5233,0.3473,0.5921,0.29,0.2579
838,3870,3,2,0,8,2.4,2023-10-19 19:00:00,45.825413,15.893326,4,4,2,0.562,4,0.902,1,1.34,0.4549,0.9094,0.0829,0.7081,0.2182,0.2314,0.2747,0.5277
839,8706,6,2,0,6,1.3,2024-12-26 11:00:00,45.822821,15.993532,0,4,0,0.374,2,0.719,0,2.89,0.4156,0.9711,0.2426,0.764,0.2487,0.3535,0.3162,0.4999
840,620,10,4,0,6,1.0,2023-06-18 10:00:00,45.849842,15.950982,1,0,0,0.17,1,0.604,0,3.46,0.7491,0.6708,0.6974,0.8826,0.2039,0.4335,0.7935,0.3544
841,2918,2,0,0,4,0.5,2023-05-03 10:00:00,45.80651,15.975233,0,3,0,0.37,1,1.353,0,3.5,0.8774,0.3221,0.4809,0.5157,0.1576,1.0,0.4322,0.2112
842,3714,20,5,0,6,2.2,2023-04-30 18:00:00,45.798892,15.872469,4,0,2,0.31,2,1.128,0,3.47,0.2191,0.4933,0.0361,0.5545,0.3221,0.6113,0.3489,0.341
843,1715,2,0,3,13,1.5,2024-10-13 18:00:00,45.821396,15.979219,0,0,2,0.209,3,1.295,1,2.75,0.956,0.3264,0.4569,0.5443,0.1747,0.9725,0.4054,0.3037
844,4373,3,2,0,9,1.1,2023-01-12 09:00:00,45.810849,15.903168,4,4,0,0.235,2,0.368,0,3.54,0.4094,0.8608,0.2404,0.6964,0.199,0.3362,0.2229,0.6183
845,111,2,0,2,4,2.2,2023-12-19 11:00:00,45.811423,15.909342,4,2,0,0.735,3,0.36,1,3.88,0.9079,0.3134,0.6046,0.4918,0.2143,0.8343,0.4345,0.2847
846,515,2,0,0,6,1.4,2023-07-21 19:00:00,45.836065,15.878926,4,5,2,0.257,2,1.032,0,3.6,0.9342,0.3581,0.468,0.4783,0.1367,0.8776,0.507,0.4087
847,6100,14,5,1,6,1.5,2024-09-11 11:00:00,45.817406,15.88264,4,3,0,0.241,1,1.087,0,2.5,0.3325,0.5519,0.086,0.61,0.301,0.5426,0.3592,0.3694
848,5508,1,1,1,4,1.8,2023-06-08 10:00:00,45.751169,15.97096,3,4,0,0.207,1,0.753,0,2.36,0.7739,0.2193,0.3527,0.3471,0.5491,0.192,0.441,0.2919
849,2030,12,0,0,15,0.9,2024-10-02 19:00:00,45.790999,16.056515,2,3,2,0.054,1,1.417,0,1.58,0.8998,0.3314,0.5332,0.5934,0.2027,0.7585,0.4183,0.3138
850,836,6,2,1,12,1.7,2023-10-06 09:00:00,45.80658,15.961479,0,5,0,0.215,3,0.517,1,3.18,0.4207,0.8764,0.2393,0.886,0.2051,0.2797,0.2385,0.419
851,8409,3,2,0,5,0.9,2024-09-03 19:00:00,45.811514,15.895833,4,2,2,0.651,3,0.658,1,1.51,0.4503,0.8723,0.1318,0.6856,0.3225,0.2768,0.3022,0.4697
852,497,16,2,2,26,2.6,2023-04-28 19:00:00,45.804192,15.977412,0,5,2,0.061,2,0.638,0,2.52,0.4252,0.958,0.2105,0.7028,0.4013,0.325,0.2563,0.408
853,7789,7,0,1,27,1.0,2024-10-17 20:00:00,45.734571,15.980236,3,4,2,0.312,8,0.481,1,3.42,0.9236,0.3104,0.4898,0.4775,0.1416,0.8494,0.3806,0.3865
854,3423,3,2,1,11,1.3,2023-11-01 11:00:00,45.854377,15.962318,1,3,0,0.231,3,0.123,1,2.98,0.3608,0.893,0.2019,0.6942,0.3777,0.205,0.3306,0.5135
855,842,9,1,2,6,1.3,2023-02-21 11:00:00,45.853507,15.942534,1,2,0,0.194,1,1.175,0,3.87,0.8423,0.3312,0.2403,0.3649,0.5459,0.2386,0.4839,0.3116
856,6408,24,3,0,9,1.2,2023-03-23 18:00:00,45.743376,15.978736,3,4,2,0.347,3,1.222,1,1.95,0.5069,0.5177,0.9282,0.5916,0.8773,0.1848,0.4769,0.8587
857,3730,6,2,0,6,1.2,2024-07-18 20:00:00,45.78899,15.992512,0,4,2,0.582,3,1.002,1,3.74,0.339,0.8741,0.1439,0.6954,0.2758,0.3334,0.2848,0.5013
858,3560,3,2,0,10,2.0,2023-09-28 11:00:00,45.804611,15.893779,4,4,0,0.21,2,1.094,0,2.51,0.3968,0.9073,0.2432,0.6871,0.2897,0.258,0.299,0.5238
859,789,15,0,0,16,0.5,2024-01-17 20:00:00,45.851392,15.954113,1,3,2,0.377,6,0.309,1,1.76,0.9255,0.3574,0.4921,0.5453,0.2066,0.8755,0.4355,0.3413
860,3595,13,6,2,4,2.1,2023-08-18 20:00:00,45.790288,16.036509,2,5,2,0.314,1,0.704,0,1.43,0.7096,0.2475,0.2653,0.7578,0.301,0.2638,0.8831,0.4462
861,1822,1,1,1,8,0.7,2024-03-03 11:00:00,45.786344,16.052361,2,0,0,0.293,2,0.154,0,2.29,0.8404,0.316,0.3303,0.4089,0.5671,0.2125,0.4026,0.1843
862,5984,2,0,0,7,1.6,2023-06-28 20:00:00,45.788768,16.036053,2,3,2,0.073,1,0.569,0,1.99,0.852,0.282,0.5305,0.5629,0.1269,0.911,0.3491,0.2898
863,2428,29,1,3,13,0.5,2024-03-23 20:00:00,45.860586,15.967065,1,6,2,0.684,9,0.47,2,2.28,0.7481,0.2992,0.2997,0.4679,0.6226,0.1486,0.4767,0.3296
864,4942,9,1,1,9,2.1,2023-10-22 19:00:00,45.823359,15.899304,4,0,2,0.157,1,0.54,0,3.34,0.7775,0.2771,0.2859,0.4563,0.5995,0.2371,0.4527,0.256
865,8535,11,3,0,8,1.5,2023-10-14 11:00:00,45.793357,16.048094,2,6,0,0.291,2,1.052,0,2.38,0.3831,0.4534,0.916,0.585,0.7843,0.1373,0.6141,0.8587
866,6990,1,1,1,8,2.0,2024-08-22 19:00:00,45.84436,15.943236,1,4,2,0.438,4,0.698,1,2.7,0.7913,0.292,0.328,0.3375,0.6169,0.1441,0.4985,0.2679
867,805,1,1,2,10,1.5,2024-06-25 10:00:00,45.873136,15.954414,1,2,0,0.547,5,0.532,1,3.28,0.7746,0.254,0.2878,0.4629,0.637,0.2007,0.4015,0.3519
868,1156,2,0,0,13,1.8,2024-03-12 19:00:00,45.800004,15.965758,0,2,2,0.241,3,0.536,1,3.86,0.8452,0.2285,0.4916,0.4432,0.1794,0.8929,0.4634,0.3198
869,7023,29,1,0,6,1.9,2024-08-12 19:00:00,45.806301,15.985663,0,1,2,0.452,3,0.435,1,2.05,0.8442,0.2585,0.2785,0.4141,0.5771,0.1565,0.5582,0.2778
870,6162,4,6,1,10,0.7,2024-01-14 18:00:00,45.859476,15.96721,1,0,2,0.241,2,0.591,0,1.68,0.7515,0.3656,0.2509,0.6854,0.191,0.1798,0.9007,0.4372
871,8803,6,2,1,8,1.5,2024-10-23 11:00:00,45.795632,15.996853,0,3,0,0.461,4,0.844,1,2.92,0.408,0.9378,0.1666,0.6751,0.2899,0.2156,0.3233,0.5573
872,3659,4,6,0,11,1.8,2024-02-03 10:00:00,45.844643,15.93872,1,6,0,0.06,1,0.426,0,3.08,0.7678,0.2632,0.4008,0.7061,0.1837,0.1751,0.861,0.5317
873,2430,2,0,1,18,1.7,2024-08-03 19:00:00,45.802852,16.0574,2,6,2,0.377,7,0.337,1,3.19,0.8976,0.2669,0.422,0.4609,0.1951,0.9531,0.3715,0.3317
874,457,1,1,2,8,1.1,2024-04-21 20:00:00,45.826135,15.978145,0,0,2,0.375,3,0.165,1,3.26,0.8462,0.2426,0.2562,0.3009,0.5696,0.13,0.5014,0.2665
875,190,18,7,1,3,1.5,2023-11-29 09:00:00,45.7915,16.028599,2,3,0,0.153,0,1.101,0,2.71,0.4582,0.3409,0.6115,0.5193,0.8997,0.246,0.5354,0.7114
876,8210,11,3,2,13,1.8,2023-10-02 18:00:00,45.819162,15.982913,0,1,2,0.307,4,0.162,1,2.81,0.5391,0.5627,0.8893,0.6029,0.7963,0.0809,0.5466,0.8434
877,6667,27,7,1,17,2.2,2023-04-19 09:00:00,45.756292,15.960053,3,3,0,0.453,8,0.349,1,3.12,0.525,0.3493,0.4867,0.5007,0.9259,0.2798,0.331,0.7841
878,3520,2,0,1,8,2.1,2024-02-12 18:00:00,45.809966,16.050658,2,1,2,0.612,5,0.927,1,2.18,0.9297,0.3288,0.5492,0.5358,0.2271,0.9112,0.3413,0.3067
879,2733,2,0,0,6,0.7,2023-05-25 10:00:00,45.846498,15.947624,1,4,0,0.75,4,0.626,1,1.81,0.8794,0.3895,0.5918,0.4679,0.2718,0.8813,0.3214,0.3002
880,2991,1,1,2,11,1.0,2024-09-13 09:00:00,45.796545,15.987187,0,5,0,0.281,3,0.28,1,3.58,0.9389,0.3014,0.2714,0.4174,0.5721,0.1411,0.5407,0.2738
881,8396,1,1,2,20,1.0,2024-02-17 18:00:00,45.829893,15.973166,0,6,2,0.542,11,0.905,2,3.84,0.8179,0.2943,0.3181,0.3829,0.5266,0.2019,0.5194,0.2905
882,4716,2,0,0,3,2.1,2024-04-19 20:00:00,45.778682,16.029104,2,5,2,0.623,2,1.207,0,2.4,0.819,0.3413,0.4784,0.5037,0.1897,0.8987,0.3573,0.2801
883,1735,11,3,2,7,1.4,2023-09-08 19:00:00,45.795,16.045704,2,5,2,0.122,1,0.976,0,2.72,0.5393,0.402,0.8937,0.5798,0.8313,0.2757,0.3927,0.7977
884,6300,4,6,3,6,0.9,2023-11-20 10:00:00,45.807299,15.896661,4,1,0,0.159,1,0.974,0,2.15,0.7203,0.3107,0.2612,0.7576,0.1997,0.2291,0.8732,0.4525
885,5802,0,1,2,7,1.2,2024-10-08 11:00:00,45.812453,15.875837,4,2,0,0.73,5,0.523,1,2.18,0.805,0.3515,0.203,0.408,0.5839,0.2426,0.5438,0.3541
886,8106,10,4,2,26,1.2,2024-03-01 09:00:00,45.801782,16.041009,2,5,0,0.284,7,0.395,1,2.08,0.7477,0.6084,0.7699,0.9482,0.1937,0.355,0.8304,0.502
887,8230,6,2,1,3,2.3,2023-10-07 20:00:00,45.817425,15.981179,0,6,2,0.205,1,1.193,0,3.5,0.4056,0.8578,0.068,0.6033,0.3107,0.3085,0.3205,0.4613
888,4083,27,7,0,3,2.1,2023-02-14 10:00:00,45.821657,15.876637,4,2,0,0.55,2,1.338,0,2.17,0.523,0.4643,0.5479,0.5231,0.8856,0.2984,0.3717,0.7368
889,3196,25,3,0,21,1.7,2024-02-21 09:00:00,45.754346,15.969745,3,3,0,0.117,2,0.335,0,3.58,0.4385,0.5772,0.9231,0.5783,0.8252,0.2121,0.5723,0.7994
890,6943,26,7,2,2,1.4,2023-01-24 20:00:00,45.814841,15.893112,4,2,2,0.391,1,0.937,0,2.37,0.4836,0.3874,0.5921,0.5051,0.9173,0.26,0.4604,0.7444
891,5149,5,5,3,19,0.5,2024-05-08 19:00:00,45.849352,15.9477,1,3,2,0.544,10,0.398,2,3.85,0.2458,0.4988,0.0845,0.6374,0.3044,0.5418,0.2922,0.2691
892,8810,9,1,0,5,0.8,2024-07-01 19:00:00,45.752425,15.973328,3,1,2,0.393,2,0.981,0,2.51,0.8666,0.3442,0.2588,0.4159,0.6157,0.2,0.4558,0.3584
893,7612,24,3,0,9,1.3,2024-02-20 18:00:00,45.80464,16.040164,2,2,2,0.405,4,1.07,1,2.95,0.4289,0.4268,0.9172,0.4853,0.7433,0.134,0.5944,0.8529
894,6224,4,6,0,3,1.6,2023-11-24 20:00:00,45.746649,15.977766,3,5,2,0.17,1,0.268,0,3.56,0.776,0.3625,0.34,0.6779,0.2318,0.1776,0.9146,0.5714
895,6063,4,6,1,14,1.9,2023-12-19 11:00:00,45.743772,15.970245,3,2,0,0.198,3,1.267,1,2.76,0.6805,0.3031,0.1897,0.6815,0.1878,0.2411,0.9374,0.4747
896,6122,10,4,1,3,1.0,2024-01-27 10:00:00,45.815805,15.98285,0,6,0,0.642,2,1.028,0,1.38,0.8134,0.5598,0.7802,0.8539,0.209,0.4023,0.8231,0.4789
897,3647,10,4,2,20,1.2,2024-01-08 10:00:00,45.813918,15.894946,4,1,0,0.394,8,0.039,1,2.39,0.8291,0.5874,0.6783,0.8652,0.2077,0.3557,0.7926,0.4042
898,7588,0,1,1,4,0.8,2023-01-08 18:00:00,45.85753,15.949064,1,0,2,0.081,0,1.089,0,2.08,0.8516,0.3193,0.306,0.4423,0.611,0.1691,0.5261,0.3436
899,8942,26,7,0,10,1.2,2024-01-02 11:00:00,45.749848,15.978619,3,2,0,0.316,3,0.278,1,1.82,0.4884,0.3609,0.5798,0.5102,0.8464,0.2471,0.3732,0.7378
900,6993,19,4,0,10,1.8,2023-11-09 09:00:00,45.821837,15.973734,0,4,0,0.66,7,0.608,1,2.76,0.7956,0.5573,0.6639,0.9778,0.2538,0.4229,0.8893,0.4084
901,2707,29,1,1,15,0.7,2023-12-11 09:00:00,45.759305,15.974354,3,1,0,0.328,5,1.203,1,2.49,0.7829,0.3092,0.2708,0.3692,0.6216,0.225,0.5376,0.342
902,7605,4,6,1,8,1.6,2023-12-30 20:00:00,45.80292,15.899638,4,6,2,0.287,2,0.432,0,2.49,0.6859,0.3415,0.3415,0.7398,0.2315,0.2751,0.8546,0.569
903,635,28,0,0,10,1.4,2024-07-02 09:00:00,45.75682,15.970061,3,2,0,0.636,6,0.69,1,2.49,0.8598,0.1996,0.5316,0.5274,0.1787,0.8496,0.3936,0.316
904,7170,1,1,1,13,2.1,2024-08-28 09:00:00,45.836729,15.962808,1,3,0,0.315,4,0.771,1,3.44,0.8236,0.3026,0.3711,0.4463,0.5359,0.1955,0.5314,0.2905
905,994,27,7,0,16,2.2,2023-12-27 20:00:00,45.806537,15.881773,4,3,2,0.174,3,0.02,1,2.24,0.3981,0.3982,0.5951,0.4998,0.8684,0.3136,0.401,0.6874
906,746,4,6,0,7,1.9,2024-08-28 09:00:00,45.850688,15.968281,1,3,0,0.061,0,1.133,0,2.33,0.708,0.2709,0.1836,0.7298,0.1918,0.173,0.9181,0.4854
907,7623,1,1,1,5,1.6,2023-01-27 09:00:00,45.78474,16.042176,2,5,0,0.905,5,1.161,1,1.47,0.875,0.309,0.3887,0.3513,0.6365,0.1471,0.511,0.2814
908,7216,25,3,1,6,0.5,2024-07-03 19:00:00,45.767272,15.981014,3,3,2,0.184,1,0.459,0,3.52,0.5041,0.5577,0.9208,0.6142,0.8323,0.2251,0.4193,0.8381
909,925,4,6,1,9,1.4,2023-02-20 18:00:00,45.783224,16.031362,2,1,2,0.395,4,1.202,1,2.83,0.8082,0.2639,0.2461,0.7173,0.2451,0.1658,0.9208,0.5335
910,6596,24,3,1,24,1.7,2023-12-13 18:00:00,45.843328,15.94662,1,3,2,0.09,2,0.07,0,1.99,0.4336,0.4805,0.935,0.5852,0.7589,0.258,0.5136,0.7594
911,7130,4,6,2,13,1.5,2024-01-19 19:00:00,45.828347,15.881508,4,5,2,0.162,2,0.273,0,2.57,0.7596,0.3752,0.2191,0.7409,0.1945,0.1455,0.9432,0.4508
912,8978,1,1,0,8,0.9,2024-12-07 20:00:00,45.800085,15.978345,0,6,2,0.48,4,1.356,1,2.74,0.7796,0.3102,0.3007,0.5658,0.51,0.2056,0.6474,0.2492
913,2847,8,0,2,4,1.2,2024-07-03 18:00:00,45.833092,15.994725,0,3,2,0.608,2,0.121,0,2.66,0.8609,0.3423,0.5438,0.5794,0.0821,0.9552,0.3625,0.2823
914,7272,28,0,1,19,2.5,2023-04-22 19:00:00,45.810733,15.889774,4,6,2,0.478,9,1.026,2,3.25,0.9135,0.2643,0.4568,0.5005,0.2681,0.8935,0.3705,0.2382
915,6456,15,0,1,4,1.3,2024-11-11 11:00:00,45.796981,16.029283,2,1,0,0.529,2,1.024,0,2.66,0.8973,0.3676,0.4529,0.4542,0.1636,0.9411,0.3892,0.3528
916,8842,1,1,2,6,0.6,2023-03-30 18:00:00,45.792576,16.044637,2,4,2,0.654,4,0.795,1,1.02,0.7608,0.3022,0.2704,0.4168,0.6771,0.1984,0.3902,0.2241
917,8323,11,3,2,8,1.1,2024-10-28 20:00:00,45.855558,15.948498,1,1,2,0.074,1,0.957,0,3.43,0.4467,0.518,0.8947,0.5786,0.7621,0.2053,0.4282,0.828
918,422,2,0,1,7,1.7,2024-12-29 19:00:00,45.800709,15.968368,0,0,2,0.742,5,0.482,1,3.65,0.8875,0.314,0.4893,0.4296,0.2283,0.8721,0.3616,0.3808
919,1581,13,6,0,4,1.7,2024-11-07 10:00:00,45.788633,16.042287,2,4,0,0.401,2,0.708,0,3.0,0.7229,0.3041,0.3465,0.7567,0.1387,0.2013,0.8352,0.4726
920,5057,27,7,1,8,3.4,2024-12-20 20:00:00,45.781402,16.037164,2,5,2,0.142,1,0.362,0,3.26,0.5284,0.3615,0.6087,0.4789,0.8273,0.2862,0.3996,0.7103
921,3732,4,6,1,11,1.8,2023-02-08 10:00:00,45.819936,15.971102,0,3,0,0.233,3,0.531,1,3.66,0.6414,0.3038,0.2735,0.6111,0.19,0.1589,0.8961,0.4982
922,7701,9,1,0,3,1.0,2024-04-22 11:00:00,45.797523,16.049989,2,1,0,0.37,1,1.181,0,3.66,0.879,0.2813,0.3903,0.3271,0.6624,0.2918,0.4596,0.2569
923,4122,1,1,1,5,1.4,2024-09-24 20:00:00,45.744443,15.981283,3,2,2,0.412,2,1.062,0,3.21,0.8275,0.2922,0.2926,0.3404,0.6764,0.1198,0.4871,0.2785
924,2242,17,0,1,14,1.4,2023-12-07 20:00:00,45.82047,15.967239,0,4,2,0.801,11,1.092,2,3.43,0.8856,0.3695,0.4665,0.4651,0.3102,0.9467,0.3759,0.1729
925,6943,8,0,0,11,0.8,2023-09-13 20:00:00,45.766058,15.963091,3,3,2,0.454,5,0.287,1,2.29,0.823,0.2445,0.5108,0.4241,0.2866,0.9449,0.366,0.2693
926,6217,30,5,1,8,1.6,2024-08-28 10:00:00,45.789755,16.033059,2,3,0,0.306,2,0.601,0,3.2,0.2856,0.5246,0.0,0.5732,0.2319,0.5789,0.4696,0.2888
927,5444,29,1,0,6,1.8,2023-05-07 18:00:00,45.801347,15.968315,0,0,2,0.311,2,0.268,0,3.35,0.7643,0.2841,0.2229,0.3601,0.6649,0.1591,0.5195,0.3095
928,1744,28,0,3,15,1.4,2024-02-19 19:00:00,45.746033,15.966735,3,1,2,0.351,5,0.708,1,2.71,0.9092,0.3322,0.475,0.448,0.2357,0.8954,0.3975,0.2995
929,6117,19,4,1,5,1.4,2023-10-08 20:00:00,45.78982,16.03918,2,0,2,0.207,1,1.117,0,3.08,0.8286,0.5679,0.606,0.8813,0.2121,0.3918,0.8191,0.4801
930,4241,8,0,1,12,1.1,2023-06-30 19:00:00,45.759494,15.973496,3,5,2,0.282,3,0.332,1,2.97,0.9289,0.2524,0.5021,0.4991,0.1605,0.8219,0.4832,0.3029
931,8457,4,6,2,16,2.0,2024-05-12 11:00:00,45.80211,15.892757,4,0,0,0.346,6,0.227,1,2.29,0.7023,0.2429,0.3336,0.6196,0.1589,0.2201,0.8565,0.5155
932,7368,24,3,2,3,1.5,2023-02-11 20:00:00,45.806758,15.869701,4,6,2,0.661,2,0.387,0,3.74,0.4604,0.4523,0.8264,0.5786,0.8255,0.2068,0.5038,0.916
933,6233,13,6,1,13,0.9,2024-08-28 20:00:00,45.793787,16.057863,2,3,2,0.315,4,0.107,1,3.15,0.6692,0.2117,0.3622,0.7441,0.1919,0.1538,0.8802,0.5735
934,8098,24,3,1,6,1.1,2024-09-24 18:00:00,45.803558,15.887695,4,2,2,0.241,1,0.486,0,3.27,0.4776,0.5605,0.8411,0.5913,0.7555,0.2764,0.4719,0.8129
935,6406,6,2,0,14,0.5,2023-10-16 20:00:00,45.806729,16.045988,2,1,2,0.487,7,1.238,1,3.19,0.3367,0.855,0.2478,0.6604,0.3744,0.2432,0.2356,0.5076
936,4916,29,1,1,7,2.2,2024-01-13 10:00:00,45.819943,15.892837,4,6,0,0.312,2,1.023,0,2.18,0.8425,0.3062,0.2663,0.3962,0.5821,0.311,0.5709,0.343
937,5628,0,1,1,14,1.7,2023-09-02 20:00:00,45.75837,15.977421,3,6,2,0.352,5,0.48,1,3.28,0.8555,0.2862,0.3216,0.4754,0.6325,0.2171,0.5291,0.2438
938,8370,14,5,0,9,1.6,2023-05-04 20:00:00,45.801849,15.975781,0,4,2,0.656,6,1.143,1,3.05,0.3091,0.4579,0.1521,0.6462,0.319,0.5015,0.4393,0.2556
939,353,30,5,1,9,0.7,2023-02-13 19:00:00,45.847902,15.948028,1,1,2,0.394,4,0.138,1,2.02,0.3558,0.4747,0.1073,0.5694,0.2654,0.7084,0.3584,0.382
940,8031,15,0,1,8,2.0,2024-07-05 11:00:00,45.811668,15.894225,4,5,0,0.449,4,0.542,1,1.62,0.8532,0.285,0.5034,0.6135,0.1764,0.9656,0.4172,0.2658
941,7137,30,5,1,7,0.8,2023-01-19 18:00:00,45.814509,15.976613,0,4,2,0.539,4,0.424,1,3.24,0.3615,0.4596,0.0621,0.5582,0.3051,0.666,0.3912,0.2856
942,7667,1,1,1,9,1.3,2023-08-31 18:00:00,45.80538,15.888809,4,4,2,0.55,5,0.855,1,3.47,0.7891,0.2921,0.3509,0.42,0.5732,0.1624,0.5045,0.2836
943,2402,1,1,2,5,1.6,2024-10-05 10:00:00,45.753477,15.951289,3,6,0,0.404,2,1.224,0,3.7,0.7223,0.3401,0.3257,0.3844,0.6777,0.2157,0.4679,0.2453
944,7162,4,6,0,11,2.1,2023-12-13 18:00:00,45.815431,15.996674,0,3,2,0.383,4,0.078,1,1.65,0.6956,0.2902,0.3237,0.7921,0.2189,0.1235,0.9112,0.4939
945,2632,1,1,3,4,1.5,2023-04-24 19:00:00,45.807468,15.881366,4,1,2,0.533,2,0.741,0,1.94,0.8502,0.39,0.248,0.4329,0.6263,0.1329,0.5638,0.301
946,4133,18,7,1,4,1.6,2024-04-29 18:00:00,45.807919,15.998588,0,1,2,0.288,1,0.876,0,2.86,0.4901,0.3817,0.6145,0.497,0.8829,0.3056,0.457,0.831
947,7402,3,2,3,9,2.0,2023-06-06 09:00:00,45.752388,15.968291,3,2,0,0.42,4,0.688,1,2.95,0.5058,0.8366,0.1542,0.6966,0.2898,0.3242,0.2523,0.5392
948,399,30,5,1,5,1.7,2024-01-29 20:00:00,45.783478,16.033328,2,1,2,0.155,1,0.62,0,2.53,0.2746,0.5594,0.1067,0.5809,0.3191,0.603,0.4138,0.3858
949,5655,5,5,0,3,0.9,2023-12-23 20:00:00,45.814492,15.884952,4,6,2,0.15,0,0.309,0,2.77,0.3136,0.4596,0.1939,0.5921,0.3611,0.6621,0.4476,0.2121
950,2975,15,0,1,3,2.1,2023-10-12 19:00:00,45.815584,15.978296,0,4,2,0.776,2,0.861,0,1.51,0.8469,0.3432,0.467,0.5988,0.2084,0.8418,0.3176,0.2969
951,5739,3,2,1,11,1.2,2024-12-20 19:00:00,45.85047,15.959596,1,5,2,0.157,2,0.644,0,2.55,0.4299,0.9016,0.1942,0.7762,0.2899,0.2165,0.1916,0.389
952,6904,29,1,0,7,0.8,2023-03-14 09:00:00,45.821338,15.895673,4,2,0,0.533,4,0.467,1,2.8,0.8038,0.3184,0.3434,0.3662,0.5319,0.2817,0.5293,0.2354
953,7166,21,0,0,6,1.7,2024-02-23 19:00:00,45.851486,15.955058,1,5,2,0.513,3,1.077,1,3.45,0.9357,0.3728,0.5708,0.472,0.1857,0.8634,0.3537,0.2609
954,5106,24,3,1,8,0.9,2023-12-11 20:00:00,45.851552,15.950183,1,1,2,0.374,3,0.775,1,2.99,0.5463,0.5175,0.9052,0.5588,0.798,0.1469,0.4473,0.7574
955,352,27,7,1,15,1.8,2024-02-12 19:00:00,45.799561,16.021866,2,1,2,0.355,5,0.974,1,3.19,0.4459,0.3943,0.5082,0.5597,0.8882,0.2686,0.3692,0.7026
956,1212,14,5,1,14,0.5,2024-06-08 20:00:00,45.758726,15.976202,3,6,2,0.648,9,1.028,2,3.46,0.3224,0.4607,0.0986,0.58,0.2707,0.5006,0.4384,0.3678
957,951,2,0,1,8,2.7,2024-01-23 19:00:00,45.806075,15.973827,0,2,2,0.52,4,1.375,1,2.26,0.8944,0.3301,0.437,0.5356,0.195,0.8949,0.3411,0.3315
958,4026,1,1,1,23,1.4,2024-11-20 20:00:00,45.819595,15.974293,0,3,2,0.593,14,1.13,2,2.59,0.9015,0.329,0.2281,0.4103,0.6464,0.2389,0.5052,0.2883
959,6529,14,5,2,27,0.5,2024-01-23 20:00:00,45.751342,15.973066,3,2,2,0.634,17,0.899,2,3.56,0.2423,0.5126,0.1423,0.607,0.3365,0.5846,0.3839,0.2931
960,3454,3,2,2,11,1.6,2024-12-11 19:00:00,45.800883,15.964052,0,3,2,0.664,7,0.136,1,2.93,0.3908,0.8924,0.2634,0.7323,0.3987,0.2695,0.3444,0.4888
961,4523,17,0,0,15,1.6,2024-06-03 09:00:00,45.826216,15.885875,4,1,0,0.625,9,0.901,2,2.47,0.9134,0.2673,0.5333,0.5668,0.1792,0.8803,0.44,0.3765
962,1207,14,5,2,18,0.8,2024-02-09 10:00:00,45.793334,16.044667,2,5,0,0.67,12,1.026,2,1.77,0.3848,0.4895,0.154,0.5984,0.3605,0.5746,0.441,0.3739
963,6202,1,1,1,9,1.9,2024-07-24 18:00:00,45.820087,15.975278,0,3,2,0.546,5,0.17,1,2.48,0.7364,0.3339,0.221,0.4066,0.6013,0.3045,0.4001,0.2309
964,8487,2,0,0,10,1.7,2023-08-25 18:00:00,45.799915,16.036754,2,5,2,0.482,5,0.535,1,1.97,0.8634,0.3813,0.5423,0.4904,0.1863,0.8804,0.4104,0.3065
965,2624,25,3,2,6,2.2,2024-05-16 18:00:00,45.80047,16.053111,2,4,2,0.103,1,1.138,0,3.82,0.5164,0.4271,0.961,0.5959,0.7346,0.1878,0.5518,0.8712
966,7056,9,1,0,9,0.9,2023-09-27 19:00:00,45.855059,15.955097,1,3,2,0.371,3,0.894,1,2.98,0.7748,0.2654,0.2199,0.4427,0.6025,0.2429,0.4757,0.2732
967,1561,29,1,1,4,1.9,2023-08-15 20:00:00,45.85525,15.943571,1,2,2,0.64,3,0.696,1,2.63,0.8006,0.2911,0.2337,0.3821,0.6451,0.1821,0.4885,0.3474
968,4639,6,2,0,8,1.6,2023-09-04 18:00:00,45.803041,16.047718,2,1,2,0.259,2,0.829,0,2.83,0.3648,0.8802,0.1074,0.6642,0.2185,0.2953,0.2546,0.5181
969,5622,8,0,2,5,1.8,2023-05-27 20:00:00,45.796661,16.059044,2,6,2,0.326,2,0.234,0,2.66,0.8678,0.2118,0.4473,0.5098,0.2421,0.8458,0.4325,0.1837
970,479,7,0,1,12,1.7,2024-02-09 11:00:00,45.815373,15.904178,4,5,0,0.64,8,0.351,1,2.96,0.9819,0.3467,0.5084,0.4464,0.2143,0.8621,0.4261,0.3598
971,1567,27,7,1,7,1.2,2023-06-25 11:00:00,45.762234,15.970329,3,0,0,0.454,3,0.553,1,2.23,0.4719,0.3401,0.5679,0.4228,0.8521,0.2773,0.3835,0.6625
972,2585,2,0,1,6,1.3,2023-08-04 10:00:00,45.753476,15.970922,3,5,0,0.397,2,1.028,0,3.18,0.8733,0.2906,0.5279,0.4828,0.1583,0.9499,0.3709,0.312
973,539,8,0,0,4,1.2,2024-07-20 20:00:00,45.80727,15.973569,0,6,2,0.509,2,0.961,0,3.45,0.8032,0.3005,0.5663,0.4675,0.2679,0.8657,0.3499,0.3963
974,4511,13,6,0,10,1.8,2024-10-10 20:00:00,45.802314,16.039506,2,4,2,0.451,5,0.848,1,1.57,0.677,0.3976,0.3712,0.6677,0.1475,0.213,0.9823,0.5068
975,3129,20,5,1,6,1.4,2023-03-24 18:00:00,45.747489,15.982197,3,5,2,0.604,4,0.862,1,2.78,0.2675,0.498,0.2274,0.6537,0.3324,0.6799,0.4655,0.2809
976,8038,1,1,0,4,1.9,2024-02-29 18:00:00,45.792008,16.04686,2,4,2,0.242,1,0.225,0,2.1,0.7965,0.2867,0.3277,0.4541,0.539,0.2253,0.573,0.2609
977,7958,17,0,0,3,2.4,2024-02-26 11:00:00,45.806532,15.975269,0,1,0,0.548,2,0.552,0,1.0,0.8129,0.3357,0.5246,0.5807,0.1971,0.968,0.5131,0.3128
978,7102,11,3,2,9,1.3,2023-06-11 19:00:00,45.818657,15.87964,4,0,2,0.118,1,0.984,0,1.35,0.5212,0.5336,0.8847,0.6274,0.6705,0.1275,0.5145,0.7834
979,4765,3,2,0,9,1.3,2023-09-05 19:00:00,45.810209,15.976119,0,2,2,0.535,5,1.014,1,1.73,0.4731,0.8554,0.2587,0.7405,0.3582,0.391,0.3042,0.488
980,4469,15,0,0,28,1.4,2024-05-24 18:00:00,45.805044,15.870684,4,5,2,0.163,5,0.37,1,2.1,0.8553,0.2841,0.5098,0.475,0.183,0.8571,0.3726,0.3196
981,7907,29,1,0,9,1.9,2023-04-11 20:00:00,45.816558,15.874888,4,2,2,0.819,7,0.878,1,3.8,0.876,0.2691,0.2994,0.3786,0.5867,0.2465,0.5049,0.3999
982,7101,14,5,0,3,1.6,2024-11-29 19:00:00,45.79752,15.971356,0,5,2,0.295,1,0.709,0,1.35,0.2842,0.5711,0.0235,0.607,0.2461,0.6966,0.4476,0.2283
983,3541,1,1,1,13,1.4,2023-07-28 19:00:00,45.752367,15.972438,3,5,2,0.463,6,0.796,1,2.36,0.7337,0.315,0.3103,0.4054,0.5634,0.1793,0.6665,0.231
984,5794,3,2,2,6,1.5,2023-10-30 20:00:00,45.840968,15.949705,1,1,2,0.154,1,0.784,0,1.68,0.3451,0.884,0.2169,0.6167,0.345,0.3277,0.2702,0.4718
985,2932,29,1,2,24,2.0,2023-07-14 19:00:00,45.873421,15.948906,1,5,2,0.754,18,0.798,2,3.81,0.8134,0.3429,0.348,0.4781,0.6478,0.24,0.4722,0.2923
986,1042,11,3,0,5,1.5,2024-10-19 20:00:00,45.842532,15.970368,1,6,2,0.57,3,1.008,1,2.11,0.5865,0.5353,0.8708,0.6385,0.8082,0.1914,0.5189,0.8302
987,1597,10,4,2,11,0.5,2024-09-13 18:00:00,45.853836,15.951644,1,5,2,0.23,3,0.312,1,3.72,0.8308,0.578,0.7297,0.8818,0.0737,0.4111,0.7492,0.4948
988,6512,4,6,1,10,0.8,2024-07-19 20:00:00,45.870425,15.958051,1,5,2,0.115,1,1.419,0,2.52,0.6724,0.3655,0.2356,0.7241,0.3047,0.1906,0.9344,0.4316
989,8706,2,0,0,5,1.9,2023-06-17 10:00:00,45.749297,15.968574,3,6,0,0.368,2,0.917,0,2.77,0.9183,0.3259,0.5651,0.4992,0.2351,0.8947,0.4509,0.307
990,5357,7,0,1,6,1.4,2024-03-16 11:00:00,45.74661,15.981346,3,6,0,0.314,2,0.595,0,3.74,0.9008,0.2899,0.441,0.5267,0.1594,0.9526,0.4112,0.2371
991,2883,0,1,1,9,1.9,2024-08-09 20:00:00,45.813239,15.976247,0,5,2,0.35,3,0.68,1,2.68,0.7214,0.2317,0.3338,0.4179,0.5956,0.2218,0.5607,0.3666
992,1557,5,5,1,7,1.1,2023-08-16 11:00:00,45.809958,15.990604,0,3,0,0.199,1,1.112,0,2.51,0.3522,0.4033,0.1598,0.6011,0.2871,0.5938,0.3919,0.3219
993,7865,1,1,0,4,2.5,2023-12-31 19:00:00,45.841983,15.98536,0,0,2,0.397,2,1.308,0,3.69,0.851,0.3161,0.2611,0.483,0.5769,0.198,0.4796,0.2736
994,7284,2,0,0,2,2.4,2024-05-19 20:00:00,45.854646,15.960799,1,0,2,0.351,1,1.044,0,2.49,0.967,0.3375,0.5127,0.5267,0.2065,0.9291,0.5228,0.2764
995,7936,29,1,0,6,1.5,2024-06-06 18:00:00,45.7945,16.042808,2,4,2,0.181,1,0.53,0,2.79,0.7637,0.2689,0.3941,0.4351,0.6081,0.2405,0.5313,0.3788
996,7792,4,6,1,17,2.1,2024-06-24 18:00:00,45.770512,15.9722,3,1,2,0.59,10,0.981,2,3.57,0.676,0.3209,0.2463,0.6362,0.2362,0.1973,0.8568,0.5326
997,3323,18,7,0,10,0.9,2023-11-13 18:00:00,45.811549,15.880654,4,1,2,0.608,6,0.987,1,2.63,0.5246,0.4602,0.6217,0.4764,0.8859,0.2949,0.3765,0.6687
998,1927,9,1,1,7,2.3,2023-07-11 09:00:00,45.850275,15.948124,1,2,0,0.656,5,1.315,1,3.65,0.8027,0.2511,0.2911,0.4303,0.6418,0.1654,0.5349,0.2734
999,2008,13,6,2,8,2.1,2024-11-10 09:00:00,45.801638,15.978434,0,0,0,0.183,1,0.823,0,0.88,0.7428,0.3541,0.3195,0.7201,0.2305,0.2242,0.9027,0.5151
1000,7961,4,6,0,9,1.2,2024-09-06 19:00:00,45.847075,15.953604,1,5,2,0.561,5,0.897,1,3.66,0.6762,0.2446,0.3313,0.6365,0.3268,0.1969,1.0,0.474
1001,7461,0,1,2,7,2.0,2024-06-22 10:00:00,45.797557,16.060613,2,6,0,0.122,1,0.592,0,1.38,0.8393,0.2912,0.1947,0.425,0.6456,0.1455,0.5062,0.2806
1002,3323,30,5,2,5,1.3,2023-01-13 20:00:00,45.787192,16.049992,2,5,2,0.484,2,1.261,0,2.69,0.298,0.533,0.0075,0.5997,0.3289,0.6334,0.3902,0.2537
1003,3132,27,7,1,7,2.2,2024-10-23 18:00:00,45.777998,16.050007,2,3,2,0.474,3,0.882,1,3.42,0.3803,0.3831,0.5694,0.5525,0.8706,0.3264,0.4099,0.6273
1004,366,4,6,1,16,1.5,2023-09-09 09:00:00,45.815427,16.049112,2,6,0,0.272,4,0.804,1,3.25,0.7806,0.3064,0.2706,0.7,0.2199,0.1674,0.9112,0.5098
1005,3032,0,1,1,15,1.4,2024-12-13 19:00:00,45.818004,15.966181,0,5,2,0.258,4,0.746,1,1.81,0.8231,0.3339,0.2308,0.3355,0.6277,0.0751,0.4309,0.3492
1006,7465,4,6,0,6,1.3,2024-03-03 09:00:00,45.834949,15.892954,4,0,0,0.518,3,1.329,1,2.81,0.7081,0.2589,0.2307,0.6791,0.1709,0.2047,0.9447,0.464
1007,6229,2,0,1,13,1.7,2023-03-06 09:00:00,45.806238,15.969887,0,1,0,0.451,6,0.67,1,3.16,0.9073,0.383,0.5159,0.544,0.1373,0.8106,0.4437,0.2652
1008,960,2,0,0,4,1.4,2023-02-18 20:00:00,45.751577,15.968553,3,6,2,0.444,2,0.323,0,3.46,0.938,0.2718,0.4675,0.5735,0.3047,0.8844,0.3224,0.2873
1009,4572,5,5,2,5,1.6,2023-06-13 19:00:00,45.736019,15.978182,3,2,2,0.549,3,1.425,1,2.08,0.2954,0.449,0.1051,0.6035,0.3659,0.6003,0.4193,0.3337
1010,3446,1,1,2,8,1.4,2023-06-10 11:00:00,45.823756,15.97364,0,6,0,0.254,2,0.608,0,2.34,0.8776,0.3457,0.3964,0.3734,0.617,0.1959,0.5112,0.3272
1011,912,1,1,0,8,1.9,2023-12-24 20:00:00,45.800895,15.899425,4,0,2,0.619,5,0.152,1,2.17,0.7526,0.2939,0.2877,0.3871,0.5352,0.1913,0.5571,0.2739
1012,973,16,2,0,6,1.6,2024-12-09 10:00:00,45.752407,15.974206,3,1,0,0.487,3,0.754,1,2.33,0.4405,0.9382,0.2291,0.7325,0.3213,0.3573,0.3319,0.5001
1013,5577,6,2,3,7,2.2,2023-06-27 19:00:00,45.827832,15.882811,4,2,2,0.394,3,1.127,1,1.96,0.3958,0.9153,0.2495,0.6328,0.3274,0.2893,0.2406,0.5608
1014,1662,2,0,1,4,2.2,2023-07-06 19:00:00,45.790106,16.042635,2,4,2,0.311,1,0.976,0,2.96,0.9622,0.2972,0.4792,0.439,0.1482,0.9403,0.3065,0.3428
1015,6902,1,1,2,17,1.8,2023-11-09 09:00:00,45.797212,16.043449,2,4,0,0.11,2,0.304,0,2.94,0.8453,0.3026,0.2813,0.4033,0.4945,0.1534,0.3991,0.38
1016,848,24,3,2,3,1.9,2023-02-16 09:00:00,45.825753,15.888813,4,4,0,0.377,1,0.804,0,2.27,0.5312,0.5004,0.952,0.5548,0.766,0.2504,0.5919,0.8225
1017,8189,1,1,2,6,0.8,2024-09-09 18:00:00,45.746408,15.980084,3,1,2,0.713,4,0.119,1,1.9,0.864,0.3028,0.377,0.3362,0.5545,0.1784,0.5126,0.2482
1018,4800,2,0,1,18,1.3,2023-09-03 20:00:00,45.809214,15.881969,4,0,2,0.36,6,0.229,1,1.37,0.8244,0.3407,0.5299,0.4623,0.1261,0.9269,0.5099,0.2148
1019,320,19,4,2,8,0.8,2023-10-09 11:00:00,45.793747,16.02961,2,1,0,0.295,2,0.574,0,2.3,0.8167,0.6173,0.7165,0.928,0.2049,0.4403,0.7922,0.4472
1020,6175,8,0,0,6,1.3,2023-07-27 10:00:00,45.807557,16.062466,2,4,0,0.401,2,0.499,0,3.5,0.8903,0.3431,0.5312,0.5471,0.295,0.9211,0.3471,0.3194
1021,3030,23,3,1,9,1.0,2024-07-28 10:00:00,45.865971,15.946941,1,0,0,0.058,1,0.786,0,2.47,0.4565,0.5241,0.9057,0.6512,0.7037,0.2638,0.457,0.8063
1022,7301,6,2,0,8,0.7,2024-11-12 19:00:00,45.815531,15.885825,4,2,2,0.396,3,0.985,1,1.79,0.3967,0.8316,0.2274,0.6775,0.3664,0.2709,0.3302,0.5771
1023,7179,1,1,1,16,1.4,2024-08-23 18:00:00,45.755279,15.980933,3,5,2,0.133,2,0.34,0,1.74,0.8142,0.3292,0.3328,0.4115,0.5335,0.1676,0.5604,0.3015
1024,4184,9,1,0,8,1.1,2024-11-14 09:00:00,45.820409,15.975047,0,4,0,0.526,4,0.947,1,2.89,0.785,0.2495,0.2228,0.3449,0.6404,0.1872,0.6092,0.2984
1025,1333,1,1,1,13,1.6,2023-07-26 10:00:00,45.810939,15.89674,4,3,0,0.43,6,0.584,1,2.01,0.7501,0.326,0.3892,0.3101,0.5676,0.232,0.4523,0.3201
1026,730,9,1,0,23,1.4,2023-08-28 19:00:00,45.792101,16.033416,2,1,2,0.659,15,0.989,2,2.32,0.751,0.3749,0.2963,0.3947,0.5868,0.2416,0.5812,0.2626
1027,1531,25,3,1,11,0.9,2023-12-05 18:00:00,45.817329,15.972454,0,2,2,0.315,3,0.674,1,1.91,0.4186,0.4675,0.8765,0.6955,0.8005,0.2465,0.5056,0.8219
1028,1134,13,6,0,3,0.9,2023-11-23 19:00:00,45.805782,15.972322,0,4,2,0.046,0,1.144,0,2.87,0.7826,0.3929,0.3228,0.646,0.2412,0.2739,0.8743,0.4922
1029,784,30,5,1,8,2.5,2023-01-02 19:00:00,45.802683,16.053971,2,1,2,0.16,1,1.386,0,2.81,0.2668,0.4721,0.0574,0.6364,0.3094,0.5522,0.4304,0.3249
1030,7449,2,0,0,8,1.8,2023-05-04 09:00:00,45.748536,15.972885,3,4,0,0.609,5,1.485,1,1.72,0.9234,0.1883,0.5587,0.5105,0.263,0.7303,0.432,0.3398
1031,8278,1,1,1,7,1.4,2024-05-27 19:00:00,45.802755,15.898709,4,1,2,0.475,3,0.961,1,3.24,0.7958,0.3014,0.3482,0.4001,0.6094,0.2886,0.4573,0.2809
1032,2828,4,6,3,10,1.4,2023-04-29 18:00:00,45.787023,16.032284,2,6,2,0.604,6,0.083,1,3.15,0.6759,0.2501,0.2608,0.5841,0.09,0.1773,0.9397,0.498
1033,498,27,7,2,14,1.8,2023-11-26 11:00:00,45.811805,15.982722,0,0,0,0.132,2,0.13,0,2.7,0.5336,0.4069,0.6528,0.5337,0.9189,0.2106,0.3835,0.7432
1034,8478,13,6,2,5,1.4,2023-08-08 18:00:00,45.791464,16.023438,2,2,2,0.113,1,1.221,0,2.36,0.7348,0.3622,0.3055,0.7366,0.1899,0.2041,0.8479,0.5145
1035,8919,9,1,0,9,2.8,2023-06-12 19:00:00,45.811519,15.986086,0,1,2,0.292,3,0.575,1,3.46,0.745,0.3309,0.2736,0.3961,0.6024,0.1885,0.4985,0.3485
1036,7465,7,0,2,4,2.0,2024-05-27 20:00:00,45.738465,15.977496,3,1,2,0.45,2,1.359,0,3.72,0.8557,0.3148,0.4949,0.5238,0.2727,0.8665,0.4144,0.3713
1037,4206,29,1,1,5,1.3,2024-12-01 10:00:00,45.749476,15.958615,3,0,0,0.626,3,1.22,1,2.61,0.7992,0.2446,0.3234,0.3919,0.6445,0.2241,0.4505,0.2689
1038,8720,16,2,2,7,1.9,2023-11-28 20:00:00,45.810708,16.060909,2,2,2,0.627,4,0.587,1,2.42,0.3825,0.9545,0.122,0.7068,0.2796,0.2119,0.2738,0.5733
1039,8134,4,6,1,17,2.0,2023-10-03 20:00:00,45.815348,15.89567,4,2,2,0.417,7,0.3,1,3.76,0.8095,0.3449,0.3694,0.6152,0.1832,0.1603,0.9411,0.4252
1040,1895,12,0,0,8,1.5,2023-12-29 20:00:00,45.805217,15.885221,4,5,2,0.284,2,1.072,0,2.44,0.9352,0.3343,0.4676,0.4877,0.1325,1.0,0.4681,0.3542
1041,7518,2,0,0,14,2.6,2024-06-27 18:00:00,45.81588,15.885788,4,4,2,0.19,3,0.848,1,2.19,0.858,0.2309,0.4777,0.5815,0.2285,0.8733,0.4754,0.3304
1042,3584,1,1,2,6,1.1,2024-07-09 11:00:00,45.812956,15.88854,4,2,0,0.281,2,0.377,0,3.42,0.8276,0.2949,0.2642,0.4547,0.6019,0.2237,0.5657,0.3438
1043,2749,6,2,0,20,1.1,2024-05-21 10:00:00,45.812394,15.886213,4,2,0,0.451,9,0.539,2,1.49,0.4179,0.8827,0.247,0.7123,0.3098,0.3837,0.3163,0.5414
1044,5240,3,2,1,9,0.6,2024-05-11 18:00:00,45.836282,15.888561,4,6,2,0.849,8,1.008,1,2.89,0.4339,0.9074,0.1681,0.6749,0.3255,0.3166,0.2949,0.5291
1045,3790,16,2,1,4,2.1,2024-11-18 09:00:00,45.808732,15.955402,0,1,0,0.199,1,0.426,0,1.99,0.3396,0.9205,0.2592,0.6468,0.2936,0.2925,0.3349,0.5096
1046,688,1,1,1,8,1.7,2024-03-03 19:00:00,45.825247,15.982112,0,0,2,0.658,5,0.999,1,2.38,0.8812,0.2756,0.3551,0.4746,0.6984,0.1441,0.4995,0.2877
1047,0,4,6,0,5,1.9,2023-05-05 20:00:00,45.836744,15.945776,1,5,2,0.632,3,0.285,1,1.91,0.6933,0.3607,0.3153,0.7182,0.1769,0.1778,0.8788,0.5626
1048,4615,8,0,0,4,0.8,2024-07-12 11:00:00,45.801176,16.052285,2,5,0,0.25,1,0.885,0,3.24,0.86,0.3495,0.5732,0.5321,0.2396,0.907,0.4194,0.257
1049,8101,26,7,1,9,1.7,2024-08-25 19:00:00,45.797893,16.044804,2,0,2,0.454,4,0.617,1,1.75,0.4935,0.4115,0.5917,0.4846,0.8479,0.2667,0.3324,0.635
1050,7506,6,2,0,9,1.2,2023-07-29 09:00:00,45.805765,15.991586,0,6,0,0.308,3,0.824,1,2.66,0.3732,0.8322,0.2187,0.6299,0.3343,0.2426,0.3573,0.491
1051,2256,14,5,1,9,0.8,2024-12-22 09:00:00,45.86175,15.949188,1,0,0,0.466,4,1.343,1,2.95,0.3372,0.4475,0.1101,0.6078,0.3313,0.5984,0.3523,0.3744
1052,11,30,5,0,5,0.9,2024-04-17 10:00:00,45.764162,15.976117,3,3,0,0.147,1,0.883,0,2.13,0.3128,0.5041,0.1025,0.6425,0.3594,0.6508,0.4297,0.309
1053,1736,23,3,0,3,1.7,2024-03-03 19:00:00,45.80716,15.889479,4,0,2,0.433,1,0.876,0,2.58,0.5339,0.4816,0.8794,0.558,0.8718,0.2094,0.5906,0.786
1054,1552,8,0,1,15,2.4,2024-11-05 11:00:00,45.809746,15.980846,0,2,0,0.458,7,1.324,1,2.15,0.9221,0.2599,0.5292,0.526,0.2296,0.8356,0.3913,0.3406
1055,6910,28,0,1,10,1.0,2024-02-20 18:00:00,45.81996,15.881697,4,2,2,0.708,7,0.293,1,3.42,0.9598,0.3222,0.4573,0.496,0.1637,0.9161,0.4172,0.2442
1056,5521,1,1,1,16,1.2,2023-09-16 09:00:00,45.806521,15.889421,4,6,0,0.587,9,0.561,2,1.52,0.8269,0.2399,0.285,0.4172,0.5724,0.3399,0.4467,0.2026
1057,4456,7,0,0,14,1.5,2023-05-22 20:00:00,45.792021,15.97734,0,1,2,0.656,9,1.024,2,2.47,0.8913,0.2431,0.5225,0.4406,0.2479,0.908,0.3775,0.3063
1058,4379,30,5,1,17,2.2,2024-10-04 10:00:00,45.867286,15.94775,1,5,0,0.715,12,0.511,2,1.79,0.3069,0.4742,0.1181,0.6304,0.1616,0.5464,0.5243,0.1613
1059,3032,28,0,1,6,1.2,2024-12-04 10:00:00,45.739766,15.974481,3,3,0,0.342,2,0.813,0,3.16,0.8837,0.2951,0.4694,0.4812,0.2659,0.885,0.4269,0.1954
1060,4465,1,1,0,11,1.0,2024-10-07 19:00:00,45.743204,15.977393,3,1,2,0.542,6,0.821,1,3.36,0.8045,0.2908,0.339,0.4516,0.6231,0.1572,0.5124,0.304
1061,4249,1,1,2,6,1.7,2023-01-12 11:00:00,45.843451,15.937319,1,4,0,0.356,2,0.464,0,2.04,0.7347,0.2933,0.3212,0.4084,0.6062,0.1655,0.5795,0.3662
1062,6843,5,5,1,5,1.3,2024-06-14 19:00:00,45.830087,15.966469,0,5,2,0.399,2,0.602,0,3.3,0.2276,0.5532,0.1243,0.5897,0.3438,0.6707,0.4344,0.2866
1063,2349,2,0,1,10,0.7,2023-10-15 18:00:00,45.747216,15.974971,3,0,2,0.215,2,1.109,0,1.22,0.9249,0.3519,0.5659,0.4615,0.2336,0.9054,0.3463,0.3279
1064,7254,1,1,0,12,1.6,2023-05-24 18:00:00,45.853123,15.94782,1,3,2,0.113,1,1.136,0,1.49,0.8677,0.2607,0.4576,0.3842,0.588,0.1364,0.4605,0.2778
1065,5306,8,0,0,5,1.1,2023-11-14 19:00:00,45.858538,15.944507,1,2,2,0.138,1,0.919,0,2.82,0.8514,0.3345,0.48,0.506,0.1606,0.8656,0.5112,0.2095
1066,3207,11,3,0,13,1.9,2023-10-02 10:00:00,45.809353,15.899863,4,1,0,0.138,2,1.068,0,2.76,0.4604,0.4707,0.9444,0.5015,0.8066,0.178,0.5072,0.763
1067,6576,5,5,0,9,2.0,2024-02-18 20:00:00,45.754062,15.97005,3,0,2,0.577,5,0.526,1,2.39,0.2869,0.503,0.0441,0.6013,0.3387,0.5834,0.3528,0.2129
1068,6768,6,2,0,9,1.9,2024-10-10 19:00:00,45.814603,15.884571,4,4,2,0.437,4,1.093,1,2.71,0.3628,0.9145,0.1798,0.7263,0.3334,0.1959,0.3468,0.5561
1069,5318,29,1,0,18,1.8,2023-04-22 19:00:00,45.74568,15.966829,3,6,2,0.225,4,1.144,1,2.79,0.7773,0.3914,0.2358,0.3664,0.6391,0.1825,0.4865,0.2946
1070,8823,22,7,2,8,0.5,2024-06-22 18:00:00,45.857492,15.962197,1,6,2,0.699,6,0.502,1,1.47,0.4488,0.4417,0.683,0.513,0.8803,0.3148,0.4317,0.6555
1071,2817,0,1,3,10,2.0,2023-05-04 11:00:00,45.744969,15.981938,3,4,0,0.097,1,1.307,0,2.69,0.674,0.3192,0.3154,0.4184,0.6707,0.1423,0.5495,0.3434
1072,1974,4,6,0,27,1.3,2023-06-28 20:00:00,45.753509,15.981945,3,3,2,0.264,7,1.407,1,3.03,0.6752,0.2816,0.2954,0.685,0.1055,0.199,0.9264,0.5594
1073,7753,0,1,0,10,2.4,2023-05-19 09:00:00,45.831206,15.999148,0,5,0,0.428,4,0.714,1,3.14,0.7719,0.3289,0.2399,0.3615,0.5152,0.2111,0.4533,0.323
1074,931,11,3,2,19,1.9,2024-05-19 09:00:00,45.7892,16.043198,2,0,0,0.094,2,0.797,0,3.76,0.4453,0.5189,0.8382,0.5906,0.8076,0.2141,0.5023,0.8022
1075,3854,24,3,0,8,1.1,2023-09-12 18:00:00,45.749593,15.986476,3,2,2,0.093,1,1.125,0,3.85,0.4872,0.4371,0.9029,0.6601,0.8142,0.285,0.4352,0.8192
1076,268,1,1,0,4,1.9,2023-12-06 11:00:00,45.78617,16.068077,2,3,0,0.186,1,0.62,0,2.03,0.867,0.2397,0.2569,0.4021,0.5643,0.2097,0.4562,0.2525
1077,8689,10,4,1,8,1.7,2024-10-28 11:00:00,45.810589,15.883232,4,1,0,0.035,0,1.254,0,1.86,0.7861,0.6419,0.7064,0.8928,0.1704,0.4904,0.8098,0.4297
1078,4721,8,0,0,7,1.9,2023-10-11 10:00:00,45.759761,15.996363,3,3,0,0.543,4,0.374,1,1.32,0.8985,0.3453,0.4539,0.4799,0.2994,0.8271,0.4,0.2896
1079,2515,2,0,2,12,0.5,2024-10-27 18:00:00,45.843258,15.968768,1,0,2,0.262,3,0.233,1,2.46,0.9127,0.306,0.5277,0.4828,0.2035,0.9617,0.4173,0.3162
1080,8906,16,2,0,22,1.2,2024-07-08 10:00:00,45.748716,15.995825,3,1,0,0.321,7,1.354,1,3.75,0.5092,0.8808,0.2521,0.6143,0.2342,0.31,0.3314,0.4949
1081,8778,2,0,1,13,2.1,2024-05-24 20:00:00,45.826621,15.972842,0,5,2,0.276,4,0.346,1,2.88,0.901,0.2652,0.4063,0.5228,0.1463,0.8027,0.3104,0.3342
1082,1002,28,0,2,12,1.2,2023-09-04 11:00:00,45.758343,15.984169,3,1,0,0.585,7,0.617,1,2.79,0.8796,0.2831,0.4736,0.4605,0.1944,0.8984,0.3947,0.2799
1083,5716,0,1,2,12,1.6,2023-01-27 19:00:00,45.807804,16.042355,2,5,2,0.335,4,0.851,1,2.78,0.7534,0.2933,0.3491,0.4305,0.5129,0.219,0.449,0.2624
1084,7440,29,1,1,6,1.7,2023-04-23 19:00:00,45.751471,15.972034,3,0,2,0.837,5,0.304,1,1.96,0.7591,0.3054,0.362,0.4293,0.6437,0.2069,0.5462,0.2854
1085,4835,23,3,0,10,1.1,2024-04-26 11:00:00,45.808019,15.965555,0,5,0,0.714,7,1.311,1,1.64,0.542,0.5303,0.966,0.6133,0.7555,0.2154,0.5042,0.893
1086,7616,4,6,0,9,2.0,2024-05-12 18:00:00,45.816625,15.893579,4,0,2,0.216,2,0.183,0,3.22,0.7007,0.3246,0.2835,0.7274,0.1757,0.2342,0.9611,0.5269
1087,1093,4,6,1,14,0.9,2023-03-18 20:00:00,45.794223,15.969475,0,6,2,0.204,3,0.573,1,2.32,0.7332,0.2189,0.2696,0.7232,0.1919,0.1851,0.9524,0.4775
1088,8518,29,1,1,29,1.8,2023-08-25 09:00:00,45.857838,15.94214,1,5,0,0.772,22,0.46,2,2.7,0.7615,0.3431,0.253,0.3302,0.7036,0.2843,0.4935,0.3348
1089,7290,5,5,1,5,0.8,2024-09-30 19:00:00,45.752979,15.976865,3,1,2,0.237,1,0.293,0,2.79,0.3567,0.4652,0.0,0.533,0.1906,0.5919,0.3444,0.3137
1090,6384,11,3,0,8,1.8,2024-04-30 10:00:00,45.759341,15.976352,3,2,0,0.396,3,1.125,1,3.77,0.5488,0.451,0.8462,0.6364,0.7657,0.175,0.5065,0.7859
1091,3770,0,1,1,9,1.6,2023-06-18 20:00:00,45.802792,16.042127,2,0,2,0.706,6,0.357,1,3.21,0.8295,0.3123,0.302,0.3037,0.5442,0.1784,0.5251,0.2539
1092,4611,6,2,0,11,2.4,2023-08-11 18:00:00,45.799761,16.052224,2,5,2,0.635,7,0.523,1,1.65,0.4515,0.9168,0.2438,0.6076,0.3887,0.4106,0.2778,0.5037
1093,7199,3,2,0,11,1.1,2024-04-08 19:00:00,45.845538,15.948405,1,1,2,0.193,2,0.34,0,1.7,0.4062,0.9074,0.1729,0.6848,0.2737,0.2072,0.2686,0.4407
1094,4474,30,5,0,5,1.0,2024-03-04 10:00:00,45.751799,15.973181,3,1,0,0.446,2,0.868,0,2.88,0.3036,0.4694,0.0899,0.6657,0.3293,0.6164,0.3855,0.3498
1095,8045,1,1,1,13,1.4,2024-02-10 09:00:00,45.799123,15.884557,4,6,0,0.452,6,0.73,1,3.21,0.8358,0.3153,0.3273,0.368,0.6451,0.1939,0.5308,0.3909
1096,5471,16,2,1,11,0.5,2024-03-06 19:00:00,45.807947,15.873047,4,3,2,0.403,4,0.381,1,3.48,0.403,0.9304,0.2295,0.6648,0.2476,0.3068,0.2496,0.5052
1097,275,12,0,1,5,1.5,2024-10-16 18:00:00,45.813708,15.975137,0,3,2,0.568,3,0.613,1,3.44,0.8863,0.2989,0.5663,0.524,0.1477,0.9188,0.4695,0.3109
1098,4659,4,6,0,10,1.5,2024-02-10 11:00:00,45.746612,15.984004,3,6,0,0.434,4,0.343,1,2.89,0.6833,0.36,0.2474,0.7183,0.2393,0.2292,0.9659,0.5865
1099,1789,2,0,0,11,2.4,2023-12-06 18:00:00,45.811022,16.04786,2,3,2,0.599,7,0.472,1,2.41,0.9288,0.2667,0.473,0.5397,0.2378,0.8762,0.5141,0.4199
1100,7887,29,1,3,3,1.3,2023-02-16 11:00:00,45.805014,15.952987,0,4,0,0.656,2,0.264,0,2.6,0.7908,0.2806,0.2922,0.3548,0.6313,0.1831,0.4776,0.3429
1101,2374,20,5,1,4,2.1,2024-11-27 11:00:00,45.742467,15.965723,3,3,0,0.604,2,1.15,0,3.37,0.3371,0.4885,0.0,0.6306,0.2434,0.5964,0.3427,0.259
1102,1987,14,5,0,8,1.1,2024-12-04 18:00:00,45.758725,15.979448,3,3,2,0.25,2,0.456,0,2.59,0.3769,0.4976,0.1272,0.5777,0.2501,0.6594,0.4241,0.3049
1103,7381,15,0,0,5,1.5,2024-10-30 09:00:00,45.815625,15.985893,0,3,0,0.417,2,0.826,0,2.08,0.8659,0.3625,0.5709,0.5324,0.1584,0.9289,0.4022,0.2723
1104,7464,3,2,1,11,1.2,2024-12-05 10:00:00,45.806551,15.975977,0,4,0,0.462,5,0.37,1,1.96,0.3343,0.969,0.2412,0.6747,0.209,0.3724,0.3337,0.5579
1105,7528,2,0,0,14,0.6,2023-12-04 20:00:00,45.818576,15.894729,4,1,2,0.815,11,1.409,2,3.17,0.8564,0.2898,0.4816,0.4896,0.1399,0.8488,0.4232,0.3564
1106,2260,7,0,0,3,1.6,2023-02-11 20:00:00,45.820699,15.892052,4,6,2,0.375,1,0.764,0,2.58,0.909,0.306,0.4843,0.4616,0.2947,0.9636,0.3636,0.3166
1107,2998,2,0,1,6,1.0,2024-06-17 18:00:00,45.754213,15.970422,3,1,2,0.266,2,0.533,0,3.57,0.8346,0.3632,0.4969,0.4529,0.1694,1.0,0.4052,0.3224
1108,6876,2,0,0,8,0.5,2023-08-17 18:00:00,45.748365,15.982619,3,4,2,0.188,2,0.116,0,1.62,0.8921,0.2618,0.5319,0.4335,0.2285,0.799,0.3647,0.2546
1109,7164,1,1,0,2,1.6,2023-07-12 18:00:00,45.858362,15.955305,1,3,2,0.554,1,0.145,0,2.45,0.7714,0.2806,0.2803,0.428,0.6324,0.2006,0.4456,0.2726
1110,1373,21,0,0,23,2.5,2024-12-24 09:00:00,45.852679,15.966005,1,2,0,0.229,5,0.741,1,2.89,0.9072,0.3575,0.5018,0.4834,0.1501,0.9934,0.4192,0.3471
1111,5241,2,0,0,11,1.9,2023-01-06 11:00:00,45.751007,15.97085,3,5,0,0.482,5,0.147,1,2.43,0.9807,0.3016,0.4903,0.5202,0.1866,0.9595,0.4311,0.2629
1112,7141,3,2,1,8,0.8,2023-10-14 11:00:00,45.798369,16.055366,2,6,0,0.639,5,1.234,1,3.08,0.3899,0.9365,0.1638,0.7381,0.216,0.3031,0.3926,0.5479
1113,1063,22,7,1,11,1.8,2023-04-25 11:00:00,45.799782,15.895835,4,2,0,0.08,1,1.336,0,2.7,0.4948,0.4268,0.5969,0.5492,0.9355,0.3588,0.3854,0.5816
1114,2728,12,0,1,10,1.6,2023-12-05 09:00:00,45.797953,15.866874,4,2,0,0.452,5,1.188,1,3.28,0.9185,0.3355,0.565,0.4897,0.2624,0.901,0.2984,0.2491
1115,6744,3,2,0,16,2.6,2023-08-01 19:00:00,45.815558,15.977618,0,2,2,0.728,12,0.432,2,3.05,0.4614,0.8577,0.1871,0.6642,0.2321,0.2358,0.267,0.5101
1116,1015,10,4,0,11,1.3,2023-07-10 11:00:00,45.808053,15.971659,0,1,0,0.376,4,0.892,1,2.86,0.7296,0.5733,0.5896,0.8297,0.178,0.4212,0.7906,0.4405
1117,3208,0,1,2,5,0.6,2023-02-03 19:00:00,45.79145,16.045677,2,5,2,0.489,2,0.372,0,3.24,0.781,0.3111,0.3512,0.4322,0.5955,0.1955,0.5229,0.3268
1118,1892,19,4,1,11,2.0,2023-04-06 19:00:00,45.809463,16.052718,2,4,2,0.253,3,0.115,1,2.81,0.7567,0.6095,0.7737,0.8995,0.1747,0.3902,0.7834,0.3542
1119,8055,19,4,0,8,1.9,2024-12-16 11:00:00,45.791378,16.051384,2,1,0,0.424,3,0.666,1,3.44,0.7915,0.6312,0.7203,0.889,0.2539,0.4044,0.8708,0.3177
1120,1982,9,1,2,3,2.0,2024-09-22 20:00:00,45.846984,15.947203,1,0,2,0.201,1,1.024,0,3.68,0.828,0.2845,0.3503,0.4286,0.6326,0.2568,0.5345,0.2964
1121,6202,27,7,0,4,2.1,2024-10-01 18:00:00,45.813409,15.895595,4,2,2,0.463,2,1.25,0,3.42,0.5095,0.3667,0.5177,0.6174,0.8943,0.3128,0.3962,0.6604
1122,6801,25,3,1,20,1.7,2023-10-18 11:00:00,45.749718,15.9727,3,3,0,0.176,4,0.554,1,2.98,0.4986,0.5266,0.8063,0.6241,0.8431,0.1004,0.5882,0.817
1123,7837,12,0,0,13,1.7,2024-03-29 19:00:00,45.816837,15.983031,0,5,2,0.353,5,1.213,1,2.9,0.9184,0.333,0.4869,0.4459,0.1584,0.8996,0.3854,0.2394
1124,7853,16,2,1,3,0.9,2023-08-29 10:00:00,45.815494,15.861845,4,2,0,0.067,0,0.508,0,2.37,0.3633,0.9493,0.1885,0.7872,0.2556,0.2875,0.3132,0.5398
1125,6124,9,1,1,15,0.5,2023-12-08 09:00:00,45.812841,15.880393,4,5,0,0.132,2,0.761,0,2.6,0.7902,0.2641,0.3277,0.3952,0.5795,0.2363,0.4863,0.2564
1126,7297,18,7,0,10,0.8,2023-02-08 11:00:00,45.797105,16.045099,2,3,0,0.547,5,1.282,1,2.41,0.547,0.4284,0.64,0.632,0.8961,0.204,0.4687,0.6862
1127,7329,15,0,0,9,1.7,2024-11-30 18:00:00,45.802795,15.899682,4,6,2,0.123,1,1.13,0,2.24,0.9682,0.2578,0.4906,0.4786,0.1491,0.952,0.4317,0.2681
1128,4185,10,4,0,4,0.9,2023-02-18 19:00:00,45.757287,15.968891,3,6,2,0.352,1,0.506,0,2.71,0.878,0.6495,0.6964,0.8706,0.206,0.427,0.7766,0.4422
1129,7008,15,0,2,3,1.5,2024-01-03 09:00:00,45.852301,15.967107,1,3,0,0.419,1,0.437,0,3.11,0.871,0.2703,0.4808,0.521,0.251,0.997,0.4224,0.3167
1130,2363,6,2,1,6,1.3,2023-05-04 09:00:00,45.847447,15.947144,1,4,0,0.106,1,0.421,0,3.37,0.3581,0.8942,0.1689,0.7315,0.3256,0.4027,0.2448,0.5214
1131,1621,14,5,0,8,1.2,2023-03-01 20:00:00,45.806709,15.901882,4,3,2,0.344,3,0.555,1,2.14,0.3289,0.5872,0.0701,0.5307,0.3958,0.5658,0.2901,0.2784
1132,3563,15,0,1,5,2.0,2024-08-17 19:00:00,45.798153,16.026534,2,6,2,0.231,1,0.606,0,1.4,0.9926,0.3055,0.4466,0.4318,0.1745,0.9252,0.4415,0.2638
1133,3188,2,0,0,4,1.4,2023-06-26 09:00:00,45.802727,16.058859,2,1,0,0.525,2,0.342,0,3.02,0.8818,0.3442,0.4933,0.3924,0.2496,0.972,0.3603,0.1676
1134,8712,2,0,1,3,1.6,2023-01-03 19:00:00,45.758352,15.963159,3,2,2,0.465,1,0.064,0,3.23,0.894,0.3314,0.5864,0.4957,0.1554,0.8728,0.4055,0.2494
1135,7508,3,2,0,8,1.4,2023-04-09 09:00:00,45.765197,15.98539,3,0,0,0.738,6,0.851,1,1.79,0.3711,0.8891,0.1786,0.7031,0.2643,0.3243,0.3042,0.5513
1136,620,14,5,1,9,2.1,2024-12-05 10:00:00,45.797958,16.001103,0,4,0,0.265,2,0.522,0,2.58,0.2874,0.4971,0.0527,0.5595,0.3061,0.5087,0.46,0.3414
1137,3157,29,1,0,14,0.7,2023-06-20 10:00:00,45.804746,15.982895,0,2,0,0.143,2,1.082,0,1.32,0.8054,0.3345,0.2519,0.4671,0.5666,0.1899,0.3849,0.332
1138,6205,1,1,2,4,2.8,2024-07-27 09:00:00,45.826074,15.963428,0,6,0,0.505,2,0.984,0,2.51,0.7304,0.3742,0.4111,0.3453,0.5917,0.2307,0.47,0.3223
1139,8136,2,0,0,4,0.9,2023-04-10 20:00:00,45.814598,15.891546,4,1,2,0.766,3,0.213,1,3.65,0.8949,0.3933,0.4882,0.5323,0.1705,0.8879,0.3772,0.3475
1140,8022,11,3,0,16,2.3,2024-03-15 19:00:00,45.852655,15.963567,1,5,2,0.395,6,0.075,1,1.74,0.5255,0.453,0.9197,0.6292,0.8487,0.1987,0.4794,0.8315
1141,5732,8,0,0,30,1.7,2023-06-29 18:00:00,45.748493,15.988652,3,4,2,0.273,8,0.195,1,1.47,0.988,0.3498,0.5288,0.5029,0.1899,0.9318,0.4462,0.3692
1142,40,14,5,1,9,1.8,2023-12-28 10:00:00,45.809816,15.891218,4,4,0,0.242,2,1.014,0,2.36,0.2464,0.3988,0.0694,0.6946,0.3711,0.5778,0.3998,0.2552
1143,6494,1,1,0,10,1.1,2023-04-26 18:00:00,45.747539,15.975946,3,3,2,0.294,3,0.209,1,1.59,0.8237,0.3912,0.2879,0.354,0.6626,0.1948,0.5713,0.2733
1144,8754,20,5,0,5,1.7,2023-11-21 09:00:00,45.753854,15.957208,3,2,0,0.276,1,1.286,0,3.36,0.3491,0.4148,0.1498,0.4448,0.2246,0.583,0.4131,0.2975
1145,294,7,0,0,26,1.8,2023-07-22 11:00:00,45.818583,15.890517,4,6,0,0.336,9,0.519,2,3.05,0.891,0.2965,0.5159,0.473,0.1228,0.8073,0.303,0.2267
1146,6266,9,1,1,11,1.1,2024-02-09 20:00:00,45.79575,15.875404,4,5,2,0.381,4,0.099,1,2.7,0.7642,0.2707,0.271,0.3892,0.6772,0.1321,0.4266,0.2716
1147,2379,1,1,0,6,1.5,2024-05-29 11:00:00,45.810191,15.956649,0,3,0,0.436,3,0.802,1,2.02,0.7771,0.3261,0.2951,0.3942,0.5657,0.188,0.5185,0.3119
1148,3929,16,2,0,8,1.8,2024-05-10 18:00:00,45.849111,15.952668,1,5,2,0.093,1,1.016,0,3.46,0.3968,0.7523,0.2302,0.6958,0.3269,0.2888,0.3103,0.5532
1149,7366,11,3,0,11,1.4,2024-07-04 19:00:00,45.786121,16.035048,2,4,2,0.866,10,1.139,2,2.29,0.5436,0.5449,0.9607,0.6154,0.779,0.2281,0.4802,0.798
1150,8204,5,5,0,7,1.5,2024-08-16 11:00:00,45.862443,15.954224,1,5,0,0.368,3,0.762,1,2.91,0.2825,0.4718,0.1238,0.5551,0.3283,0.5386,0.4282,0.349
1151,664,28,0,0,13,1.3,2024-06-12 19:00:00,45.80657,15.897133,4,3,2,0.575,7,1.333,1,3.2,0.9186,0.267,0.4539,0.5659,0.1631,0.9285,0.4008,0.1825
1152,8536,4,6,0,7,1.4,2024-01-25 10:00:00,45.787215,16.052422,2,4,0,0.723,5,0.403,1,3.73,0.7334,0.3114,0.2745,0.7488,0.1749,0.2286,0.8859,0.5156
1153,8141,4,6,0,7,0.7,2024-08-23 20:00:00,45.840427,15.954597,1,5,2,0.564,4,1.463,1,3.56,0.7139,0.3663,0.26,0.6647,0.2454,0.1377,0.8938,0.5107
1154,5003,25,3,0,7,0.7,2023-01-28 19:00:00,45.866344,15.948219,1,6,2,0.512,4,0.552,1,2.14,0.4774,0.4354,0.8169,0.5953,0.7191,0.2142,0.484,0.747
1155,881,2,0,2,7,1.9,2023-03-08 19:00:00,45.803546,16.05081,2,3,2,0.281,2,0.781,0,2.54,0.897,0.3061,0.4974,0.4994,0.2284,0.9329,0.4188,0.3407
1156,545,9,1,0,4,1.5,2024-06-27 19:00:00,45.786949,16.047625,2,4,2,0.228,1,1.092,0,1.84,0.8104,0.2086,0.2853,0.3311,0.6289,0.2181,0.4477,0.2149
1157,1722,2,0,1,16,1.8,2023-08-27 18:00:00,45.860038,15.954578,1,0,2,0.492,8,1.386,1,2.77,0.8847,0.3432,0.5129,0.4642,0.2292,0.8301,0.3639,0.2913
1158,577,19,4,0,5,1.4,2023-12-27 18:00:00,45.750764,15.968384,3,3,2,0.153,1,0.897,0,1.21,0.8487,0.6163,0.7508,0.9426,0.1222,0.4167,0.8007,0.4339
1159,1313,2,0,0,7,0.6,2024-02-12 20:00:00,45.851635,15.965835,1,1,2,0.066,0,1.435,0,3.82,0.9235,0.3567,0.5443,0.4861,0.1535,0.8805,0.4474,0.2956
1160,3346,8,0,0,8,2.4,2023-10-02 10:00:00,45.826403,15.964284,0,1,0,0.159,1,0.844,0,3.04,0.9409,0.3341,0.4707,0.4906,0.187,0.944,0.3998,0.2246
1161,6005,0,1,2,7,1.6,2024-03-15 18:00:00,45.800052,15.966859,0,5,2,0.304,2,0.161,0,1.61,0.7718,0.3016,0.3159,0.4068,0.6749,0.1823,0.4151,0.2679
1162,3044,19,4,1,7,1.3,2024-12-17 09:00:00,45.801068,16.05697,2,2,0,0.274,2,1.15,0,1.57,0.8084,0.6067,0.6929,0.8584,0.0311,0.439,0.7885,0.6026
1163,1644,30,5,0,8,1.1,2023-10-10 19:00:00,45.840191,15.956444,1,2,2,0.335,3,1.047,1,2.89,0.2491,0.5141,0.0653,0.595,0.291,0.6316,0.3698,0.2911
1164,3556,9,1,0,10,2.1,2023-06-24 11:00:00,45.822746,15.889395,4,6,0,0.323,3,0.413,1,2.77,0.8168,0.3434,0.2391,0.3139,0.5784,0.194,0.5158,0.1874
1165,914,5,5,2,8,1.0,2024-03-11 10:00:00,45.800149,16.038512,2,1,0,0.163,1,0.707,0,2.74,0.2414,0.4686,0.0641,0.6718,0.3385,0.6731,0.4442,0.3462
1166,6393,0,1,1,18,1.2,2024-07-31 09:00:00,45.755033,15.963804,3,3,0,0.546,10,0.983,2,2.98,0.8593,0.4081,0.356,0.3827,0.6196,0.215,0.5406,0.2628
1167,3122,4,6,0,15,1.3,2024-01-25 18:00:00,45.786915,16.050402,2,4,2,0.511,8,1.248,1,2.71,0.7539,0.3932,0.2664,0.7162,0.1826,0.2112,0.8342,0.4271
1168,5249,12,0,2,8,1.9,2023-10-27 09:00:00,45.852482,15.957325,1,5,0,0.05,0,0.462,0,2.81,0.8916,0.3112,0.4173,0.5263,0.2409,0.8771,0.4503,0.2859
1169,4250,13,6,0,8,2.8,2024-06-01 10:00:00,45.797484,16.054117,2,6,0,0.221,2,1.095,0,2.05,0.6727,0.2785,0.3226,0.6285,0.1983,0.2141,0.8979,0.4717
1170,3754,4,6,0,5,3.1,2024-06-07 09:00:00,45.812,15.966334,0,5,0,0.507,3,0.481,1,3.09,0.6032,0.3709,0.2868,0.7495,0.1858,0.1893,0.8667,0.5301
1171,5826,25,3,1,8,2.0,2024-08-29 10:00:00,45.853345,15.959192,1,4,0,0.275,2,0.171,0,2.93,0.5246,0.4718,0.961,0.5859,0.8016,0.2341,0.568,0.8462
1172,7174,15,0,2,10,1.6,2024-04-21 20:00:00,45.785784,16.046084,2,0,2,0.327,3,1.065,1,3.4,0.8089,0.2776,0.5376,0.5563,0.2131,0.8191,0.4323,0.3623
1173,6753,1,1,1,8,1.3,2024-03-29 09:00:00,45.757885,15.979813,3,5,0,0.367,3,0.782,1,3.47,0.8168,0.2581,0.3158,0.3726,0.5555,0.2515,0.462,0.3795
1174,2022,3,2,1,3,1.0,2023-07-24 19:00:00,45.754268,15.966729,3,1,2,0.162,0,0.687,0,2.73,0.4255,0.878,0.2211,0.616,0.2707,0.3782,0.2941,0.387
1175,8038,0,1,1,4,1.7,2024-05-28 19:00:00,45.853897,15.957236,1,2,2,0.244,1,1.043,0,2.08,0.7503,0.3432,0.3392,0.4513,0.6129,0.247,0.448,0.286
1176,2542,8,0,1,17,1.3,2023-12-23 19:00:00,45.756942,15.984408,3,6,2,0.224,4,1.017,1,3.2,0.8985,0.3296,0.4774,0.5674,0.2023,0.8893,0.4022,0.2424
1177,8011,21,0,2,3,0.7,2024-03-10 18:00:00,45.751332,15.976271,3,0,2,0.579,2,0.801,0,2.34,0.8755,0.254,0.5001,0.5842,0.1163,0.9327,0.4722,0.2808
1178,3874,2,0,1,13,0.8,2023-02-11 09:00:00,45.75835,15.981911,3,6,0,0.479,6,0.909,1,3.68,0.8845,0.3209,0.5414,0.5457,0.146,0.9036,0.394,0.2893
1179,5360,1,1,3,4,2.0,2023-03-08 19:00:00,45.744593,15.973566,3,3,2,0.4,2,1.041,0,2.18,0.771,0.3231,0.3562,0.354,0.6007,0.2373,0.459,0.1757
1180,2650,1,1,0,5,1.3,2023-12-11 20:00:00,45.817409,15.976998,0,1,2,0.485,2,0.281,0,2.8,0.8104,0.3725,0.3482,0.4179,0.6057,0.2026,0.4251,0.3565
1181,8174,1,1,1,10,0.7,2024-06-27 19:00:00,45.811079,15.887292,4,4,2,0.421,4,1.28,1,2.37,0.7932,0.3725,0.2388,0.5169,0.6313,0.1626,0.5274,0.4165
1182,4817,1,1,1,9,0.9,2024-07-26 11:00:00,45.806583,16.031326,2,5,0,0.438,4,1.159,1,2.64,0.8415,0.3263,0.3409,0.3556,0.608,0.243,0.5089,0.2998
1183,124,10,4,0,8,1.2,2024-06-22 19:00:00,45.756637,15.967775,3,6,2,0.748,6,0.602,1,1.95,0.7714,0.5864,0.7653,0.9854,0.2858,0.3006,0.8464,0.4266
1184,6667,27,7,1,6,1.8,2024-11-19 09:00:00,45.858769,15.943668,1,2,0,0.539,3,0.17,1,2.39,0.4827,0.3605,0.7008,0.481,0.9718,0.382,0.4232,0.6601
1185,3580,29,1,0,13,0.6,2023-01-10 20:00:00,45.786697,16.050684,2,2,2,0.421,5,0.902,1,2.11,0.7604,0.3109,0.2665,0.3781,0.5729,0.1762,0.4998,0.341
1186,7946,29,1,1,7,1.5,2023-10-02 19:00:00,45.75512,15.980708,3,1,2,0.543,4,0.71,1,1.94,0.7891,0.3085,0.2425,0.4055,0.6015,0.1469,0.4344,0.318
1187,6746,23,3,1,8,1.2,2024-03-21 19:00:00,45.799005,16.051554,2,4,2,0.165,1,0.56,0,3.68,0.5786,0.5004,0.8381,0.6184,0.8145,0.123,0.5176,0.7905
1188,6224,26,7,0,22,1.9,2023-12-07 18:00:00,45.743689,15.98721,3,4,2,0.059,1,1.093,0,3.47,0.4285,0.4664,0.5857,0.5279,0.8924,0.334,0.4284,0.648
1189,3734,10,4,1,9,1.3,2024-05-10 10:00:00,45.740123,15.989644,3,5,0,0.41,4,0.222,1,3.47,0.7536,0.6284,0.7713,0.898,0.2042,0.4601,0.7554,0.4237
1190,455,10,4,0,17,1.7,2023-12-27 11:00:00,45.844401,15.950712,1,3,0,0.534,9,0.563,2,3.15,0.8432,0.6737,0.6498,0.9143,0.1684,0.4043,0.7558,0.342
1191,6445,1,1,0,11,1.6,2023-01-13 20:00:00,45.857334,15.956653,1,5,2,0.513,6,0.231,1,3.38,0.7386,0.3492,0.339,0.4711,0.6693,0.0941,0.507,0.279
1192,461,9,1,1,5,1.4,2024-11-23 10:00:00,45.757288,15.974807,3,6,0,0.066,0,0.389,0,1.93,0.8056,0.3037,0.2017,0.4035,0.5074,0.1452,0.4831,0.2652
1193,1202,11,3,0,7,1.4,2023-05-27 18:00:00,45.804733,16.044726,2,6,2,0.606,4,0.792,1,3.09,0.4855,0.4968,0.9446,0.6045,0.7857,0.2556,0.519,0.7881
1194,4276,1,1,0,9,1.8,2024-02-02 11:00:00,45.80994,15.883285,4,5,0,0.313,3,1.282,1,3.2,0.8611,0.434,0.158,0.4227,0.7001,0.1818,0.48,0.3516
1195,446,16,2,1,4,1.8,2023-06-21 20:00:00,45.845739,15.965814,1,3,2,0.323,1,0.481,0,3.58,0.4526,0.8417,0.1497,0.7719,0.2875,0.2514,0.3332,0.5854
1196,2324,8,0,3,19,1.6,2024-07-04 10:00:00,45.850058,15.962269,1,4,0,0.88,17,0.805,2,2.81,0.7892,0.2646,0.538,0.5289,0.2325,0.9818,0.337,0.3564
1197,1621,4,6,1,5,1.3,2023-10-19 09:00:00,45.763523,15.971286,3,4,0,0.133,1,0.74,0,2.19,0.7377,0.3382,0.3266,0.7192,0.2052,0.3314,0.949,0.5912
1198,4000,4,6,2,8,1.7,2024-04-14 11:00:00,45.811051,15.892501,4,0,0,0.195,2,0.565,0,2.95,0.7121,0.28,0.3347,0.6185,0.2399,0.2461,0.9527,0.4941
1199,1750,4,6,2,5,1.4,2023-11-04 20:00:00,45.825137,15.962133,0,6,2,0.304,2,1.074,0,2.85,0.7254,0.3622,0.3574,0.7472,0.1584,0.1647,0.9813,0.5164
1200,2012,30,5,1,16,1.5,2024-04-04 10:00:00,45.748955,15.971905,3,4,0,0.251,4,0.92,1,3.81,0.3475,0.4621,0.1878,0.6857,0.3439,0.6142,0.3908,0.3358
1201,5074,0,1,2,7,1.0,2024-02-15 19:00:00,45.78716,16.053183,2,4,2,0.405,3,0.343,1,3.17,0.8091,0.3411,0.2458,0.4331,0.5478,0.2082,0.434,0.3843
1202,63,9,1,3,8,2.3,2023-10-10 09:00:00,45.813885,15.980195,0,2,0,0.372,3,1.099,1,2.5,0.7016,0.2626,0.3318,0.4035,0.6496,0.1944,0.4522,0.3088
1203,8874,22,7,0,9,1.5,2023-04-20 09:00:00,45.755798,15.966169,3,4,0,0.665,6,1.226,1,2.46,0.4748,0.3055,0.5586,0.4965,0.8456,0.3132,0.3828,0.7109
1204,6744,13,6,1,22,1.6,2023-02-25 09:00:00,45.794379,16.046633,2,6,0,0.167,4,0.789,1,2.89,0.6788,0.3556,0.2822,0.6712,0.2334,0.1862,0.9561,0.5776
1205,3077,4,6,2,15,1.7,2024-11-29 20:00:00,45.750257,15.96925,3,5,2,0.228,3,1.037,1,3.06,0.6665,0.2798,0.2296,0.6597,0.2074,0.1186,0.8609,0.5626
1206,5216,10,4,0,3,0.7,2023-07-23 18:00:00,45.803413,16.045945,2,0,2,0.193,1,1.087,0,1.68,0.752,0.5845,0.836,0.9208,0.153,0.3926,0.7933,0.3975
1207,7446,2,0,1,4,1.8,2023-06-02 20:00:00,45.794575,16.052257,2,5,2,0.469,2,1.358,0,2.05,0.8338,0.1909,0.5683,0.506,0.3148,0.8824,0.3987,0.2899
1208,5032,30,5,1,12,0.5,2024-08-12 11:00:00,45.855478,15.972159,1,1,0,0.552,7,1.053,1,3.49,0.3235,0.4492,0.0576,0.6138,0.2685,0.5691,0.4046,0.2873
1209,2389,5,5,1,9,1.7,2023-02-26 19:00:00,45.813696,15.984789,0,0,2,0.051,0,0.891,0,3.0,0.3683,0.5119,0.1877,0.5557,0.2566,0.4822,0.4386,0.3246
1210,6417,16,2,2,9,2.0,2023-11-20 09:00:00,45.795612,15.870181,4,1,0,0.696,6,0.508,1,1.77,0.4263,0.9516,0.1197,0.6406,0.3091,0.256,0.232,0.5605
1211,5301,6,2,1,9,1.5,2024-06-20 09:00:00,45.811045,15.879955,4,4,0,0.47,4,0.211,1,1.97,0.3986,0.9271,0.1854,0.7394,0.2438,0.2716,0.2838,0.5258
1212,8912,13,6,0,9,1.8,2024-05-23 18:00:00,45.824462,15.98899,0,4,2,0.365,3,1.337,1,2.81,0.7285,0.2691,0.2481,0.6669,0.1863,0.1201,0.7884,0.517
1213,5399,4,6,0,10,2.1,2024-06-27 20:00:00,45.810865,15.897263,4,4,2,0.251,3,0.164,1,3.85,0.7404,0.2667,0.2417,0.7289,0.1551,0.2015,0.9215,0.4772
1214,2264,4,6,3,4,2.5,2024-12-26 19:00:00,45.845686,15.95646,1,4,2,0.172,1,1.033,0,2.25,0.6965,0.2578,0.3505,0.6831,0.1934,0.1625,0.9689,0.5078
1215,6796,2,0,0,27,1.4,2023-06-02 11:00:00,45.796476,16.061825,2,5,0,0.179,5,1.214,1,2.24,0.9974,0.2481,0.5778,0.5309,0.1221,0.8768,0.3888,0.2955
1216,5693,6,2,1,31,0.8,2024-03-04 20:00:00,45.802438,15.981367,0,1,2,0.381,12,1.076,2,2.82,0.3358,0.8604,0.2716,0.677,0.292,0.1802,0.2949,0.5204
1217,3994,10,4,2,4,2.6,2023-12-28 19:00:00,45.833589,15.982923,0,4,2,0.241,1,0.793,0,3.37,0.8497,0.5652,0.7169,0.8665,0.2498,0.4429,0.789,0.2813
1218,929,17,0,0,10,1.1,2023-09-20 18:00:00,45.839972,15.954513,1,3,2,0.259,3,0.248,1,3.17,1.0,0.2929,0.4605,0.5278,0.2582,0.8266,0.4221,0.2574
1219,4985,29,1,1,10,0.8,2023-07-10 10:00:00,45.812603,15.882815,4,1,0,0.626,6,0.667,1,2.92,0.7809,0.2473,0.2961,0.4184,0.4881,0.1194,0.4357,0.3411
1220,5085,2,0,0,7,0.8,2023-02-02 18:00:00,45.804162,16.045642,2,4,2,0.104,1,0.446,0,2.53,0.925,0.3289,0.4307,0.4459,0.1698,0.9403,0.3932,0.294
1221,7449,1,1,1,10,2.8,2023-02-23 18:00:00,45.859183,15.954598,1,4,2,0.426,4,0.846,1,2.61,0.869,0.2937,0.3946,0.3687,0.5758,0.2671,0.5511,0.2802
1222,4318,13,6,3,2,2.1,2024-03-12 20:00:00,45.807853,16.037749,2,2,2,0.083,0,0.534,0,2.96,0.6441,0.3695,0.2949,0.6151,0.2463,0.0989,0.8735,0.4378
1223,8158,11,3,1,8,0.7,2024-10-23 20:00:00,45.749869,15.980169,3,3,2,0.14,1,0.271,0,3.22,0.5659,0.52,0.8815,0.6166,0.7742,0.255,0.5527,0.7965
1224,8870,10,4,0,7,1.8,2024-06-06 19:00:00,45.789562,16.056335,2,4,2,0.466,3,0.514,1,1.89,0.7068,0.641,0.7444,0.8491,0.1389,0.4045,0.7837,0.417
1225,5490,8,0,0,7,1.7,2024-03-16 09:00:00,45.820438,15.88466,4,6,0,0.534,4,1.1,1,2.88,0.8251,0.2519,0.5088,0.4544,0.2511,0.9366,0.3397,0.3721
1226,6360,4,6,0,8,1.5,2023-10-07 10:00:00,45.749039,15.969955,3,6,0,0.339,3,0.719,1,3.12,0.6997,0.3503,0.3734,0.6761,0.2282,0.1574,0.9176,0.5272
1227,5842,10,4,1,18,1.4,2024-07-30 18:00:00,45.79598,16.04843,2,2,2,0.544,10,0.347,2,0.62,0.7527,0.5814,0.7079,0.9443,0.2137,0.3844,0.7494,0.3071
1228,6754,10,4,0,20,1.6,2023-04-27 19:00:00,45.75747,15.980562,3,4,2,0.386,8,0.397,1,2.22,0.8897,0.5862,0.5876,0.8842,0.2386,0.4177,0.798,0.4428
1229,7214,9,1,1,9,1.3,2024-12-05 20:00:00,45.746573,15.971344,3,4,2,0.402,4,1.371,1,3.27,0.7589,0.3856,0.4177,0.3373,0.577,0.2657,0.5086,0.2768
1230,7612,11,3,0,9,1.7,2024-04-14 20:00:00,45.791039,15.899152,4,0,2,0.451,4,1.232,1,3.35,0.4203,0.5491,0.9246,0.6392,0.7673,0.1381,0.4204,0.7727
1231,3501,9,1,1,5,1.7,2024-12-23 11:00:00,45.863842,15.943689,1,1,0,0.327,2,0.196,0,1.6,0.8525,0.3367,0.3166,0.3626,0.6244,0.2022,0.4358,0.206
1232,7951,11,3,1,19,1.9,2023-03-03 20:00:00,45.787198,16.032222,2,5,2,0.482,9,0.93,2,1.77,0.4802,0.5068,0.9055,0.666,0.7909,0.2471,0.551,0.78
1233,1417,29,1,0,19,0.9,2024-01-09 18:00:00,45.798138,15.980302,0,2,2,0.614,12,0.724,2,2.05,0.8254,0.3195,0.3018,0.4222,0.7094,0.114,0.4612,0.2748
1234,7888,21,0,1,9,1.3,2024-10-28 19:00:00,45.805333,15.894569,4,1,2,0.212,2,1.344,0,3.54,0.9515,0.2931,0.5379,0.4771,0.2339,0.8724,0.473,0.2364
1235,6175,0,1,1,3,2.1,2024-07-15 18:00:00,45.747627,15.97716,3,1,2,0.719,2,0.531,0,2.66,0.781,0.2328,0.2535,0.2815,0.608,0.1775,0.5056,0.3049
1236,3336,29,1,0,2,1.3,2024-09-30 10:00:00,45.807567,15.964546,0,1,0,0.622,1,0.334,0,2.61,0.8282,0.3909,0.2836,0.4792,0.6907,0.134,0.4137,0.2638
1237,4370,11,3,1,15,1.8,2024-03-12 20:00:00,45.820025,15.97598,0,2,2,0.552,8,0.668,1,3.7,0.4774,0.5383,1.0,0.4938,0.7582,0.2114,0.4997,0.7866
1238,2810,9,1,0,9,1.5,2023-07-05 11:00:00,45.801239,16.03862,2,3,0,0.597,5,1.139,1,1.92,0.7404,0.3713,0.306,0.4558,0.58,0.2085,0.4198,0.2324
1239,4119,2,0,0,9,1.3,2024-04-29 19:00:00,45.810488,15.875266,4,1,2,0.611,5,0.4,1,3.46,0.8703,0.3374,0.4369,0.4735,0.1964,0.8824,0.405,0.3133
1240,2250,28,0,0,25,1.1,2023-02-08 09:00:00,45.816573,15.877995,4,3,0,0.679,17,0.521,2,2.64,0.9043,0.3046,0.4781,0.5811,0.1303,0.8354,0.4653,0.2897
1241,5321,12,0,0,7,1.0,2023-03-05 20:00:00,45.857348,15.961849,1,0,2,0.314,2,1.05,0,1.66,0.9507,0.2047,0.4889,0.4437,0.3532,0.9131,0.434,0.2176
1242,5607,4,6,1,41,0.6,2023-05-03 09:00:00,45.850473,15.92998,1,3,0,0.797,33,1.039,2,1.55,0.6604,0.3101,0.3245,0.7002,0.3075,0.2575,0.8563,0.513
1243,8360,3,2,0,7,2.1,2023-06-05 19:00:00,45.855727,15.957276,1,1,2,0.292,2,0.747,0,2.8,0.2904,0.9413,0.1942,0.6782,0.3004,0.3642,0.3302,0.4978
1244,1262,15,0,2,12,1.4,2023-08-21 18:00:00,45.828265,15.969242,0,1,2,0.259,3,1.393,1,2.26,0.86,0.2376,0.4403,0.5675,0.2182,0.9869,0.3907,0.2852
1245,7511,30,5,2,11,1.3,2024-03-25 20:00:00,45.794566,16.029457,2,1,2,0.29,3,0.297,1,3.06,0.3381,0.4671,0.1044,0.5567,0.2809,0.6373,0.305,0.2951
1246,1071,27,7,0,3,1.8,2024-04-17 18:00:00,45.871599,15.948682,1,3,2,0.349,1,0.819,0,3.23,0.4803,0.4515,0.5572,0.4411,0.899,0.3288,0.4738,0.6218
1247,7813,4,6,2,10,1.7,2024-01-06 19:00:00,45.820748,15.872197,4,6,2,0.022,0,0.47,0,3.12,0.7941,0.3539,0.3133,0.6991,0.2162,0.2016,0.8709,0.5202
1248,3551,1,1,1,6,1.5,2024-10-26 09:00:00,45.792865,15.976334,0,6,0,0.532,3,1.216,1,3.39,0.8561,0.312,0.3313,0.4221,0.5636,0.2069,0.5944,0.3336
1249,8327,5,5,0,9,1.3,2024-03-08 20:00:00,45.791699,16.04657,2,5,2,0.6,5,0.878,1,3.05,0.2673,0.469,0.0665,0.557,0.3143,0.5953,0.4293,0.2677
1250,8468,19,4,0,8,2.1,2023-05-28 18:00:00,45.787259,16.035492,2,0,2,0.856,7,0.455,1,2.76,0.7506,0.6259,0.7948,0.9043,0.2807,0.4315,0.8482,0.353
1251,2866,3,2,0,12,1.1,2024-09-05 09:00:00,45.787571,16.045587,2,4,0,0.622,7,1.175,1,2.65,0.3386,0.8192,0.2233,0.713,0.2591,0.2553,0.3086,0.509
1252,3140,6,2,0,11,1.3,2024-12-13 18:00:00,45.792801,16.043336,2,5,2,0.667,7,0.839,1,2.95,0.3415,0.8089,0.1797,0.7715,0.3814,0.2986,0.2663,0.4388
1253,2625,29,1,2,6,1.0,2023-03-23 19:00:00,45.750404,15.989745,3,4,2,0.427,3,1.2,1,1.89,0.778,0.285,0.2596,0.359,0.6502,0.1794,0.5691,0.3188
1254,1991,20,5,2,7,1.2,2023-12-07 09:00:00,45.755007,15.961928,3,4,0,0.655,5,1.364,1,1.6,0.4161,0.4842,0.0614,0.6038,0.2918,0.5671,0.4141,0.2908
1255,4654,4,6,1,17,1.5,2024-02-20 20:00:00,45.756534,15.972258,3,2,2,0.507,9,1.329,2,2.09,0.8113,0.4535,0.3725,0.6708,0.1175,0.2044,0.8858,0.4626
1256,3428,1,1,2,11,1.4,2023-02-19 11:00:00,45.797656,16.042849,2,0,0,0.609,7,0.472,1,3.32,0.8183,0.2999,0.2488,0.3679,0.5337,0.234,0.3738,0.3213
1257,6150,2,0,2,5,0.8,2024-09-04 20:00:00,45.849522,15.946298,1,3,2,0.293,1,0.902,0,3.29,1.0,0.2808,0.5279,0.5281,0.1578,0.9011,0.4505,0.3487
1258,1115,13,6,1,5,1.6,2023-08-16 20:00:00,45.821646,15.988383,0,3,2,0.223,1,0.105,0,2.21,0.7248,0.3029,0.3611,0.719,0.1912,0.1409,0.8253,0.4532
1259,7397,9,1,2,4,2.2,2024-04-19 09:00:00,45.805514,15.897138,4,5,0,0.17,1,0.095,0,2.26,0.7282,0.3536,0.29,0.3677,0.6903,0.1178,0.3764,0.2536
1260,325,11,3,1,14,1.5,2023-07-26 10:00:00,45.814587,15.995104,0,3,0,0.374,5,0.542,1,2.35,0.5397,0.5565,0.9193,0.531,0.8651,0.2281,0.4675,0.8607
1261,7076,1,1,2,22,1.6,2023-06-28 19:00:00,45.849722,15.946275,1,3,2,0.211,5,1.362,1,2.18,0.8436,0.3107,0.2388,0.4496,0.6764,0.1872,0.458,0.3577
1262,1511,25,3,0,5,1.4,2024-02-06 09:00:00,45.8656,15.960237,1,2,0,0.856,4,0.471,1,2.58,0.5118,0.5118,0.8863,0.6986,0.7769,0.1162,0.4526,0.7557
1263,2551,1,1,1,15,1.2,2024-02-20 20:00:00,45.802749,15.885435,4,2,2,0.261,4,0.995,1,1.26,0.6973,0.3975,0.325,0.4283,0.502,0.2115,0.5308,0.3233
1264,3111,1,1,2,8,1.6,2024-11-26 20:00:00,45.827384,15.886679,4,2,2,0.387,3,1.197,1,1.96,0.7436,0.303,0.3687,0.4268,0.728,0.2882,0.6174,0.254
1265,2523,2,0,1,10,1.2,2023-06-15 11:00:00,45.812632,15.883507,4,4,0,0.335,3,0.649,1,2.95,0.9795,0.275,0.4984,0.5347,0.2006,0.8801,0.4605,0.3054
1266,412,18,7,1,16,1.7,2023-12-22 19:00:00,45.810605,15.889513,4,5,2,0.192,3,0.927,1,1.52,0.4782,0.3144,0.5636,0.4403,0.9484,0.3354,0.3788,0.7159
1267,2905,10,4,1,14,1.1,2023-11-27 18:00:00,45.79887,16.040375,2,1,2,0.467,7,0.533,1,2.39,0.8852,0.5665,0.7616,0.9099,0.1517,0.3965,0.8481,0.4013
1268,8899,3,2,1,25,1.5,2024-11-03 20:00:00,45.788379,15.876594,4,0,2,0.16,4,0.539,1,1.26,0.4188,0.8244,0.2815,0.6556,0.2808,0.3612,0.3243,0.4605
1269,4036,2,0,1,6,1.0,2024-09-08 09:00:00,45.820102,15.902262,4,0,0,0.58,3,0.488,1,3.48,0.9098,0.2709,0.4514,0.524,0.2522,0.9215,0.3806,0.2657
1270,5846,1,1,2,8,1.4,2023-01-09 11:00:00,45.821602,15.989552,0,1,0,0.401,3,0.056,1,3.15,0.801,0.2317,0.2382,0.3095,0.596,0.1761,0.4888,0.3299
1271,2860,9,1,1,13,1.8,2024-12-23 10:00:00,45.792113,16.030228,2,1,0,0.43,6,0.388,1,2.37,0.8373,0.3335,0.3322,0.3635,0.5879,0.2878,0.4884,0.2221
1272,7572,1,1,0,4,2.4,2024-04-23 18:00:00,45.743018,15.964404,3,2,2,0.32,1,1.108,0,2.17,0.8118,0.3134,0.2496,0.4437,0.5423,0.2866,0.4899,0.2603
1273,2185,8,0,1,6,2.1,2023-08-16 10:00:00,45.751245,15.98039,3,3,0,0.026,0,0.119,0,2.45,0.989,0.3283,0.5548,0.467,0.2618,0.8629,0.3846,0.2814
1274,238,13,6,2,8,1.6,2024-02-02 19:00:00,45.817076,15.894889,4,5,2,0.689,6,0.652,1,1.12,0.7776,0.3517,0.2587,0.7334,0.1931,0.188,0.901,0.4829
1275,6120,29,1,3,9,1.0,2023-08-24 10:00:00,45.848811,15.94595,1,4,0,0.653,6,0.687,1,3.9,0.7558,0.3283,0.4078,0.3477,0.703,0.1654,0.5226,0.3326
1276,6466,2,0,0,16,1.3,2024-01-28 20:00:00,45.735359,15.975187,3,0,2,0.179,3,1.089,1,3.23,0.8849,0.2627,0.4384,0.5506,0.1426,0.8167,0.4137,0.3626
1277,7420,19,4,2,6,1.1,2024-02-08 20:00:00,45.750295,15.966864,3,4,2,0.054,0,0.285,0,2.64,0.7905,0.6437,0.6825,0.8647,0.2673,0.4183,0.8166,0.2491
1278,5531,7,0,1,7,1.9,2023-08-18 11:00:00,45.836042,15.968082,0,5,0,0.532,4,0.054,1,2.52,0.8845,0.3272,0.4917,0.4717,0.2256,0.9232,0.38,0.3561
1279,8843,4,6,1,7,1.6,2024-10-04 11:00:00,45.843955,15.931868,1,5,0,0.55,4,0.185,1,2.28,0.6785,0.2199,0.319,0.6816,0.1908,0.2161,0.882,0.5663
1280,6424,8,0,0,5,0.8,2023-12-31 11:00:00,45.846376,15.959841,1,0,0,0.505,3,0.302,1,3.06,0.945,0.2878,0.5111,0.5221,0.2335,0.9725,0.4514,0.2719
1281,5646,27,7,2,9,2.4,2023-07-28 18:00:00,45.858426,15.947218,1,5,2,0.104,1,0.339,0,2.0,0.4261,0.4609,0.5927,0.4845,0.876,0.2635,0.3569,0.5737
1282,6374,8,0,1,6,1.0,2023-11-13 18:00:00,45.756154,15.975161,3,1,2,0.166,1,1.408,0,1.89,0.8822,0.1968,0.5121,0.4876,0.2843,0.9662,0.3591,0.2906
1283,7658,11,3,1,4,2.1,2023-06-03 19:00:00,45.850648,15.953574,1,6,2,0.152,1,0.805,0,1.74,0.5182,0.4594,0.9061,0.6035,0.814,0.2644,0.428,0.7905
1284,4750,4,6,2,26,1.0,2023-08-27 19:00:00,45.864945,15.948241,1,0,2,0.35,9,1.135,2,2.19,0.6851,0.2314,0.3154,0.6906,0.1636,0.2171,0.983,0.4578
1285,1885,2,0,0,7,1.5,2024-10-14 11:00:00,45.842303,15.959018,1,1,0,0.544,4,0.454,1,3.4,0.9263,0.2494,0.424,0.4487,0.2191,0.9476,0.3474,0.294
1286,2435,1,1,1,11,2.3,2024-01-17 09:00:00,45.822759,15.97719,0,3,0,0.635,7,0.927,1,2.93,0.808,0.2615,0.291,0.3765,0.6505,0.2556,0.5038,0.2759
1287,831,15,0,1,5,1.7,2024-07-08 09:00:00,45.808801,15.976381,0,1,0,0.011,0,0.494,0,2.28,0.8095,0.3444,0.4269,0.3922,0.2636,0.867,0.3473,0.2503
1288,2824,4,6,0,8,1.6,2024-07-27 20:00:00,45.845974,15.946956,1,6,2,0.325,3,1.109,1,2.98,0.8089,0.3202,0.3441,0.6936,0.1972,0.198,0.9026,0.4943
1289,3341,1,1,0,7,1.5,2023-06-03 18:00:00,45.80025,16.046393,2,6,2,0.908,6,0.62,1,2.25,0.7882,0.3296,0.2737,0.3773,0.5846,0.1563,0.4538,0.2661
1290,1496,19,4,0,22,1.1,2023-08-03 20:00:00,45.808923,15.90097,4,4,2,0.318,7,0.884,1,3.62,0.7753,0.5924,0.6823,0.8932,0.2442,0.4116,0.7668,0.4728
1291,2535,30,5,1,9,2.2,2023-01-24 11:00:00,45.812994,15.88524,4,2,0,0.293,3,0.817,1,2.66,0.4355,0.6233,0.2193,0.5167,0.2627,0.6088,0.4498,0.3948
1292,8310,21,0,0,5,1.4,2023-07-31 18:00:00,45.757613,15.974676,3,1,2,0.344,2,1.298,0,2.65,0.906,0.1747,0.5099,0.4297,0.2028,0.9122,0.294,0.3228
1293,6050,1,1,2,5,2.0,2024-03-15 09:00:00,45.807092,15.988662,0,5,0,0.356,2,0.646,0,1.32,0.7081,0.2455,0.2549,0.4219,0.5831,0.1706,0.5019,0.2367
1294,2586,3,2,2,11,2.5,2023-01-15 10:00:00,45.78807,16.047997,2,0,0,0.137,2,1.34,0,3.26,0.3152,0.8596,0.2307,0.6117,0.2588,0.4153,0.2801,0.5696
1295,6105,24,3,1,9,0.9,2024-01-11 10:00:00,45.794413,16.039058,2,4,0,0.331,3,0.863,1,2.18,0.5413,0.4427,0.9058,0.5107,0.8109,0.1761,0.5993,0.8397
1296,4791,17,0,2,10,1.1,2024-04-17 18:00:00,45.81475,15.982489,0,3,2,0.639,6,1.168,1,3.13,0.9534,0.2717,0.4777,0.5956,0.1844,0.848,0.4064,0.2071
1297,952,0,1,1,12,1.5,2024-11-04 18:00:00,45.807431,15.968284,0,1,2,0.745,9,1.076,2,3.12,0.802,0.3633,0.2994,0.4967,0.5421,0.2022,0.5765,0.3472
1298,4360,25,3,0,3,1.4,2024-02-03 19:00:00,45.80053,15.956037,0,6,2,0.499,1,0.646,0,2.94,0.5445,0.4157,0.8998,0.6251,0.7549,0.2186,0.5415,0.9215
1299,1158,8,0,0,9,0.9,2023-08-14 20:00:00,45.80237,16.05484,2,1,2,0.497,4,1.194,1,3.23,0.8792,0.3315,0.5294,0.4721,0.2238,0.7846,0.4428,0.3041
1300,2796,16,2,1,3,0.5,2024-12-02 18:00:00,45.827769,15.876218,4,1,2,0.311,1,0.645,0,3.29,0.4626,0.847,0.2448,0.699,0.2927,0.2175,0.3191,0.5904
1301,4825,9,1,1,5,2.0,2023-03-20 20:00:00,45.791837,16.043077,2,1,2,0.62,3,1.273,1,2.9,0.7552,0.3181,0.4003,0.3709,0.5869,0.1485,0.5469,0.2396
1302,1770,27,7,0,11,1.3,2024-03-29 18:00:00,45.758439,15.966737,3,5,2,0.67,7,1.098,1,3.38,0.4952,0.3725,0.6751,0.4764,0.8009,0.2963,0.404,0.6526
1303,4530,1,1,2,8,1.5,2024-08-03 09:00:00,45.830051,15.900375,4,6,0,0.151,1,0.434,0,2.86,0.8082,0.1896,0.2917,0.419,0.5833,0.1447,0.5182,0.3276
1304,748,19,4,1,7,1.7,2023-08-27 10:00:00,45.796883,16.050614,2,0,0,0.433,3,0.463,1,1.85,0.9189,0.586,0.6453,0.8823,0.2242,0.3566,0.8904,0.4044
1305,2226,1,1,1,4,1.7,2024-10-20 19:00:00,45.800466,15.987969,0,0,2,0.549,2,0.817,0,3.63,0.8013,0.248,0.3848,0.4187,0.7247,0.1339,0.5454,0.3194
1306,4063,20,5,2,5,2.6,2023-04-24 18:00:00,45.799254,16.042483,2,1,2,0.633,3,0.35,1,2.64,0.3912,0.4877,0.1423,0.6211,0.2943,0.6343,0.3902,0.2572
1307,7595,3,2,0,6,1.4,2024-12-04 18:00:00,45.791994,16.053111,2,3,2,0.076,0,0.061,0,2.55,0.4263,0.8117,0.1588,0.7091,0.3584,0.3696,0.2932,0.582
1308,8789,13,6,0,18,0.8,2024-03-04 18:00:00,45.797078,15.88136,4,1,2,0.306,6,0.954,1,3.24,0.6704,0.3181,0.3131,0.6661,0.1655,0.1849,0.83,0.4599
1309,7677,4,6,0,9,0.5,2024-01-28 10:00:00,45.846578,15.955879,1,0,0,0.676,6,0.889,1,2.75,0.6383,0.3051,0.2612,0.667,0.1595,0.2118,0.865,0.5027
1310,5235,8,0,1,6,2.2,2023-06-17 20:00:00,45.841918,15.938025,1,6,2,0.374,2,1.172,0,3.48,0.9627,0.331,0.4553,0.4978,0.1922,0.8955,0.3506,0.3316
1311,6118,22,7,0,18,0.6,2023-12-29 10:00:00,45.829477,15.898816,4,5,0,0.349,6,1.321,1,2.99,0.5612,0.3681,0.6004,0.4199,0.9188,0.209,0.3397,0.6828
1312,2171,9,1,0,9,1.7,2023-01-08 18:00:00,45.817972,15.906753,4,0,2,0.929,8,0.168,1,1.82,0.8893,0.2378,0.2068,0.3931,0.6034,0.1875,0.4369,0.2167
1313,5664,2,0,1,6,1.9,2024-10-28 19:00:00,45.831307,15.988565,0,1,2,0.381,2,0.18,0,3.51,0.9088,0.2421,0.5296,0.455,0.2166,0.8534,0.3868,0.33
1314,5223,4,6,0,11,1.7,2024-07-05 10:00:00,45.796131,16.03429,2,5,0,0.392,4,0.388,1,2.54,0.7243,0.2726,0.2343,0.7052,0.1284,0.2129,0.8837,0.4683
1315,3670,29,1,1,6,2.0,2023-11-30 10:00:00,45.81636,15.968836,0,4,0,0.18,1,0.14,0,3.05,0.8522,0.3106,0.2094,0.3738,0.5424,0.2715,0.5097,0.2078
1316,5657,10,4,0,6,1.8,2024-11-22 18:00:00,45.756799,15.968369,3,5,2,0.67,4,0.498,1,3.02,0.8446,0.688,0.7335,0.9225,0.1491,0.3198,0.775,0.3929
1317,541,1,1,0,10,1.1,2024-10-14 18:00:00,45.855875,15.964,1,1,2,0.395,4,0.188,1,3.77,0.8602,0.2062,0.2904,0.4483,0.5801,0.224,0.5695,0.2264
1318,8485,9,1,0,13,1.6,2023-05-18 09:00:00,45.841543,15.949626,1,4,0,0.106,1,0.64,0,2.98,0.885,0.3071,0.322,0.3159,0.6923,0.1567,0.437,0.309
1319,1509,29,1,2,5,1.8,2024-03-17 20:00:00,45.805403,16.040853,2,0,2,0.152,1,0.578,0,2.54,0.7561,0.3243,0.2648,0.3723,0.5911,0.2207,0.4299,0.3206
1320,269,10,4,2,10,0.6,2023-03-11 11:00:00,45.822958,15.890893,4,6,0,0.463,5,1.384,1,2.94,0.7504,0.6311,0.6751,1.0,0.1571,0.4335,0.7217,0.4649
1321,7449,15,0,0,7,1.4,2024-06-19 11:00:00,45.818281,15.970391,0,3,0,0.644,5,0.925,1,2.73,0.8389,0.3991,0.5413,0.445,0.1997,0.9681,0.3982,0.2863
1322,1109,8,0,0,16,1.3,2024-11-28 20:00:00,45.745326,15.965175,3,4,2,0.589,9,0.905,2,2.54,0.9775,0.2652,0.5241,0.4787,0.1763,0.9665,0.3556,0.3249
1323,4050,22,7,1,6,1.2,2024-10-14 18:00:00,45.842328,15.960626,1,1,2,0.406,2,0.482,0,3.01,0.4594,0.3351,0.6084,0.4978,0.8484,0.3315,0.461,0.6715
1324,5708,9,1,1,12,1.7,2023-04-09 11:00:00,45.796445,16.049746,2,0,0,0.391,5,0.717,1,2.54,0.8214,0.2943,0.2937,0.3204,0.5756,0.162,0.5367,0.3549
1325,5416,2,0,2,11,2.8,2024-01-02 11:00:00,45.846673,15.954038,1,2,0,0.253,3,1.296,1,3.31,0.924,0.3179,0.4845,0.4934,0.2631,0.8637,0.3503,0.2901
1326,396,25,3,0,11,1.9,2023-03-08 20:00:00,45.791178,16.045428,2,3,2,0.264,3,0.324,1,3.23,0.5149,0.5408,0.8565,0.6238,0.9129,0.2208,0.4239,0.7999
1327,1356,14,5,1,14,1.4,2024-10-24 19:00:00,45.814297,15.897402,4,4,2,0.404,6,0.194,1,2.32,0.2978,0.4409,0.0576,0.6231,0.2789,0.531,0.3846,0.3425
1328,5629,2,0,2,8,2.3,2024-03-03 11:00:00,45.748154,15.971236,3,0,0,0.416,3,0.629,1,3.21,0.8907,0.2969,0.5453,0.5584,0.1809,0.9062,0.4259,0.266
1329,4173,1,1,0,11,1.2,2023-07-20 10:00:00,45.84489,15.951004,1,4,0,0.614,7,0.484,1,3.29,0.7549,0.3392,0.1813,0.3654,0.5627,0.1714,0.4797,0.2975
1330,3042,4,6,1,8,1.0,2024-01-26 19:00:00,45.815272,15.974829,0,5,2,0.471,4,1.031,1,1.04,0.7056,0.3356,0.3411,0.6504,0.3381,0.1627,0.9272,0.5312
1331,1010,15,0,1,35,2.0,2023-04-24 10:00:00,45.797908,16.043041,2,1,0,0.588,21,0.96,2,3.18,0.9492,0.3508,0.5022,0.363,0.1186,0.956,0.3734,0.2496
1332,6091,4,6,1,6,0.8,2023-12-27 18:00:00,45.821118,15.983023,0,3,2,0.15,1,0.656,0,3.61,0.7236,0.342,0.2979,0.7179,0.1137,0.2223,0.9317,0.4704
1333,3888,14,5,1,9,1.3,2024-01-14 20:00:00,45.850978,15.957883,1,0,2,0.075,1,0.565,0,2.93,0.3447,0.4285,0.0548,0.6038,0.2643,0.5527,0.4132,0.2391
1334,2268,27,7,1,9,1.7,2024-12-10 11:00:00,45.804272,16.067425,2,2,0,0.093,1,0.864,0,2.4,0.5535,0.4089,0.53,0.4887,0.9174,0.2642,0.4259,0.6662
1335,3943,27,7,2,12,1.3,2024-05-06 11:00:00,45.758494,15.992029,3,1,0,0.169,2,0.343,0,2.26,0.5674,0.3381,0.6463,0.5069,0.8293,0.3453,0.3316,0.7446
1336,39,4,6,0,3,1.8,2023-05-22 18:00:00,45.862307,15.961614,1,1,2,0.298,1,0.738,0,2.72,0.6869,0.366,0.3118,0.6781,0.2103,0.2036,0.9181,0.5137
1337,3110,1,1,2,25,2.4,2023-02-21 18:00:00,45.756882,15.971624,3,2,2,0.485,12,0.265,2,3.38,0.8928,0.2786,0.2604,0.4056,0.588,0.2103,0.4518,0.3476
1338,1407,4,6,1,13,1.2,2023-08-15 18:00:00,45.742847,15.979783,3,2,2,0.392,5,0.425,1,3.46,0.7816,0.2241,0.2669,0.7775,0.2328,0.2162,0.923,0.4251
1339,848,1,1,0,4,1.7,2023-06-05 18:00:00,45.810994,15.964682,0,1,2,0.319,1,1.043,0,1.96,0.8117,0.2909,0.3309,0.3442,0.5002,0.2195,0.4895,0.2647
1340,2983,4,6,1,5,0.5,2024-08-02 18:00:00,45.812224,15.964154,0,5,2,0.794,4,0.817,1,3.21,0.7468,0.3162,0.277,0.7845,0.1655,0.2112,0.8889,0.4535
1341,6067,29,1,1,5,1.4,2024-11-03 19:00:00,45.805838,16.051509,2,0,2,0.847,4,0.238,1,3.16,0.8073,0.2584,0.2916,0.3752,0.4664,0.1836,0.4246,0.2069
1342,3988,9,1,2,6,0.9,2024-09-26 18:00:00,45.79887,15.891762,4,4,2,0.192,1,1.229,0,2.69,0.7871,0.2188,0.3437,0.4453,0.6595,0.2953,0.5327,0.3262
1343,5001,2,0,2,19,0.6,2023-01-13 20:00:00,45.807039,15.972215,0,5,2,0.47,9,0.591,2,1.28,0.9505,0.2772,0.5273,0.4022,0.2087,0.8884,0.4316,0.2942
1344,8751,1,1,3,6,0.9,2024-06-13 20:00:00,45.798897,16.046573,2,4,2,0.424,3,0.82,1,2.28,0.8544,0.3328,0.3345,0.4614,0.6032,0.1831,0.5249,0.2323
1345,3868,3,2,1,13,1.4,2024-08-18 18:00:00,45.845923,15.94852,1,0,2,0.341,4,0.784,1,2.62,0.4537,0.8343,0.1922,0.6725,0.3534,0.4092,0.3121,0.4918
1346,2900,9,1,0,7,2.3,2024-12-01 19:00:00,45.789943,16.05619,2,0,2,0.496,3,0.5,1,3.34,0.7762,0.2699,0.2919,0.4416,0.5908,0.1335,0.535,0.3335
1347,1833,6,2,1,6,0.5,2023-12-31 09:00:00,45.810021,15.892128,4,0,0,0.22,1,0.412,0,2.59,0.3749,0.9173,0.1736,0.6997,0.3692,0.3811,0.2977,0.5282
1348,1627,20,5,2,6,1.7,2024-01-19 09:00:00,45.808365,15.985722,0,5,0,0.419,3,0.085,1,2.42,0.28,0.4381,0.1731,0.6341,0.2746,0.5829,0.4829,0.2554
1349,2580,7,0,2,13,0.8,2023-12-18 18:00:00,45.807935,15.976887,0,1,2,0.216,3,0.539,1,2.6,0.9442,0.2346,0.5595,0.5435,0.2599,1.0,0.421,0.2443
1350,4910,0,1,1,12,1.8,2024-04-29 09:00:00,45.851572,15.951722,1,1,0,0.67,8,1.086,1,3.76,0.7645,0.3305,0.2708,0.3907,0.5681,0.197,0.51,0.272
1351,7047,10,4,0,4,1.4,2024-08-21 11:00:00,45.746413,15.994159,3,3,0,0.408,2,1.01,0,1.66,0.7741,0.7024,0.6221,0.8553,0.1755,0.387,0.7729,0.471
1352,4072,16,2,0,17,1.9,2024-09-17 11:00:00,45.854662,15.947179,1,2,0,0.487,8,1.429,1,1.76,0.4129,1.0,0.2783,0.7534,0.3642,0.269,0.3275,0.4578
1353,6389,29,1,1,4,1.2,2024-02-21 20:00:00,45.812842,15.969208,0,3,2,0.192,1,1.442,0,2.49,0.737,0.3509,0.3863,0.436,0.6011,0.1724,0.5197,0.3073
1354,6750,8,0,3,5,1.7,2023-05-30 11:00:00,45.847118,15.940127,1,2,0,0.134,1,1.064,0,2.57,0.9497,0.3119,0.4821,0.4987,0.1915,0.8986,0.3354,0.3474
1355,7322,29,1,0,10,1.2,2023-01-28 09:00:00,45.803248,15.898142,4,6,0,0.41,4,0.164,1,2.36,0.7495,0.2828,0.3055,0.3832,0.5849,0.2237,0.545,0.2774
1356,1491,1,1,1,16,1.5,2023-08-02 11:00:00,45.795232,15.886673,4,3,0,0.733,12,0.72,2,2.98,0.7703,0.2273,0.2583,0.4316,0.5829,0.2321,0.4984,0.2858
1357,271,1,1,0,5,2.2,2023-02-20 18:00:00,45.813944,15.873694,4,1,2,0.413,2,0.401,0,3.41,0.7638,0.3504,0.2073,0.4306,0.6435,0.2321,0.4713,0.2711
1358,1564,1,1,2,2,1.7,2023-10-27 18:00:00,45.811029,16.029351,2,5,2,0.04,0,1.201,0,2.53,0.8767,0.2946,0.2941,0.3831,0.6357,0.2766,0.4235,0.3351
1359,2572,8,0,0,5,1.6,2023-02-21 19:00:00,45.811511,15.900327,4,2,2,0.292,1,0.318,0,2.29,0.8527,0.3058,0.3561,0.5227,0.2412,0.9355,0.4477,0.2654
1360,1577,14,5,0,6,1.7,2023-10-15 10:00:00,45.759361,15.970058,3,0,0,0.11,1,0.871,0,1.83,0.3186,0.4512,0.1112,0.6695,0.2798,0.6325,0.3475,0.2714
1361,330,13,6,0,5,1.5,2023-10-06 18:00:00,45.800015,16.044061,2,5,2,0.323,2,0.5,0,2.09,0.7375,0.2035,0.2473,0.7056,0.1671,0.2062,0.9082,0.4967
1362,3339,30,5,1,4,1.5,2024-06-09 11:00:00,45.808618,15.890753,4,0,0,0.095,0,0.541,0,1.46,0.2712,0.4698,0.0875,0.5882,0.3511,0.5673,0.4596,0.3455
1363,7071,12,0,1,11,1.3,2023-10-24 09:00:00,45.755335,15.967872,3,2,0,0.63,7,0.785,1,2.01,0.8381,0.3368,0.3485,0.3778,0.2161,0.939,0.4394,0.355
1364,6257,21,0,1,9,1.2,2023-07-05 10:00:00,45.755613,15.982656,3,3,0,0.346,3,0.555,1,1.69,0.9846,0.3381,0.4687,0.4903,0.2657,0.873,0.4522,0.2776
1365,2884,1,1,2,24,1.8,2023-07-06 09:00:00,45.804747,15.982783,0,4,0,0.497,12,1.16,2,2.82,0.7342,0.305,0.2577,0.3992,0.5565,0.145,0.4614,0.2927
1366,35,29,1,1,10,1.9,2023-12-16 20:00:00,45.775371,16.04773,2,6,2,0.515,5,0.456,1,2.63,0.8147,0.2937,0.2512,0.4251,0.603,0.1878,0.5163,0.2661
1367,442,7,0,0,4,1.9,2024-02-03 19:00:00,45.807776,15.989387,0,6,2,0.484,2,1.098,0,2.1,0.8772,0.3007,0.5046,0.4665,0.1438,0.9082,0.4818,0.3009
1368,3067,1,1,1,13,1.5,2023-10-25 20:00:00,45.848277,15.944679,1,3,2,0.729,9,0.502,2,3.16,0.8418,0.3028,0.1627,0.3737,0.6061,0.1638,0.4875,0.319
1369,1750,28,0,1,5,1.4,2023-05-24 19:00:00,45.744033,15.97343,3,3,2,0.278,1,1.04,0,2.49,0.9063,0.3533,0.4581,0.5097,0.1848,0.9051,0.4685,0.3497
1370,3632,0,1,0,8,1.6,2023-11-14 11:00:00,45.739883,15.978907,3,2,0,0.793,6,1.01,1,2.54,0.779,0.303,0.2914,0.3983,0.6389,0.2306,0.5219,0.3137
1371,1436,25,3,0,3,1.0,2023-02-09 18:00:00,45.825183,15.978112,0,4,2,0.341,1,0.379,0,2.06,0.5105,0.5161,0.8598,0.6006,0.7963,0.2697,0.5286,0.8015
1372,5060,4,6,2,4,2.1,2024-04-26 18:00:00,45.750627,15.970317,3,5,2,0.461,2,0.88,0,2.62,0.6889,0.2712,0.3503,0.6891,0.1724,0.2364,1.0,0.4985
1373,5405,2,0,1,9,1.8,2023-02-07 19:00:00,45.749115,15.976083,3,2,2,0.37,3,0.611,1,2.42,0.9014,0.3107,0.477,0.5162,0.1865,0.9301,0.3454,0.2269
1374,6137,29,1,3,9,1.9,2023-05-18 20:00:00,45.754072,15.974232,3,4,2,0.623,6,0.933,1,1.96,0.7931,0.2793,0.3241,0.4007,0.629,0.1865,0.5344,0.3144
1375,8679,30,5,2,5,0.8,2024-03-23 09:00:00,45.753457,15.959247,3,6,0,0.406,2,0.773,0,3.49,0.271,0.4421,0.1099,0.713,0.3494,0.5319,0.2719,0.305
1376,2364,10,4,1,3,1.7,2023-02-20 11:00:00,45.809646,15.980005,0,1,0,0.263,1,0.617,0,2.88,0.7119,0.6225,0.6982,0.9015,0.238,0.3593,0.7579,0.4163
1377,1060,3,2,1,12,1.1,2024-01-19 20:00:00,45.787896,16.045387,2,5,2,0.314,4,0.181,1,3.21,0.4289,0.8536,0.1841,0.7273,0.2196,0.2246,0.2589,0.5436
1378,233,25,3,0,6,1.2,2024-09-15 19:00:00,45.848041,15.952562,1,0,2,0.547,3,0.554,1,3.05,0.5757,0.4181,0.8402,0.6155,0.8035,0.1801,0.4346,0.7841
1379,2807,30,5,0,4,1.7,2024-12-13 11:00:00,45.746172,15.980731,3,5,0,0.274,1,0.658,0,3.19,0.3165,0.5103,0.121,0.5669,0.2607,0.6357,0.3799,0.2016
1380,1762,19,4,0,6,2.0,2023-04-01 18:00:00,45.798735,16.048074,2,6,2,0.235,1,1.272,0,3.31,0.7177,0.5705,0.6813,0.8967,0.1466,0.3838,0.8174,0.3259
1381,7942,5,5,2,5,2.0,2023-01-12 18:00:00,45.813851,15.881415,4,4,2,0.496,2,0.443,0,2.26,0.3149,0.5017,0.131,0.6247,0.326,0.5592,0.3311,0.3281
1382,163,13,6,1,7,1.0,2023-09-01 18:00:00,45.740414,15.982781,3,5,2,0.358,3,0.682,1,1.52,0.6821,0.2619,0.3265,0.7264,0.2221,0.2164,0.8903,0.4919
1383,8254,15,0,3,8,2.1,2023-02-12 20:00:00,45.809038,15.887243,4,0,2,0.443,4,1.024,1,2.93,0.9221,0.347,0.3909,0.4994,0.2554,0.9903,0.3889,0.3491
1384,2673,8,0,2,7,1.2,2023-11-04 09:00:00,45.805592,15.880324,4,6,0,0.156,1,0.586,0,3.77,0.9387,0.2538,0.3971,0.4625,0.1487,0.9276,0.4148,0.2287
1385,1533,0,1,1,12,1.8,2023-04-04 09:00:00,45.762433,15.955746,3,2,0,0.052,1,0.88,0,2.23,0.7584,0.3303,0.2939,0.4394,0.581,0.2101,0.537,0.239
1386,7351,3,2,0,4,1.5,2023-08-04 20:00:00,45.798102,15.997882,0,5,2,0.902,4,1.058,1,2.67,0.4272,0.8848,0.3061,0.7319,0.3352,0.3187,0.2753,0.5299
1387,44,13,6,0,7,2.0,2023-03-23 10:00:00,45.867046,15.95569,1,4,0,0.115,1,1.299,0,3.67,0.6321,0.3078,0.238,0.6579,0.2232,0.2209,0.8932,0.522
1388,2242,7,0,0,4,1.4,2024-12-19 20:00:00,45.815947,15.96557,0,4,2,0.415,2,1.326,0,3.92,0.9127,0.3035,0.4704,0.5585,0.2016,0.7899,0.3709,0.2602
1389,6315,15,0,0,25,1.2,2024-04-29 09:00:00,45.825269,15.959502,0,1,0,0.491,12,1.146,2,1.27,0.9398,0.2771,0.5486,0.503,0.1647,0.9022,0.4589,0.3
1390,2824,9,1,1,8,1.6,2023-07-15 11:00:00,45.799642,16.066115,2,6,0,0.506,4,0.408,1,2.29,0.8159,0.3379,0.3299,0.4935,0.5965,0.2102,0.4606,0.3016
1391,8767,5,5,1,7,1.2,2024-12-18 18:00:00,45.805712,15.980294,0,3,2,0.253,2,0.618,0,2.19,0.2244,0.5526,0.1244,0.596,0.2907,0.5444,0.4303,0.2481
1392,6836,16,2,0,6,1.6,2024-09-04 19:00:00,45.814869,15.893738,4,3,2,0.348,2,1.218,0,2.65,0.3996,0.8101,0.1195,0.7858,0.2755,0.3701,0.1942,0.5309
1393,1375,30,5,0,13,0.5,2023-03-29 18:00:00,45.840933,15.951119,1,3,2,0.361,5,1.189,1,3.2,0.3698,0.5637,0.1305,0.6561,0.2918,0.622,0.4777,0.2717
1394,1491,9,1,2,10,1.7,2024-08-30 19:00:00,45.79893,16.037099,2,5,2,0.584,6,1.33,1,3.5,0.7942,0.3287,0.31,0.4587,0.6795,0.241,0.4736,0.271
1395,5609,3,2,0,8,2.0,2023-10-19 18:00:00,45.802433,16.041023,2,4,2,0.165,1,1.376,0,3.47,0.4205,0.9841,0.1142,0.7183,0.2922,0.3318,0.3532,0.4031
1396,8978,17,0,0,7,2.0,2023-08-04 18:00:00,45.864473,15.964539,1,5,2,0.153,1,1.17,0,2.75,0.9026,0.3376,0.5632,0.5197,0.1241,0.7318,0.3642,0.3257
1397,3415,8,0,1,17,1.0,2024-06-08 19:00:00,45.813272,16.065939,2,6,2,0.528,9,1.351,2,2.81,0.9066,0.3,0.5065,0.5475,0.1455,0.9445,0.4466,0.306
1398,1623,11,3,0,3,1.5,2024-06-02 20:00:00,45.803097,16.038197,2,0,2,0.341,1,0.294,0,2.51,0.4479,0.518,0.9254,0.4999,0.823,0.1748,0.4759,0.7686
1399,5641,11,3,1,10,1.7,2023-05-30 19:00:00,45.813068,15.970141,0,2,2,0.313,3,0.646,1,3.47,0.5026,0.5218,0.8966,0.6217,0.7585,0.1015,0.4838,0.773
1400,2506,19,4,0,19,2.0,2023-11-05 09:00:00,45.822847,15.98497,0,0,0,0.471,9,0.622,2,3.01,0.7474,0.5702,0.6957,0.9221,0.0848,0.3769,0.8084,0.3597
1401,5762,4,6,0,12,1.0,2023-11-02 19:00:00,45.807402,15.97866,0,4,2,0.194,2,0.993,0,2.19,0.6983,0.4024,0.3699,0.6408,0.3018,0.0987,0.9722,0.5149
1402,1891,13,6,0,14,1.8,2023-09-28 20:00:00,45.74767,15.965969,3,4,2,0.075,1,0.162,0,2.58,0.668,0.3934,0.2932,0.6742,0.222,0.2262,1.0,0.5186
1403,4770,1,1,1,12,2.6,2024-08-01 20:00:00,45.755403,15.972054,3,4,2,0.248,3,1.346,1,3.26,0.7488,0.2157,0.2232,0.3759,0.6066,0.2134,0.5791,0.3483
1404,1462,2,0,0,3,0.5,2024-02-14 11:00:00,45.739969,15.979315,3,3,0,0.396,1,1.083,0,3.12,0.9346,0.3289,0.4604,0.4918,0.2403,0.8531,0.4082,0.3829
1405,8692,1,1,0,4,1.8,2024-06-14 10:00:00,45.815169,15.878006,4,5,0,0.411,2,0.223,0,2.21,0.8595,0.3636,0.341,0.4388,0.5769,0.2157,0.5274,0.2453
1406,3946,0,1,3,10,2.2,2024-05-15 18:00:00,45.827398,15.889261,4,3,2,0.562,6,1.474,1,2.9,0.8595,0.2569,0.3241,0.4231,0.6096,0.1638,0.5118,0.32
1407,4137,9,1,0,5,1.4,2024-06-21 18:00:00,45.860949,15.942942,1,5,2,0.564,3,0.316,1,3.02,0.6448,0.2569,0.2566,0.3752,0.6033,0.1944,0.5185,0.3925
1408,4636,4,6,1,7,1.6,2024-06-01 09:00:00,45.805826,16.054747,2,6,0,0.371,3,0.428,1,3.38,0.6713,0.3977,0.303,0.5795,0.1665,0.1814,0.9359,0.4526
1409,267,5,5,0,11,0.8,2024-01-14 18:00:00,45.790324,15.895386,4,0,2,0.637,7,0.452,1,3.32,0.2814,0.4547,0.0621,0.552,0.2867,0.5349,0.3889,0.299
1410,3501,1,1,0,4,0.5,2024-03-22 19:00:00,45.800009,15.964285,0,5,2,0.22,1,1.052,0,3.1,0.8516,0.2326,0.2455,0.4101,0.6426,0.1592,0.5182,0.2892
1411,1899,29,1,0,13,1.4,2023-07-09 11:00:00,45.79197,16.040309,2,0,0,0.258,3,0.218,1,3.37,0.8738,0.3025,0.2551,0.4045,0.596,0.1817,0.4509,0.3291
1412,213,4,6,1,11,1.6,2023-04-29 19:00:00,45.817912,15.89674,4,6,2,0.298,3,1.424,1,3.36,0.6966,0.2918,0.3295,0.8134,0.2277,0.2493,0.9383,0.4887
1413,5983,2,0,0,14,1.3,2024-11-23 09:00:00,45.747878,15.978312,3,6,0,0.358,5,0.574,1,2.56,0.8853,0.2908,0.5529,0.4371,0.2162,0.9363,0.3866,0.2755
1414,4510,7,0,1,8,1.5,2023-05-10 09:00:00,45.789126,16.05244,2,3,0,0.435,3,1.369,1,3.51,0.9342,0.3126,0.4274,0.5935,0.2297,0.8742,0.404,0.2639
1415,3895,14,5,0,9,1.4,2024-10-22 20:00:00,45.800564,16.040448,2,2,2,0.694,6,1.424,1,2.11,0.3223,0.4536,0.146,0.6863,0.2394,0.6864,0.4373,0.4057
1416,3450,28,0,0,14,2.4,2023-11-28 10:00:00,45.769372,15.976693,3,2,0,0.893,13,0.448,2,2.24,0.8676,0.2273,0.5122,0.5169,0.1913,0.8766,0.4684,0.2643
1417,2247,20,5,0,11,2.6,2024-12-17 20:00:00,45.761873,15.977318,3,2,2,0.42,5,0.466,1,3.12,0.3144,0.521,0.1175,0.5219,0.2946,0.5852,0.2803,0.306
1418,2923,4,6,1,10,1.5,2023-07-10 19:00:00,45.816833,15.982848,0,1,2,0.301,3,1.256,1,3.61,0.7096,0.2906,0.2435,0.6968,0.1229,0.2068,0.8837,0.4791
1419,2294,14,5,1,20,2.0,2024-06-05 20:00:00,45.869915,15.950135,1,3,2,0.544,11,1.404,2,3.55,0.2917,0.5357,0.0706,0.5669,0.2643,0.6072,0.4752,0.2825
1420,107,14,5,1,9,1.6,2024-01-20 19:00:00,45.746,15.978716,3,6,2,0.7,6,0.136,1,2.22,0.2913,0.4828,0.0821,0.5953,0.2922,0.5935,0.4736,0.3907
1421,4351,10,4,1,8,0.7,2024-11-03 19:00:00,45.843848,15.939487,1,0,2,0.814,7,0.826,1,3.09,0.7923,0.585,0.7543,0.7907,0.176,0.3834,0.7736,0.4292
1422,5762,9,1,0,20,1.9,2024-08-16 11:00:00,45.843529,15.952961,1,5,0,0.449,9,0.667,2,1.38,0.7439,0.3836,0.2673,0.402,0.5825,0.2669,0.4876,0.3911
1423,699,11,3,3,8,1.4,2024-10-21 18:00:00,45.859589,15.959289,1,1,2,0.591,5,1.233,1,2.53,0.5551,0.4811,0.872,0.6089,0.8361,0.2987,0.5437,0.8433
1424,2886,3,2,0,14,1.1,2023-08-21 19:00:00,45.754391,15.966996,3,1,2,0.573,8,0.594,1,2.59,0.3421,0.8943,0.1252,0.7788,0.3211,0.3481,0.2235,0.5109
1425,7362,5,5,0,15,1.6,2024-08-06 18:00:00,45.824816,15.993181,0,2,2,0.471,7,0.946,1,2.29,0.2709,0.4837,0.116,0.6064,0.2523,0.5048,0.3903,0.2327
1426,7747,2,0,1,8,1.9,2023-12-04 11:00:00,45.73915,15.985842,3,1,0,0.285,2,0.158,0,3.59,0.8858,0.3117,0.5057,0.4572,0.2506,0.8901,0.4414,0.3038
1427,7304,4,6,1,5,1.4,2023-02-10 11:00:00,45.805818,15.88608,4,5,0,0.083,0,0.47,0,3.7,0.6907,0.2319,0.318,0.7628,0.2508,0.2997,0.8795,0.4751
1428,3993,2,0,2,8,1.8,2024-12-17 11:00:00,45.840518,15.938671,1,2,0,0.55,4,1.213,1,2.56,0.8682,0.291,0.5623,0.4475,0.2762,0.8272,0.3707,0.3308
1429,3256,8,0,0,9,1.8,2023-06-12 19:00:00,45.760085,15.962305,3,1,2,0.691,6,0.766,1,2.81,0.9407,0.3186,0.4477,0.4446,0.2852,0.9122,0.4242,0.2385
1430,4871,10,4,0,4,2.1,2023-01-21 18:00:00,45.855574,15.956862,1,6,2,0.842,3,0.345,1,3.19,0.833,0.6789,0.7381,0.9755,0.1845,0.4077,0.791,0.4068
1431,7820,11,3,1,5,2.6,2023-03-11 20:00:00,45.752917,15.964967,3,6,2,0.223,1,1.036,0,3.32,0.4943,0.5809,0.8517,0.58,0.8277,0.2223,0.6024,0.7495
1432,8989,2,0,1,5,0.8,2024-09-21 11:00:00,45.808027,15.972404,0,6,0,0.26,1,0.46,0,3.51,0.8103,0.2936,0.4228,0.464,0.114,0.8874,0.4606,0.263
1433,8700,2,0,0,6,1.1,2024-07-10 20:00:00,45.81056,15.885741,4,3,2,0.167,1,0.894,0,1.0,0.8533,0.3303,0.4686,0.5399,0.1632,0.8033,0.4023,0.3004
1434,6860,28,0,0,7,1.1,2024-05-15 19:00:00,45.802063,16.077385,2,3,2,0.69,5,0.561,1,3.84,0.9501,0.2675,0.4588,0.5164,0.16,0.909,0.4599,0.3087
1435,1550,16,2,0,12,1.7,2023-03-14 20:00:00,45.867527,15.968287,1,2,2,0.55,7,1.004,1,2.42,0.3622,0.8176,0.1481,0.7044,0.4065,0.2969,0.3039,0.6376
1436,8772,18,7,1,5,1.8,2023-04-19 20:00:00,45.794965,16.052243,2,3,2,0.158,1,0.404,0,0.99,0.4266,0.3976,0.5531,0.5292,0.9176,0.3005,0.3405,0.6672
1437,5090,9,1,1,5,0.9,2023-09-21 19:00:00,45.78196,16.048624,2,4,2,0.09,0,1.024,0,2.49,0.7599,0.357,0.2845,0.4251,0.6126,0.1687,0.484,0.3291
1438,7583,23,3,1,6,1.6,2023-08-06 19:00:00,45.812852,15.98748,0,0,2,0.293,2,0.587,0,2.82,0.5132,0.5253,0.9413,0.6225,0.7687,0.1385,0.574,0.7802
1439,7513,23,3,1,9,2.2,2023-06-09 18:00:00,45.855745,15.96021,1,5,2,0.275,2,1.236,0,3.55,0.5349,0.4932,0.8517,0.6474,0.8196,0.2271,0.5196,0.7946
1440,143,4,6,0,9,1.2,2023-12-17 18:00:00,45.866639,15.938421,1,0,2,0.317,3,0.683,1,2.72,0.5839,0.311,0.2435,0.6171,0.1186,0.2511,0.9369,0.483
1441,2755,15,0,1,9,0.9,2023-04-09 19:00:00,45.838651,15.936211,1,0,2,0.405,4,1.135,1,2.75,0.9318,0.2698,0.5263,0.491,0.2059,0.9777,0.3959,0.3088
1442,3470,2,0,0,10,1.9,2023-07-28 18:00:00,45.806975,15.886376,4,5,2,0.424,4,0.324,1,2.58,0.9198,0.3526,0.5067,0.45,0.2085,0.861,0.354,0.31
1443,807,30,5,0,10,2.1,2023-09-03 09:00:00,45.780658,16.047259,2,0,0,0.272,3,0.882,1,3.77,0.3022,0.5489,0.024,0.5658,0.2921,0.5342,0.4485,0.2565
1444,3024,4,6,0,6,2.5,2024-12-27 18:00:00,45.787963,16.050602,2,5,2,0.531,3,0.463,1,1.96,0.7481,0.2856,0.3563,0.6622,0.2266,0.25,1.0,0.4847
1445,8876,10,4,2,6,1.0,2024-03-19 20:00:00,45.806401,15.980254,0,2,2,0.513,3,0.884,1,1.46,0.7851,0.6242,0.6177,0.8771,0.2911,0.4049,0.806,0.4204
1446,8002,2,0,0,18,1.2,2024-02-19 10:00:00,45.754172,15.970224,3,1,0,0.07,1,1.346,0,2.82,0.9112,0.3154,0.4769,0.5128,0.1931,0.8869,0.4583,0.3408
1447,5855,24,3,1,12,1.1,2024-09-20 19:00:00,45.744508,15.988852,3,5,2,0.344,4,0.373,1,2.49,0.5007,0.4829,0.88,0.5727,0.7096,0.2101,0.4933,0.7747
1448,3099,2,0,2,3,0.8,2023-03-01 11:00:00,45.756184,15.969985,3,3,0,0.266,1,0.574,0,3.79,0.8323,0.2987,0.5485,0.5295,0.2057,0.8844,0.4084,0.3346
1449,1939,19,4,2,8,1.1,2024-05-17 10:00:00,45.771643,15.979614,3,5,0,0.079,1,0.658,0,1.84,0.8098,0.5235,0.7139,0.9102,0.2353,0.4153,0.7688,0.3983
1450,7424,19,4,1,9,1.3,2024-08-31 18:00:00,45.787222,16.051549,2,6,2,0.341,3,1.27,1,3.7,0.8499,0.6725,0.7034,0.9291,0.2131,0.4153,0.8143,0.3745
1451,5470,0,1,0,27,1.6,2024-05-26 18:00:00,45.833625,15.952164,1,0,2,0.126,3,0.386,1,3.14,0.697,0.2267,0.3383,0.3982,0.5996,0.1866,0.4626,0.2825
1452,5868,1,1,1,9,2.0,2023-07-09 18:00:00,45.81603,15.969598,0,0,2,0.651,6,1.346,1,3.54,0.8143,0.2457,0.2833,0.4515,0.5969,0.263,0.5028,0.2797
1453,1765,21,0,2,7,0.7,2024-09-17 18:00:00,45.810058,15.979565,0,2,2,0.336,2,0.365,0,2.52,0.8995,0.3188,0.6071,0.4968,0.2485,0.8926,0.4828,0.4064
1454,2115,2,0,1,11,1.4,2023-10-29 09:00:00,45.81336,15.990938,0,0,0,0.744,8,0.054,1,1.7,0.8431,0.3162,0.4827,0.4279,0.1951,0.8199,0.4171,0.3228
1455,8393,4,6,2,8,0.6,2024-03-11 19:00:00,45.746738,15.985542,3,1,2,0.445,4,1.314,1,3.03,0.6981,0.3119,0.2828,0.6404,0.1773,0.1876,0.8768,0.446
1456,4708,1,1,1,2,2.0,2024-02-05 18:00:00,45.754605,15.980081,3,1,2,0.107,0,0.706,0,3.69,0.8222,0.288,0.3287,0.5432,0.5956,0.147,0.519,0.2035
1457,8144,4,6,2,2,2.0,2024-03-19 20:00:00,45.801526,16.03534,2,2,2,0.43,1,1.156,0,0.91,0.5589,0.3703,0.278,0.7108,0.211,0.1437,0.9315,0.5375
1458,4384,15,0,1,7,1.6,2024-09-24 20:00:00,45.755928,15.974546,3,2,2,0.137,1,0.991,0,3.06,0.7939,0.3056,0.562,0.4866,0.2013,0.8981,0.4611,0.3003
1459,4868,27,7,1,18,2.0,2024-02-03 19:00:00,45.81434,15.957815,0,6,2,0.371,7,1.082,1,3.16,0.4726,0.4674,0.6014,0.5825,0.8543,0.2324,0.3177,0.7673
1460,641,1,1,0,4,2.3,2024-05-10 19:00:00,45.816155,15.969388,0,5,2,0.195,1,0.94,0,2.5,0.8064,0.2892,0.3072,0.4491,0.5572,0.2951,0.5747,0.2295
1461,8394,10,4,0,5,1.0,2023-12-26 11:00:00,45.814452,15.987691,0,2,0,0.018,0,1.066,0,1.52,0.7548,0.4698,0.6707,0.9037,0.2351,0.4114,0.8197,0.405
1462,4998,21,0,2,7,0.9,2024-04-06 10:00:00,45.81737,15.980391,0,6,0,0.18,1,0.404,0,1.11,0.9235,0.3016,0.4949,0.3834,0.1512,0.8986,0.4296,0.261
1463,7110,15,0,2,7,0.9,2023-02-19 19:00:00,45.749368,15.980895,3,0,2,0.306,2,0.961,0,2.58,0.7615,0.2713,0.5267,0.4828,0.1897,0.9029,0.2795,0.2938
1464,4629,8,0,1,7,0.7,2023-09-08 18:00:00,45.863477,15.956519,1,5,2,0.017,0,0.887,0,3.14,0.8734,0.3252,0.425,0.532,0.103,1.0,0.4336,0.3372
1465,849,7,0,0,7,0.7,2024-07-10 09:00:00,45.858398,15.94511,1,3,0,0.63,4,0.659,1,2.62,0.8686,0.3276,0.4459,0.4423,0.2104,0.969,0.3488,0.3064
1466,8527,9,1,1,5,1.3,2023-08-04 18:00:00,45.84772,15.947227,1,5,2,0.291,1,0.451,0,2.7,0.8028,0.2965,0.3643,0.4781,0.6373,0.2311,0.3985,0.2942
1467,8908,9,1,1,9,2.6,2023-07-20 18:00:00,45.846157,15.951152,1,4,2,0.424,4,1.257,1,1.12,0.8225,0.3201,0.2551,0.3917,0.6272,0.1828,0.441,0.2852
1468,1169,4,6,1,19,1.6,2024-11-22 19:00:00,45.759642,15.973258,3,5,2,0.447,8,0.981,1,2.93,0.7132,0.2811,0.3181,0.6517,0.186,0.186,0.8591,0.5447
1469,5596,15,0,0,17,0.5,2024-02-28 18:00:00,45.794671,16.038798,2,3,2,0.458,8,1.096,1,2.19,0.9083,0.2597,0.5299,0.6099,0.1723,0.8678,0.3704,0.3272
1470,4207,1,1,1,12,1.6,2023-04-13 20:00:00,45.875192,15.957744,1,4,2,0.906,11,0.568,2,1.21,0.7545,0.4241,0.3489,0.3813,0.4995,0.2914,0.3117,0.2965
1471,7923,15,0,0,9,0.9,2024-10-21 20:00:00,45.820775,15.988096,0,1,2,0.171,2,0.1,0,1.28,0.892,0.2959,0.4897,0.5155,0.161,0.9212,0.3887,0.3773
1472,366,24,3,1,7,1.5,2023-04-02 09:00:00,45.749214,15.96915,3,0,0,0.829,6,0.844,1,2.51,0.5464,0.4799,0.9051,0.61,0.8602,0.1669,0.445,0.6832
1473,7845,15,0,1,8,1.2,2023-03-22 18:00:00,45.802655,16.060333,2,3,2,0.429,3,0.964,1,2.75,0.9471,0.3137,0.5859,0.4823,0.1732,0.8463,0.3561,0.3122
1474,7551,3,2,0,10,1.0,2023-10-06 18:00:00,45.784908,16.039249,2,5,2,0.922,9,0.392,2,2.37,0.4787,0.9228,0.2578,0.6632,0.3097,0.3329,0.2727,0.5592
1475,3796,15,0,0,13,2.0,2024-10-30 11:00:00,45.776915,16.047682,2,3,0,0.151,2,0.295,0,3.23,0.8748,0.3407,0.534,0.4522,0.2104,0.9206,0.4166,0.3251
1476,2712,5,5,2,4,1.3,2024-01-14 19:00:00,45.75383,15.979338,3,0,2,0.804,3,0.965,1,2.99,0.373,0.398,0.0555,0.5704,0.2316,0.5779,0.3899,0.3448
1477,1060,21,0,0,19,1.5,2024-04-06 11:00:00,45.8164,15.890497,4,6,0,0.79,15,0.511,2,2.32,0.8587,0.256,0.5121,0.5742,0.1047,0.8746,0.3789,0.2837
1478,7335,20,5,1,10,1.2,2023-05-03 20:00:00,45.789385,16.064918,2,3,2,0.415,4,0.464,1,3.29,0.2547,0.5444,0.1843,0.5856,0.2627,0.5312,0.4326,0.2489
1479,2353,0,1,0,8,2.0,2024-06-20 20:00:00,45.807371,15.885608,4,4,2,0.684,5,1.131,1,2.87,0.8444,0.2231,0.3122,0.4148,0.4852,0.0905,0.5335,0.3165
1480,1082,1,1,2,5,1.3,2023-04-10 18:00:00,45.804499,15.864208,4,1,2,0.404,2,0.684,0,3.72,0.8005,0.3722,0.2381,0.4155,0.5604,0.3032,0.5554,0.2788
1481,8472,3,2,1,12,1.6,2024-08-02 19:00:00,45.852627,15.952332,1,5,2,0.183,2,0.604,0,2.74,0.4219,0.9253,0.1157,0.7297,0.3249,0.2899,0.4086,0.4107
1482,3523,4,6,1,4,1.5,2023-01-13 20:00:00,45.825295,15.970331,0,5,2,0.36,1,1.253,0,1.47,0.6954,0.2712,0.313,0.6834,0.1905,0.264,0.9398,0.5543
1483,7139,4,6,1,5,2.3,2024-12-18 20:00:00,45.765986,15.975453,3,3,2,0.704,4,0.477,1,3.29,0.7267,0.2708,0.1847,0.776,0.2697,0.1223,0.8554,0.4815
1484,4411,11,3,0,25,1.5,2024-02-23 20:00:00,45.750213,15.990699,3,5,2,0.605,15,0.922,2,2.7,0.4798,0.4858,0.8201,0.5451,0.8365,0.2282,0.617,0.8551
1485,8333,10,4,1,7,1.5,2023-11-04 10:00:00,45.795283,15.880974,4,6,0,0.695,5,0.194,1,2.9,0.8003,0.5982,0.6519,0.8099,0.187,0.402,0.6926,0.4472
1486,7896,2,0,0,7,2.2,2024-01-11 09:00:00,45.817979,15.893827,4,4,0,0.43,3,0.521,1,2.42,1.0,0.3859,0.6175,0.5815,0.1389,0.8867,0.3514,0.2675
1487,6817,27,7,3,12,1.6,2023-11-24 09:00:00,45.791744,16.054317,2,5,0,0.204,2,1.097,0,3.52,0.4802,0.3629,0.4473,0.5062,0.9861,0.3544,0.408,0.6426
1488,8270,13,6,1,5,1.4,2024-05-13 10:00:00,45.851468,15.93509,1,1,0,0.481,2,0.473,0,2.27,0.8132,0.3054,0.2951,0.6856,0.2268,0.169,0.9182,0.5392
1489,7315,17,0,1,9,2.2,2023-07-13 20:00:00,45.749196,15.972718,3,4,2,0.414,4,0.076,1,1.34,0.8937,0.2161,0.5035,0.4398,0.2897,0.9199,0.3116,0.3558
1490,7242,4,6,1,36,1.6,2023-02-15 20:00:00,45.85265,15.96461,1,3,2,0.214,8,0.428,1,2.27,0.7224,0.3243,0.3644,0.7641,0.1688,0.1412,0.7963,0.4558
1491,3966,4,6,1,7,1.8,2023-09-21 10:00:00,45.806318,16.04414,2,4,0,0.096,1,0.834,0,2.99,0.6351,0.2964,0.3027,0.7178,0.1463,0.2369,0.8421,0.5085
1492,543,8,0,0,9,1.7,2024-06-13 10:00:00,45.806837,15.970344,0,4,0,0.46,4,1.154,1,2.85,0.9339,0.2298,0.4812,0.4965,0.1286,0.8884,0.3937,0.3024
1493,266,2,0,1,6,1.9,2024-05-14 19:00:00,45.855388,15.952107,1,2,2,0.488,3,1.174,1,3.3,0.8697,0.2516,0.4547,0.4553,0.1995,0.8702,0.4812,0.2527
1494,8519,17,0,0,4,1.9,2024-01-22 09:00:00,45.801286,15.954256,0,1,0,0.179,1,1.057,0,3.28,0.9301,0.2752,0.5521,0.4825,0.2396,0.9359,0.3355,0.214
1495,6964,4,6,0,9,1.7,2024-04-06 19:00:00,45.847952,15.952551,1,6,2,0.262,2,0.495,0,3.41,0.691,0.2197,0.3715,0.6699,0.2498,0.2076,0.8202,0.4068
1496,7577,3,2,0,12,0.8,2024-07-25 20:00:00,45.810753,15.989204,0,4,2,0.41,5,0.617,1,3.59,0.2894,0.887,0.1853,0.7334,0.3092,0.3183,0.248,0.5405
1497,1251,30,5,0,10,1.7,2023-03-15 19:00:00,45.731946,15.961787,3,3,2,0.87,9,0.502,2,2.04,0.3155,0.4913,0.1566,0.5688,0.2954,0.6496,0.4388,0.3448
1498,7771,12,0,1,18,1.7,2024-11-02 18:00:00,45.753157,15.983167,3,6,2,0.468,8,0.928,1,3.22,0.9038,0.3298,0.5427,0.5904,0.244,0.9528,0.43,0.271
1499,6390,10,4,1,15,1.8,2023-12-01 09:00:00,45.739409,15.972509,3,5,0,0.725,11,1.39,2,1.2,0.7609,0.4776,0.6318,0.8367,0.2025,0.4754,0.7342,0.4003
1500,6803,3,2,0,6,1.5,2024-10-30 11:00:00,45.801149,16.048537,2,3,0,0.601,4,0.907,1,2.87,0.4412,0.8704,0.1437,0.7183,0.3691,0.2838,0.3591,0.5368
1501,6557,1,1,0,9,1.7,2024-06-20 09:00:00,45.800197,16.042496,2,4,0,0.462,4,0.763,1,3.57,0.8433,0.2301,0.3627,0.4204,0.5482,0.1926,0.404,0.2861
1502,2864,9,1,1,6,0.8,2024-10-19 09:00:00,45.804921,15.975575,0,6,0,0.306,2,1.313,0,3.29,0.8217,0.2835,0.3316,0.3604,0.637,0.3059,0.4868,0.3058
1503,951,13,6,1,8,1.4,2024-01-21 09:00:00,45.736822,15.977886,3,0,0,0.26,2,0.98,0,1.39,0.6197,0.3676,0.3036,0.7915,0.1551,0.1729,0.9416,0.5277
1504,8948,11,3,0,7,1.4,2023-01-12 20:00:00,45.749778,15.983924,3,4,2,0.202,1,0.195,0,3.23,0.4306,0.5866,0.8722,0.5739,0.8964,0.238,0.5557,0.8356
1505,6711,11,3,0,19,1.9,2024-08-28 18:00:00,45.811057,15.895259,4,3,2,0.527,10,0.84,2,3.12,0.56,0.5928,0.8073,0.6266,0.872,0.1664,0.5354,0.8316
1506,7911,10,4,0,12,1.3,2024-12-05 19:00:00,45.857098,15.953673,1,4,2,0.584,7,0.335,1,1.54,0.7689,0.5739,0.6738,0.9051,0.1164,0.4175,0.8282,0.3613
1507,8256,27,7,0,5,1.8,2024-01-30 10:00:00,45.743214,15.963336,3,2,0,0.32,2,1.117,0,2.75,0.506,0.5261,0.687,0.5832,0.9493,0.3272,0.4303,0.6861
1508,7389,5,5,0,7,1.0,2024-11-07 19:00:00,45.817144,15.889202,4,4,2,0.193,1,0.277,0,2.68,0.2859,0.4784,0.0653,0.5711,0.2343,0.5925,0.4888,0.2768
1509,2082,27,7,0,3,2.5,2024-10-14 20:00:00,45.815984,15.986448,0,1,2,0.276,1,0.764,0,1.3,0.4241,0.3962,0.5578,0.5937,0.8538,0.4096,0.4496,0.7483
1510,2323,18,7,3,5,1.8,2023-12-09 20:00:00,45.84046,15.961314,1,6,2,0.063,0,0.726,0,2.62,0.5137,0.44,0.6049,0.4723,0.9777,0.2996,0.3552,0.7057
1511,4184,2,0,0,14,1.1,2024-07-17 18:00:00,45.813454,15.885696,4,3,2,0.513,7,0.838,1,3.52,0.9452,0.3284,0.4445,0.5689,0.1554,0.9038,0.4534,0.3783
1512,8733,27,7,0,2,1.7,2023-06-14 10:00:00,45.834199,15.972487,0,3,0,0.563,1,1.244,0,2.83,0.4875,0.4362,0.5877,0.5355,0.8344,0.4,0.3888,0.7011
1513,7322,15,0,0,4,0.5,2024-11-20 11:00:00,45.817465,15.979911,0,3,0,0.247,1,0.099,0,3.57,0.8486,0.262,0.4683,0.4863,0.1996,0.9016,0.426,0.2742
1514,7326,9,1,1,10,2.1,2024-11-05 18:00:00,45.803217,16.069429,2,2,2,0.236,2,1.02,0,2.64,0.9004,0.1998,0.3524,0.3907,0.595,0.1281,0.5172,0.245
1515,1487,29,1,1,7,1.1,2023-02-20 20:00:00,45.813018,15.976028,0,1,2,0.347,2,0.395,0,3.5,0.8423,0.2568,0.2366,0.3744,0.68,0.1771,0.4575,0.3338
1516,4832,5,5,1,24,0.8,2023-01-04 10:00:00,45.822911,15.96719,0,3,0,0.274,7,0.521,1,2.33,0.2902,0.497,0.1651,0.5244,0.312,0.5678,0.4204,0.2697
1517,8558,2,0,1,20,1.3,2023-08-30 19:00:00,45.864813,15.958857,1,3,2,0.182,4,0.199,1,2.15,0.9171,0.3213,0.5523,0.4947,0.167,0.9235,0.4001,0.2741
1518,5762,27,7,0,7,1.7,2024-08-09 18:00:00,45.798483,16.047426,2,5,2,0.795,6,1.288,1,2.2,0.5706,0.3363,0.6449,0.5276,0.9406,0.3288,0.3487,0.7355
1519,803,16,2,1,35,1.8,2023-09-12 20:00:00,45.831211,15.88429,4,2,2,0.301,11,1.136,2,2.21,0.3945,0.8801,0.2891,0.6517,0.325,0.3292,0.3086,0.481
1520,8123,29,1,2,7,1.5,2023-08-02 19:00:00,45.858238,15.940083,1,3,2,0.089,1,0.883,0,2.23,0.6588,0.3878,0.2641,0.4553,0.6182,0.0891,0.513,0.2829
1521,3081,3,2,0,8,2.7,2024-04-19 20:00:00,45.751867,15.960592,3,5,2,0.404,3,0.864,1,1.54,0.3582,0.8342,0.2403,0.653,0.2904,0.2847,0.2846,0.5078
1522,5606,18,7,0,7,1.5,2023-09-23 18:00:00,45.805983,16.044573,2,6,2,0.193,1,0.928,0,1.67,0.5091,0.3962,0.6303,0.4942,0.8445,0.2446,0.4592,0.7298
1523,7062,15,0,1,14,1.6,2024-07-28 20:00:00,45.757537,15.985237,3,0,2,0.245,3,0.703,1,1.08,0.9002,0.2416,0.4791,0.4927,0.1561,0.8571,0.4374,0.3036
1524,3839,6,2,0,7,1.7,2024-09-06 11:00:00,45.821306,15.871683,4,5,0,0.485,3,0.599,1,1.45,0.4756,0.837,0.2264,0.7515,0.3491,0.3387,0.3159,0.5025
1525,5834,27,7,1,15,2.3,2024-07-27 11:00:00,45.809849,15.982384,0,6,0,0.072,1,0.209,0,2.32,0.3711,0.381,0.635,0.5612,0.9003,0.292,0.3801,0.7094
1526,1012,9,1,1,5,1.1,2023-10-29 10:00:00,45.80791,15.96982,0,0,0,0.393,2,1.027,0,3.39,0.8603,0.3536,0.2853,0.3228,0.566,0.1633,0.4717,0.2645
1527,1027,1,1,1,12,0.9,2023-08-13 11:00:00,45.862257,15.942321,1,0,0,0.673,8,0.577,1,3.69,0.8153,0.3042,0.3588,0.4255,0.5075,0.1831,0.4633,0.2918
1528,5936,3,2,1,12,1.9,2023-07-13 20:00:00,45.803858,15.974939,0,4,2,0.45,5,0.721,1,2.05,0.4466,0.8198,0.1964,0.7188,0.3301,0.2527,0.3285,0.4881
1529,2349,8,0,2,11,2.4,2024-03-19 11:00:00,45.818555,15.982769,0,2,0,0.301,3,0.229,1,2.71,1.0,0.3694,0.4146,0.5237,0.2481,0.8902,0.3725,0.2433
1530,3998,5,5,2,12,2.1,2024-07-11 19:00:00,45.816252,15.890147,4,4,2,0.444,5,0.343,1,3.37,0.3188,0.5852,0.0713,0.557,0.305,0.6019,0.3539,0.2769
1531,6743,4,6,1,11,2.4,2024-08-08 18:00:00,45.852029,15.937681,1,4,2,0.91,10,0.685,2,1.04,0.7079,0.2628,0.2701,0.6822,0.2698,0.2368,0.9505,0.5018
1532,2151,21,0,3,29,0.8,2023-01-11 20:00:00,45.752505,15.972979,3,3,2,0.145,4,0.631,1,2.85,0.8944,0.3365,0.5282,0.4715,0.1314,0.9575,0.3215,0.3319
1533,306,1,1,0,17,0.7,2024-01-09 20:00:00,45.80941,15.889893,4,2,2,0.525,9,0.574,2,2.82,0.8175,0.2856,0.335,0.364,0.6414,0.2277,0.5063,0.3062
1534,4414,30,5,2,18,1.0,2023-12-24 11:00:00,45.744493,15.975895,3,0,0,0.06,1,0.13,0,1.83,0.3302,0.5585,0.0,0.6124,0.269,0.6007,0.3101,0.1822
1535,354,1,1,2,4,1.7,2024-06-28 18:00:00,45.814605,15.980835,0,5,2,0.568,2,0.093,0,1.55,0.8566,0.2725,0.2956,0.3631,0.5694,0.2111,0.5169,0.3141
1536,8053,0,1,1,6,1.0,2023-02-18 10:00:00,45.749786,15.966562,3,6,0,0.357,2,1.039,0,3.81,0.8917,0.3133,0.2216,0.4184,0.632,0.1349,0.4559,0.2782
1537,7210,10,4,1,11,1.3,2024-04-25 10:00:00,45.754979,15.964096,3,4,0,0.178,2,0.943,0,3.48,0.7172,0.6217,0.761,0.8912,0.2417,0.3697,0.7853,0.352
1538,1797,13,6,1,6,1.5,2024-06-06 10:00:00,45.851907,15.950978,1,4,0,0.197,1,1.07,0,1.63,0.6234,0.284,0.2997,0.6119,0.2152,0.1493,0.9452,0.5038
1539,4916,7,0,2,12,2.0,2024-06-23 20:00:00,45.796769,16.051693,2,0,2,0.457,5,1.122,1,2.0,0.9255,0.2967,0.5721,0.4969,0.1475,0.9323,0.3241,0.2442
1540,8057,6,2,1,13,1.2,2024-04-17 20:00:00,45.791661,16.043231,2,3,2,0.169,2,0.179,0,3.0,0.412,0.832,0.0817,0.6451,0.2463,0.383,0.3555,0.497
1541,158,9,1,1,10,1.8,2024-04-25 10:00:00,45.75805,15.969636,3,4,0,0.842,8,0.283,1,1.98,0.7816,0.2337,0.267,0.4166,0.5413,0.1528,0.3595,0.3343
1542,7223,14,5,0,12,2.5,2024-05-04 09:00:00,45.855989,15.949958,1,6,0,0.462,6,0.279,1,2.57,0.3145,0.5753,0.1424,0.6804,0.2788,0.5005,0.4538,0.3896
1543,7952,28,0,2,10,1.4,2024-10-08 11:00:00,45.812146,15.985298,0,2,0,0.701,7,0.163,1,3.08,0.858,0.3146,0.4553,0.5126,0.19,0.8172,0.4346,0.327
1544,4104,1,1,0,5,1.7,2023-07-12 11:00:00,45.793073,16.054678,2,3,0,0.082,0,1.088,0,3.19,0.7602,0.3761,0.4006,0.3773,0.5501,0.1958,0.4112,0.3231
1545,416,7,0,2,18,1.3,2024-04-21 11:00:00,45.746478,15.962973,3,0,0,0.628,11,1.149,2,3.27,0.8747,0.2645,0.5749,0.4929,0.2238,0.973,0.3479,0.3015
1546,3273,4,6,2,8,2.4,2023-12-04 20:00:00,45.819101,15.979975,0,1,2,0.301,2,0.433,0,1.97,0.7291,0.3632,0.3268,0.7305,0.2242,0.2747,0.9517,0.4523
1547,8069,6,2,1,4,1.2,2024-11-02 10:00:00,45.83781,15.956614,1,6,0,0.383,2,0.255,0,2.58,0.4491,0.9321,0.1206,0.7063,0.2988,0.3248,0.2803,0.5546
1548,1884,7,0,1,25,0.7,2024-11-18 18:00:00,45.804627,15.989557,0,1,2,0.123,3,0.27,1,3.61,0.8427,0.3976,0.5423,0.5406,0.2226,0.967,0.4949,0.2702
1549,450,4,6,0,6,2.0,2023-07-01 19:00:00,45.763882,15.982873,3,6,2,0.29,2,0.636,0,3.31,0.658,0.3361,0.2862,0.6781,0.1322,0.1184,0.8671,0.5273
1550,2415,9,1,0,17,1.5,2023-11-13 19:00:00,45.784749,16.052385,2,1,2,0.09,2,1.312,0,2.5,0.7719,0.3512,0.3061,0.3825,0.6921,0.2534,0.5168,0.2821
1551,1805,11,3,1,16,1.3,2023-05-20 19:00:00,45.81658,16.00159,0,6,2,0.202,3,0.477,1,3.89,0.6086,0.4653,0.9098,0.6353,0.7935,0.1788,0.5522,0.7585
1552,2571,6,2,2,16,1.7,2023-07-23 09:00:00,45.739159,15.978827,3,0,0,0.344,6,1.115,1,3.72,0.4683,0.8688,0.1703,0.6798,0.2475,0.3129,0.3652,0.4764
1553,5221,1,1,0,10,1.3,2024-01-04 10:00:00,45.8142,15.892009,4,4,0,0.566,6,0.985,1,3.72,0.7553,0.2873,0.3317,0.3843,0.5975,0.1415,0.4947,0.2121
1554,4448,3,2,0,21,1.2,2024-11-05 20:00:00,45.77875,16.02781,2,2,2,0.377,8,0.776,1,3.7,0.4283,0.8328,0.141,0.778,0.1634,0.2158,0.2594,0.4389
1555,4532,4,6,0,6,1.7,2024-12-12 18:00:00,45.79153,16.046456,2,4,2,0.36,2,1.123,0,2.0,0.6973,0.3607,0.2965,0.7261,0.1775,0.2435,0.9494,0.5021
1556,6475,9,1,2,6,0.6,2023-11-27 11:00:00,45.866893,15.95036,1,1,0,0.546,3,0.115,1,3.42,0.7865,0.1961,0.334,0.343,0.5549,0.1609,0.5617,0.2917
1557,7960,6,2,0,3,0.7,2023-10-27 10:00:00,45.810083,15.973108,0,5,0,0.2,1,1.342,0,3.23,0.3723,0.8772,0.2051,0.6854,0.2872,0.276,0.2666,0.5576
1558,7261,15,0,1,2,1.6,2024-04-04 11:00:00,45.801688,15.968616,0,4,0,0.096,0,1.251,0,2.33,0.8962,0.3207,0.4284,0.5826,0.1002,0.9181,0.3254,0.2202
1559,4269,4,6,1,7,1.4,2023-01-19 19:00:00,45.805578,16.059294,2,4,2,0.333,2,0.649,0,2.91,0.6967,0.2466,0.3469,0.6599,0.1814,0.2348,0.9194,0.5327
1560,3827,2,0,0,7,1.3,2024-08-21 11:00:00,45.754074,15.979332,3,3,0,0.313,2,1.209,0,2.35,0.9292,0.3182,0.5111,0.4396,0.1287,0.905,0.362,0.2921
1561,798,3,2,0,6,2.4,2023-03-07 19:00:00,45.820642,15.903296,4,2,2,0.194,1,0.165,0,3.37,0.48,0.924,0.2265,0.7122,0.3185,0.2618,0.2112,0.5175
1562,5345,30,5,0,14,2.0,2024-04-12 19:00:00,45.751792,15.974647,3,5,2,0.052,1,1.043,0,2.02,0.3543,0.5283,0.1558,0.6738,0.2926,0.6691,0.4367,0.3008
1563,2093,10,4,0,5,1.4,2024-07-04 18:00:00,45.809765,16.033017,2,4,2,0.173,1,0.219,0,1.69,0.774,0.5831,0.6654,0.8903,0.1575,0.4682,0.8602,0.4077
1564,1753,27,7,0,6,1.4,2024-12-01 19:00:00,45.758161,15.958715,3,0,2,0.012,0,0.998,0,0.75,0.5323,0.4413,0.5508,0.3809,0.9558,0.3374,0.4188,0.7067
1565,8444,4,6,1,6,1.9,2024-12-04 10:00:00,45.855048,15.946162,1,3,0,0.118,1,0.505,0,1.89,0.6782,0.3493,0.2901,0.7111,0.2484,0.1047,0.9519,0.4988
1566,3944,15,0,1,6,2.0,2024-11-17 20:00:00,45.788576,16.050007,2,0,2,0.885,5,0.862,1,2.25,0.9645,0.3115,0.4394,0.4566,0.2412,0.8329,0.3192,0.2786
1567,6887,2,0,1,23,1.7,2024-11-22 20:00:00,45.849764,15.953411,1,5,2,0.212,5,0.241,1,1.82,0.8258,0.2547,0.5733,0.4755,0.2608,0.7941,0.4076,0.272
1568,7152,1,1,0,4,1.9,2024-11-16 10:00:00,45.786192,16.047719,2,6,0,0.216,1,0.597,0,3.18,0.88,0.2796,0.2661,0.4772,0.6783,0.1989,0.518,0.2806
1569,1173,2,0,3,20,2.2,2023-08-07 19:00:00,45.853735,15.96443,1,1,2,0.296,6,0.172,1,3.27,0.8709,0.3029,0.4004,0.5232,0.2257,0.8971,0.4371,0.2832
1570,6329,1,1,0,30,2.3,2024-12-15 11:00:00,45.821332,15.995606,0,0,0,0.699,21,0.604,2,3.82,0.8018,0.2497,0.33,0.3352,0.6449,0.1828,0.3925,0.3032
1571,3763,1,1,1,9,1.4,2023-04-02 19:00:00,45.753623,15.973995,3,0,2,0.735,7,0.558,1,2.43,0.7148,0.2815,0.3236,0.3622,0.4926,0.2551,0.4803,0.333
1572,2869,1,1,3,2,1.9,2024-06-08 18:00:00,45.877553,15.944178,1,6,2,0.499,1,0.79,0,3.28,0.6576,0.3955,0.3442,0.3796,0.6043,0.1935,0.5784,0.2569
1573,6493,2,0,0,22,3.1,2023-12-13 10:00:00,45.803842,15.987308,0,3,0,0.653,14,0.164,2,2.8,0.9596,0.286,0.5334,0.4369,0.271,0.9083,0.2972,0.2426
1574,4165,1,1,1,4,1.3,2023-08-07 11:00:00,45.809831,15.893894,4,1,0,0.158,1,0.956,0,2.28,0.7622,0.2917,0.1834,0.4267,0.6378,0.1912,0.4839,0.3206
1575,5216,27,7,0,26,0.9,2023-02-27 18:00:00,45.808629,15.879644,4,1,2,0.493,13,0.704,2,2.38,0.4931,0.4015,0.5437,0.4551,0.8958,0.3245,0.3845,0.5789
1576,2212,7,0,0,2,1.5,2023-09-18 18:00:00,45.800557,16.05764,2,1,2,0.398,1,1.127,0,2.08,0.977,0.3158,0.4681,0.5611,0.1593,0.9186,0.3191,0.2505
1577,8769,3,2,0,3,1.5,2023-07-26 19:00:00,45.85624,15.946985,1,3,2,0.615,2,0.713,0,3.53,0.3756,0.9563,0.2438,0.7245,0.3266,0.2187,0.3143,0.5313
1578,6447,24,3,2,3,1.5,2024-02-03 11:00:00,45.79529,16.04118,2,6,0,0.241,1,0.482,0,3.87,0.456,0.4813,0.8207,0.5613,0.8209,0.1735,0.5458,0.8626
1579,2090,10,4,1,2,1.5,2023-08-27 18:00:00,45.790876,16.05142,2,0,2,0.15,0,0.902,0,1.54,0.8498,0.6591,0.6608,0.8554,0.0963,0.3839,0.8528,0.4253
1580,2289,0,1,1,2,1.0,2023-04-09 18:00:00,45.839836,15.955386,1,0,2,0.807,2,0.461,0,2.21,0.8989,0.3193,0.2231,0.4326,0.5765,0.1676,0.4517,0.3137
1581,4006,2,0,0,8,1.3,2024-05-19 10:00:00,45.751951,15.967916,3,0,0,0.203,2,0.653,0,2.03,0.8735,0.2691,0.4077,0.4976,0.1555,0.938,0.4928,0.4125
1582,1368,19,4,0,15,2.2,2024-08-31 10:00:00,45.764669,15.978002,3,6,0,0.2,3,0.998,1,2.77,0.7224,0.7198,0.6784,0.9136,0.188,0.3481,0.7224,0.5445
1583,2821,5,5,2,37,2.2,2024-02-26 18:00:00,45.79835,16.053107,2,1,2,0.231,9,0.828,2,2.96,0.3464,0.4983,0.1594,0.5247,0.3123,0.6578,0.3879,0.2286
1584,707,1,1,0,5,1.5,2024-03-09 09:00:00,45.819871,15.982611,0,6,0,0.293,1,1.052,0,3.66,0.8683,0.282,0.27,0.417,0.5329,0.188,0.5876,0.3548
1585,6063,4,6,1,10,2.7,2023-09-04 19:00:00,45.798506,15.899578,4,1,2,0.313,3,0.764,1,2.33,0.6905,0.3061,0.2677,0.6298,0.2311,0.1629,0.9667,0.5473
1586,4456,1,1,2,3,1.8,2023-05-06 09:00:00,45.854373,15.950721,1,6,0,0.451,1,0.492,0,2.09,0.914,0.3358,0.2495,0.5116,0.549,0.1954,0.4827,0.2505
1587,4132,10,4,0,8,1.0,2023-11-20 18:00:00,45.782666,16.051791,2,1,2,0.565,5,1.364,1,2.45,0.8042,0.5738,0.7373,0.9395,0.1902,0.3403,0.8022,0.3416
1588,4459,2,0,0,12,1.1,2024-07-02 09:00:00,45.813416,15.983658,0,2,0,0.388,5,0.282,1,2.03,0.9871,0.3503,0.503,0.5348,0.1908,0.9628,0.4753,0.3598
1589,2788,30,5,1,9,0.7,2023-09-30 18:00:00,45.861459,15.952163,1,6,2,0.312,3,1.149,1,3.79,0.3579,0.5029,0.0894,0.6051,0.2744,0.5235,0.389,0.3682
1590,881,14,5,1,4,1.1,2024-06-19 11:00:00,45.815463,15.969369,0,3,0,0.106,0,0.823,0,3.49,0.223,0.4589,0.0926,0.5405,0.3445,0.6454,0.4191,0.3766
1591,3196,4,6,1,6,0.5,2023-07-20 19:00:00,45.782716,16.044328,2,4,2,0.226,1,1.133,0,3.83,0.6883,0.3829,0.4147,0.7112,0.2129,0.1756,0.797,0.4243
1592,3397,13,6,2,3,1.1,2024-03-22 09:00:00,45.750663,15.984586,3,5,0,0.067,0,0.236,0,1.62,0.6735,0.2568,0.2571,0.7444,0.265,0.1467,0.9559,0.5331
1593,2354,2,0,0,17,1.3,2024-10-31 19:00:00,45.818507,15.964194,0,4,2,0.371,6,0.895,1,2.75,1.0,0.1999,0.4959,0.5956,0.1505,0.7808,0.3857,0.3198
1594,5871,24,3,0,9,1.8,2023-05-12 20:00:00,45.847751,15.94008,1,5,2,0.413,4,0.717,1,3.51,0.5259,0.5063,0.8282,0.625,0.8674,0.2269,0.4661,0.8455
1595,1084,7,0,2,8,1.6,2023-03-06 11:00:00,45.866582,15.955207,1,1,0,0.648,5,0.701,1,2.28,0.8098,0.3054,0.5454,0.5571,0.2488,0.8958,0.4471,0.4211
1596,7311,2,0,1,5,0.8,2024-04-25 19:00:00,45.814057,15.887206,4,4,2,0.414,2,1.063,0,1.65,0.9077,0.2893,0.5158,0.4202,0.2671,0.9068,0.5291,0.3461
1597,8498,1,1,0,5,1.5,2023-10-17 18:00:00,45.865105,15.955755,1,2,2,0.27,1,1.136,0,2.66,0.813,0.3011,0.2587,0.3359,0.5739,0.2071,0.4519,0.2905
1598,1549,9,1,0,3,1.4,2024-09-07 20:00:00,45.851755,15.94736,1,6,2,0.048,0,0.145,0,3.71,0.807,0.2785,0.3738,0.4181,0.634,0.2651,0.4378,0.3351
1599,6138,14,5,1,5,1.1,2024-12-25 11:00:00,45.811889,15.970692,0,3,0,0.394,2,0.468,0,2.12,0.2378,0.564,0.039,0.6173,0.2951,0.6343,0.3141,0.3503
1600,2151,3,2,1,18,1.5,2024-05-05 20:00:00,45.743022,15.96901,3,0,2,0.261,5,1.228,1,3.7,0.4603,0.8526,0.3187,0.6118,0.2862,0.2988,0.2737,0.5207
1601,7105,4,6,0,3,0.9,2024-03-04 19:00:00,45.829164,15.951161,1,1,2,0.385,1,0.884,0,3.08,0.701,0.3369,0.1971,0.7074,0.1237,0.2778,0.8872,0.4929
1602,6060,22,7,0,4,1.6,2024-11-27 20:00:00,45.8079,16.053869,2,3,2,0.198,1,1.06,0,3.88,0.4526,0.4274,0.4932,0.5303,0.8162,0.2756,0.388,0.7585
1603,6705,8,0,1,14,1.9,2024-08-23 20:00:00,45.812268,15.894545,4,5,2,0.675,9,0.496,2,3.26,0.9495,0.3029,0.506,0.4263,0.1976,0.9586,0.3562,0.2705
1604,4879,16,2,1,8,1.6,2023-07-13 10:00:00,45.814998,15.881982,4,4,0,0.236,2,0.623,0,3.04,0.4201,0.8636,0.207,0.6934,0.3279,0.2306,0.3299,0.4926
1605,3942,16,2,1,9,1.5,2023-11-08 19:00:00,45.80077,16.051431,2,3,2,0.639,6,0.625,1,1.54,0.3772,0.9048,0.1776,0.7741,0.3186,0.2706,0.3003,0.5427
1606,3135,12,0,1,9,1.3,2024-02-14 19:00:00,45.806999,15.888924,4,3,2,0.473,4,0.895,1,3.69,0.8869,0.3231,0.5712,0.548,0.2678,0.9951,0.4114,0.3157
1607,2236,1,1,0,4,1.4,2024-04-24 20:00:00,45.81953,15.979909,0,3,2,0.248,1,0.018,0,3.27,0.836,0.3213,0.3472,0.4282,0.5985,0.2615,0.4726,0.2652
1608,2209,14,5,1,25,0.8,2023-12-02 20:00:00,45.850586,15.948533,1,6,2,0.431,11,0.587,2,2.46,0.349,0.6838,0.0603,0.6004,0.2515,0.6621,0.3729,0.3201
1609,8321,29,1,2,10,1.5,2023-03-13 09:00:00,45.869606,15.942061,1,1,0,0.32,3,1.127,1,0.6,0.8261,0.2632,0.3118,0.4106,0.6268,0.1728,0.5394,0.2809
1610,7587,2,0,0,4,1.8,2023-04-28 18:00:00,45.804041,16.053135,2,5,2,0.332,1,1.439,0,3.54,0.9565,0.3225,0.4804,0.4448,0.2641,0.882,0.4179,0.3435
1611,5377,3,2,0,8,1.6,2024-07-21 11:00:00,45.804283,15.974533,0,0,0,0.166,1,1.251,0,2.46,0.434,0.8658,0.2081,0.7381,0.4162,0.2783,0.2078,0.4977
1612,3751,10,4,0,12,2.2,2023-05-26 10:00:00,45.807136,15.877973,4,5,0,0.436,5,1.019,1,2.89,0.9156,0.5304,0.6299,0.9056,0.2493,0.3993,0.777,0.4039
1613,7332,11,3,1,4,1.7,2023-07-30 20:00:00,45.855701,15.958231,1,0,2,0.535,2,0.757,0,3.6,0.5254,0.499,1.0,0.5259,0.7169,0.245,0.4302,0.8076
1614,6831,7,0,1,3,1.1,2024-10-11 19:00:00,45.840395,15.956303,1,5,2,0.167,1,0.812,0,1.81,0.9038,0.2717,0.5348,0.4702,0.1826,0.8282,0.3424,0.3336
1615,401,10,4,1,13,1.7,2023-02-03 18:00:00,45.84724,15.944194,1,5,2,0.618,8,0.097,1,3.13,0.8091,0.597,0.7413,0.8977,0.2169,0.4003,0.773,0.4073
1616,3120,27,7,0,14,2.1,2024-09-22 11:00:00,45.858801,15.968359,1,0,0,0.71,10,0.638,2,3.49,0.5184,0.4682,0.5926,0.5423,0.8523,0.3827,0.4005,0.7213
1617,2732,6,2,1,3,1.0,2023-03-10 10:00:00,45.80837,15.976153,0,5,0,0.796,2,0.417,0,2.32,0.3597,0.9317,0.2057,0.661,0.3233,0.366,0.3308,0.4271
1618,5596,2,0,0,6,1.4,2024-12-16 10:00:00,45.770039,15.966243,3,1,0,0.688,4,0.707,1,2.47,0.9637,0.422,0.4713,0.517,0.2278,0.9921,0.3778,0.4099
1619,7444,24,3,0,10,1.7,2023-01-23 18:00:00,45.743393,15.967468,3,1,2,0.428,4,0.852,1,2.28,0.4692,0.5395,0.8935,0.6473,0.7244,0.2642,0.4511,0.831
1620,5327,30,5,0,6,2.9,2023-01-07 09:00:00,45.808768,15.974659,0,6,0,0.354,2,0.828,0,2.07,0.2902,0.6213,0.0342,0.6404,0.4179,0.5647,0.3639,0.2982
1621,5456,5,5,1,2,1.4,2023-05-11 19:00:00,45.812471,15.99145,0,4,2,0.413,1,0.436,0,3.01,0.302,0.5334,0.0771,0.4865,0.3676,0.6284,0.377,0.3504
1622,1956,1,1,1,4,1.2,2024-11-08 20:00:00,45.821973,15.98288,0,5,2,0.232,1,0.947,0,2.52,0.7393,0.3258,0.309,0.4416,0.5224,0.1716,0.5222,0.2355
1623,7787,9,1,1,2,1.2,2024-09-02 18:00:00,45.738619,15.962213,3,1,2,0.504,1,0.393,0,2.52,0.8476,0.3228,0.356,0.3637,0.6375,0.2846,0.4971,0.3711
1624,7706,4,6,1,14,0.6,2023-08-21 19:00:00,45.800757,16.041111,2,1,2,0.593,8,1.301,1,3.04,0.6772,0.2475,0.2105,0.666,0.1596,0.2339,0.8051,0.5411
1625,2020,2,0,0,7,1.4,2023-10-12 19:00:00,45.790556,16.048676,2,4,2,0.322,2,1.076,0,3.15,0.8757,0.3392,0.5191,0.4727,0.1682,0.8847,0.3927,0.352
1626,5013,8,0,1,6,0.7,2024-09-19 19:00:00,45.802148,16.056394,2,4,2,0.637,4,0.695,1,2.09,0.8448,0.2644,0.4531,0.5653,0.152,0.8996,0.3759,0.2994
1627,3299,14,5,0,4,1.5,2024-08-29 18:00:00,45.801287,15.877844,4,4,2,0.716,3,0.739,1,2.94,0.3272,0.4718,0.0424,0.575,0.2477,0.666,0.3961,0.3208
1628,8274,13,6,0,7,1.1,2024-04-16 19:00:00,45.847131,15.938561,1,2,2,0.346,2,0.243,0,3.21,0.7439,0.3492,0.3359,0.7891,0.1957,0.2875,0.9109,0.5163
1629,7763,8,0,2,8,2.0,2023-10-22 09:00:00,45.824612,15.962232,0,0,0,0.395,3,0.888,1,2.56,0.858,0.2448,0.4852,0.5979,0.2037,0.8664,0.4225,0.3937
1630,7392,28,0,2,9,2.1,2023-04-22 19:00:00,45.845968,15.955694,1,6,2,0.37,3,0.738,1,3.48,0.935,0.2138,0.5055,0.5116,0.1219,0.8572,0.3633,0.292
1631,344,4,6,1,4,1.7,2024-08-19 18:00:00,45.806163,15.891826,4,1,2,0.659,3,0.684,1,2.52,0.6394,0.3133,0.2483,0.7215,0.1982,0.1296,0.8457,0.5237
1632,1955,30,5,0,7,1.4,2023-03-14 19:00:00,45.750181,15.981039,3,2,2,0.084,1,0.457,0,3.06,0.3144,0.4027,0.0448,0.6379,0.3456,0.5354,0.3273,0.3711
1633,2335,14,5,1,5,1.6,2024-04-13 20:00:00,45.78511,16.052879,2,6,2,0.652,3,0.243,1,2.73,0.3491,0.4659,0.1638,0.577,0.2461,0.5192,0.3762,0.2762
1634,1212,22,7,0,10,0.9,2023-09-06 11:00:00,45.756049,15.975518,3,3,0,0.116,1,0.798,0,3.2,0.4606,0.3692,0.6584,0.5292,1.0,0.2982,0.5366,0.7033
1635,8851,15,0,1,9,1.5,2023-09-19 20:00:00,45.804758,15.889357,4,2,2,0.58,5,1.04,1,1.01,0.9134,0.3038,0.4529,0.4796,0.1781,0.9744,0.5018,0.388
1636,7713,13,6,2,15,1.2,2023-04-03 19:00:00,45.863901,15.940371,1,1,2,0.22,3,0.435,1,2.16,0.7051,0.3385,0.2783,0.7335,0.1937,0.2662,0.9422,0.4924
1637,2373,24,3,1,7,1.4,2024-09-01 20:00:00,45.812877,15.899285,4,0,2,0.632,4,0.911,1,1.07,0.5597,0.4329,0.7902,0.5243,0.7789,0.2392,0.5011,0.8342
1638,7215,11,3,1,9,1.8,2023-05-19 10:00:00,45.816154,15.974878,0,5,0,0.831,7,0.004,1,2.46,0.5616,0.4836,0.9183,0.5684,0.8634,0.1976,0.4358,0.7995
1639,3771,3,2,2,50,2.3,2024-06-26 11:00:00,45.754251,15.968458,3,3,0,0.423,21,0.815,2,2.36,0.3724,0.9528,0.2085,0.7025,0.2229,0.3269,0.3544,0.5612
1640,3837,23,3,0,14,1.4,2023-12-05 19:00:00,45.757335,15.974359,3,2,2,0.279,4,0.545,1,3.36,0.5025,0.5289,0.8779,0.6186,0.8842,0.2058,0.5462,0.8688
1641,22,1,1,0,15,1.9,2023-11-10 18:00:00,45.746181,15.974909,3,5,2,0.585,9,0.868,2,2.98,0.8605,0.3525,0.2305,0.4188,0.6299,0.1374,0.468,0.2666
1642,4179,3,2,0,12,1.8,2024-03-22 18:00:00,45.793258,16.040618,2,5,2,0.375,4,0.792,1,3.22,0.3973,0.9574,0.1435,0.7596,0.351,0.3022,0.2937,0.4781
1643,737,2,0,2,8,1.6,2024-04-11 18:00:00,45.80665,15.878306,4,4,2,0.253,2,0.365,0,1.71,0.9515,0.2129,0.5655,0.5556,0.2669,0.9145,0.3621,0.3771
1644,2281,29,1,1,14,1.5,2023-02-05 19:00:00,45.854281,15.958018,1,0,2,0.259,4,0.037,1,3.39,0.7491,0.3285,0.396,0.3569,0.6248,0.2077,0.49,0.2236
1645,8563,13,6,0,8,1.3,2023-07-29 10:00:00,45.802798,15.990859,0,6,0,0.265,2,0.263,0,1.59,0.6714,0.3777,0.2921,0.729,0.1156,0.2869,0.8548,0.5156
1646,6445,27,7,0,12,1.4,2023-09-28 09:00:00,45.792104,15.887679,4,4,0,0.089,1,0.717,0,3.34,0.4511,0.4886,0.6235,0.51,0.9618,0.2753,0.3956,0.6698
1647,6856,20,5,0,10,1.0,2023-03-06 20:00:00,45.859723,15.953964,1,1,2,0.215,2,0.957,0,3.07,0.2831,0.5913,0.0791,0.5736,0.2665,0.6522,0.3654,0.2094
1648,4261,13,6,0,5,2.0,2024-12-04 10:00:00,45.855289,15.943925,1,3,0,0.126,1,0.745,0,1.69,0.753,0.4078,0.2792,0.6716,0.1369,0.2407,0.9067,0.5838
1649,6367,20,5,2,16,1.7,2024-06-17 18:00:00,45.849245,15.949314,1,1,2,0.202,3,0.42,1,2.23,0.3054,0.4919,0.1395,0.5718,0.3127,0.5371,0.3551,0.3073
1650,5439,2,0,2,19,1.7,2024-10-26 19:00:00,45.742547,15.98755,3,6,2,0.542,10,0.93,2,3.5,0.8042,0.3121,0.4539,0.5047,0.2301,0.8996,0.4408,0.2731
1651,7803,3,2,1,9,1.7,2024-04-24 19:00:00,45.80677,15.986071,0,3,2,0.284,3,0.273,1,3.13,0.484,0.8353,0.1376,0.7844,0.3697,0.296,0.3649,0.4788
1652,2570,13,6,1,14,1.3,2023-07-08 11:00:00,45.759767,15.96148,3,6,0,0.488,7,0.317,1,1.99,0.637,0.2733,0.3058,0.6204,0.2076,0.1466,0.842,0.5772
1653,3927,15,0,1,18,1.0,2023-04-02 10:00:00,45.845152,15.953614,1,0,0,0.029,1,1.446,0,2.69,0.8862,0.2652,0.5051,0.5306,0.1449,0.8067,0.42,0.2395
1654,7449,3,2,0,11,1.3,2024-06-18 20:00:00,45.851004,15.948329,1,2,2,0.717,8,0.126,1,3.83,0.3577,0.8449,0.2462,0.7482,0.3207,0.2877,0.3142,0.6105
1655,2929,17,0,2,6,1.4,2023-10-24 19:00:00,45.761246,15.980247,3,2,2,0.244,1,0.996,0,1.51,0.8957,0.3236,0.467,0.5848,0.0227,0.9975,0.436,0.2403
1656,1405,30,5,0,4,1.1,2023-09-19 09:00:00,45.82141,15.978876,0,2,0,0.445,2,0.455,0,1.77,0.2222,0.506,0.0497,0.5815,0.2871,0.5366,0.3539,0.339
1657,2724,17,0,0,4,0.7,2024-06-17 09:00:00,45.796695,15.884934,4,1,0,0.15,1,0.125,0,3.69,0.9235,0.3233,0.4792,0.4414,0.1534,0.9158,0.3464,0.2697
1658,6068,13,6,0,4,1.6,2023-10-06 18:00:00,45.786727,16.040811,2,5,2,0.579,2,0.912,0,2.18,0.683,0.2308,0.3355,0.7566,0.1959,0.1951,0.9116,0.6165
1659,7544,15,0,1,12,2.1,2024-03-09 10:00:00,45.809826,15.884994,4,6,0,0.27,3,0.202,1,2.95,0.8501,0.2601,0.5749,0.4622,0.1551,0.9067,0.4463,0.3679
1660,1087,9,1,2,8,1.5,2024-01-29 19:00:00,45.79663,16.041869,2,1,2,0.247,2,0.879,0,1.86,0.7877,0.3275,0.3067,0.3748,0.61,0.1952,0.534,0.2884
1661,8275,9,1,0,18,1.9,2024-10-21 09:00:00,45.859507,15.950899,1,1,0,0.669,12,1.31,2,3.89,0.8256,0.2954,0.2916,0.3774,0.5314,0.2485,0.4459,0.3111
1662,7920,25,3,0,8,1.5,2024-02-10 11:00:00,45.855664,15.951565,1,6,0,0.442,4,0.427,1,2.83,0.4679,0.528,0.8772,0.6211,0.8453,0.1736,0.5017,0.8132
1663,345,11,3,1,12,2.0,2023-12-13 20:00:00,45.811005,15.976719,0,3,2,0.065,1,0.944,0,2.6,0.5803,0.5318,0.8124,0.5319,0.7789,0.2191,0.4289,0.8528
1664,7165,2,0,0,22,2.5,2023-03-03 10:00:00,45.828665,15.971339,0,5,0,0.447,10,0.988,2,3.13,0.9835,0.3062,0.5108,0.4742,0.1596,0.8439,0.4087,0.3123
1665,168,1,1,0,2,1.9,2024-12-05 20:00:00,45.746915,15.975975,3,4,2,0.286,1,0.637,0,2.93,0.8138,0.3729,0.3416,0.3985,0.6399,0.2705,0.5018,0.1879
1666,2331,0,1,1,13,1.0,2023-06-06 19:00:00,45.798529,15.894581,4,2,2,0.135,2,0.395,0,2.32,0.8031,0.3349,0.3154,0.3956,0.578,0.2332,0.5092,0.2494
1667,7635,10,4,0,16,0.7,2024-01-12 20:00:00,45.807919,16.059162,2,5,2,0.614,10,1.212,2,3.42,0.8248,0.7029,0.7001,0.8874,0.2196,0.2907,0.7825,0.3659
1668,2280,29,1,1,17,1.7,2024-05-06 20:00:00,45.802765,15.892352,4,1,2,0.728,12,0.19,2,3.75,0.7137,0.371,0.2433,0.3902,0.5331,0.1446,0.5841,0.3257
1669,3530,18,7,1,6,1.2,2024-07-28 18:00:00,45.863215,15.961802,1,0,2,0.493,3,0.164,1,3.82,0.5206,0.4147,0.6666,0.5393,0.8985,0.2768,0.4608,0.7411
1670,5225,9,1,1,10,1.8,2023-01-27 18:00:00,45.790919,16.038369,2,5,2,0.725,7,1.243,1,2.95,0.771,0.2298,0.2925,0.384,0.5594,0.1997,0.451,0.349
1671,8631,8,0,1,11,1.5,2023-08-31 20:00:00,45.86555,15.967616,1,4,2,0.514,6,0.304,1,3.66,0.9147,0.3635,0.5023,0.5159,0.1962,0.8088,0.3935,0.2904
1672,1981,2,0,1,3,1.8,2024-10-23 09:00:00,45.795626,16.03313,2,3,0,0.511,2,0.736,0,1.39,0.8622,0.2145,0.5354,0.4262,0.2094,0.8889,0.3832,0.2791
1673,6340,30,5,1,6,1.5,2023-10-05 09:00:00,45.740025,15.981722,3,4,0,0.691,4,0.537,1,2.48,0.2621,0.5059,0.1132,0.5923,0.2723,0.6866,0.392,0.266
1674,7296,1,1,1,6,1.5,2024-12-28 18:00:00,45.820472,15.886951,4,6,2,0.481,3,0.946,1,1.46,0.7546,0.2787,0.319,0.3054,0.6448,0.2143,0.4817,0.3754
1675,4432,2,0,1,10,2.4,2024-07-18 18:00:00,45.737737,15.974736,3,4,2,0.398,4,0.872,1,3.37,0.8808,0.2864,0.4839,0.6263,0.1919,0.8396,0.3968,0.326
1676,6667,28,0,2,9,1.4,2023-02-25 19:00:00,45.755238,15.992807,3,6,2,0.742,7,1.302,1,2.47,0.8343,0.2621,0.5054,0.4495,0.145,0.9665,0.4433,0.3395
1677,1812,10,4,1,7,1.7,2023-02-26 19:00:00,45.853407,15.961162,1,0,2,0.389,3,1.087,1,2.81,0.8243,0.5297,0.7659,0.9915,0.1304,0.3008,0.7835,0.4342
1678,1840,14,5,3,28,1.2,2023-10-08 18:00:00,45.809692,15.969179,0,0,2,0.074,2,0.543,0,3.31,0.3842,0.5345,0.0807,0.6113,0.2914,0.5548,0.4012,0.2875
1679,6404,2,0,0,5,0.9,2023-05-21 20:00:00,45.752787,15.97119,3,0,2,0.671,3,0.493,1,3.22,0.8889,0.3941,0.5225,0.4727,0.2363,0.8938,0.36,0.2865
1680,7038,13,6,0,28,1.9,2023-09-21 10:00:00,45.798775,15.89383,4,4,0,0.421,12,0.849,2,3.03,0.6984,0.3646,0.3071,0.6079,0.1378,0.2114,0.9605,0.5226
1681,7580,19,4,2,9,1.3,2024-08-23 11:00:00,45.818538,15.980229,0,5,0,0.524,5,1.291,1,3.4,0.7718,0.5881,0.7202,0.8307,0.2132,0.3455,0.8158,0.3189
1682,4607,1,1,1,6,1.3,2023-01-24 11:00:00,45.841137,15.940464,1,2,0,0.199,1,0.083,0,1.85,0.886,0.289,0.2738,0.2711,0.59,0.1906,0.5141,0.3316
1683,5137,0,1,2,38,2.2,2024-06-08 09:00:00,45.803306,15.980415,0,6,0,0.178,7,1.267,1,0.88,0.8611,0.2896,0.2892,0.4098,0.648,0.2903,0.4717,0.261
1684,3827,13,6,0,9,2.1,2023-11-12 10:00:00,45.850098,15.968598,1,0,0,0.431,4,0.351,1,3.72,0.6774,0.3886,0.289,0.6548,0.1382,0.2269,0.8471,0.5309
1685,6776,4,6,0,10,2.4,2024-08-21 18:00:00,45.861028,15.944974,1,3,2,0.237,2,0.185,0,3.28,0.6795,0.2944,0.3398,0.6493,0.1929,0.1758,0.8979,0.5401
1686,461,28,0,1,9,2.1,2024-11-16 18:00:00,45.814043,15.986638,0,6,2,0.67,6,1.44,1,3.26,0.8763,0.3188,0.5514,0.5295,0.1078,0.9705,0.4238,0.2179
1687,3489,17,0,0,3,1.8,2023-12-13 09:00:00,45.794422,16.051237,2,3,0,0.307,1,0.739,0,1.73,0.8945,0.2057,0.5387,0.5233,0.2425,0.9551,0.4071,0.4385
1688,1912,9,1,0,2,2.1,2023-06-04 18:00:00,45.823778,15.987185,0,0,2,0.573,1,0.735,0,1.99,0.76,0.2838,0.2841,0.3899,0.5238,0.2027,0.4107,0.3295
1689,3326,4,6,1,3,1.5,2024-03-19 09:00:00,45.76409,15.99516,3,2,0,0.668,2,1.022,0,3.65,0.6418,0.3426,0.304,0.6367,0.1888,0.1612,0.7922,0.5386
1690,1337,14,5,1,7,2.1,2024-08-23 09:00:00,45.855723,15.953921,1,5,0,0.537,4,0.544,1,3.04,0.2622,0.4406,0.0947,0.6009,0.3514,0.6501,0.3366,0.3388
1691,8044,1,1,0,6,1.0,2024-06-15 20:00:00,45.822171,15.960376,0,6,2,0.237,1,0.996,0,2.56,0.7885,0.2746,0.3382,0.4298,0.6099,0.1748,0.5559,0.3273
1692,5211,22,7,0,23,0.5,2024-06-12 19:00:00,45.740061,15.962443,3,3,2,0.352,8,1.156,1,1.32,0.5098,0.4032,0.576,0.3696,0.8469,0.2855,0.3399,0.7303
1693,7856,4,6,1,17,1.8,2023-02-04 19:00:00,45.815215,15.888964,4,6,2,0.609,10,0.322,2,2.76,0.6913,0.1854,0.2323,0.6176,0.2014,0.1613,0.9105,0.4468
1694,4960,9,1,1,4,1.8,2023-09-10 19:00:00,45.836287,15.946986,1,0,2,0.32,1,0.676,0,3.04,0.7427,0.3102,0.3103,0.4122,0.6406,0.2497,0.5475,0.2807
1695,1582,1,1,0,7,1.5,2024-06-26 19:00:00,45.754367,15.981614,3,3,2,0.143,1,1.305,0,3.11,0.7938,0.3332,0.3459,0.3506,0.5532,0.1958,0.402,0.2788
1696,5859,1,1,0,6,2.3,2024-11-14 10:00:00,45.738856,15.966497,3,4,0,0.705,4,0.708,1,3.14,0.865,0.2625,0.2176,0.3224,0.5646,0.1428,0.4865,0.2416
1697,5635,30,5,0,3,0.9,2024-03-21 19:00:00,45.853823,15.956083,1,4,2,0.427,1,1.337,0,3.45,0.2528,0.5884,0.063,0.6506,0.2654,0.5886,0.402,0.3025
1698,677,2,0,0,6,1.6,2024-12-28 18:00:00,45.757446,15.968027,3,6,2,0.56,3,1.041,1,2.16,0.9724,0.2837,0.5177,0.6262,0.2232,0.896,0.4145,0.3507
1699,6394,30,5,2,13,2.0,2024-07-15 10:00:00,45.833262,15.943433,1,1,0,0.244,3,0.374,1,3.69,0.3016,0.5177,0.1649,0.6029,0.3903,0.524,0.3686,0.2965
1700,2058,22,7,3,9,1.6,2023-05-02 09:00:00,45.736257,15.9671,3,2,0,0.335,3,0.133,1,2.7,0.4741,0.4016,0.5329,0.4887,0.8373,0.1866,0.3282,0.6931
1701,1717,20,5,0,4,1.1,2023-05-28 10:00:00,45.845023,15.950893,1,0,0,0.105,0,0.518,0,2.1,0.2926,0.4845,0.1044,0.6102,0.2672,0.5959,0.3642,0.3276
1702,3636,7,0,1,5,2.1,2024-11-07 10:00:00,45.752037,15.97036,3,4,0,0.312,2,1.419,0,3.43,0.9044,0.2581,0.4899,0.596,0.0694,0.8243,0.41,0.2952
1703,6622,30,5,0,11,2.0,2024-09-09 09:00:00,45.793303,15.989038,0,1,0,0.26,3,1.368,1,2.7,0.2455,0.5873,0.086,0.5583,0.3285,0.5738,0.3816,0.3408
1704,8310,7,0,2,3,1.9,2023-04-15 10:00:00,45.825419,15.978841,0,6,0,0.584,2,1.123,0,2.41,0.82,0.3026,0.4498,0.5082,0.2894,0.8055,0.3249,0.3365
1705,887,8,0,1,6,2.5,2024-02-07 11:00:00,45.822914,15.889759,4,3,0,0.485,3,0.61,1,3.53,0.8205,0.2573,0.51,0.6097,0.1787,0.8274,0.3652,0.2447
1706,1869,13,6,0,9,0.8,2023-10-02 18:00:00,45.797507,16.055666,2,1,2,0.525,5,0.934,1,3.81,0.7136,0.2762,0.2136,0.675,0.1199,0.243,0.8843,0.5333
1707,1137,4,6,0,5,0.9,2024-09-19 19:00:00,45.863354,15.947956,1,4,2,0.439,2,0.274,0,3.19,0.7493,0.2734,0.2446,0.5782,0.2966,0.2166,0.9184,0.4994
1708,3064,25,3,2,3,2.1,2024-06-08 19:00:00,45.856867,15.948583,1,6,2,0.307,1,0.715,0,1.33,0.6064,0.5227,0.9496,0.6035,0.8325,0.2061,0.5122,0.7433
1709,737,3,2,1,12,0.7,2023-10-10 18:00:00,45.745151,15.980225,3,2,2,0.156,2,1.255,0,2.37,0.444,0.8959,0.1412,0.6851,0.2509,0.2983,0.2805,0.4518
1710,5462,6,2,0,4,1.7,2023-11-19 18:00:00,45.797151,15.883266,4,0,2,0.628,3,0.263,1,1.68,0.5022,0.8784,0.1417,0.7755,0.3113,0.2576,0.3353,0.508
1711,4417,6,2,2,5,0.9,2023-11-07 18:00:00,45.750501,15.971978,3,2,2,0.769,4,1.006,1,2.81,0.4341,0.9129,0.2256,0.7399,0.3328,0.3862,0.2311,0.4467
1712,1181,8,0,2,5,1.6,2023-02-14 19:00:00,45.801175,16.039419,2,2,2,0.16,1,0.569,0,3.63,0.8748,0.3575,0.4693,0.6028,0.2139,0.9512,0.3361,0.2672
1713,8857,6,2,0,28,1.9,2023-03-06 11:00:00,45.84689,15.940657,1,1,0,0.218,6,1.04,1,1.71,0.4111,0.9383,0.1968,0.7151,0.2654,0.2707,0.2673,0.5649
1714,7621,25,3,2,5,1.3,2024-01-10 09:00:00,45.817484,15.970055,0,3,0,0.731,4,1.027,1,3.49,0.4251,0.4901,0.952,0.6916,0.8754,0.2755,0.5609,0.8181
1715,8196,30,5,2,2,1.3,2023-04-14 18:00:00,45.803688,15.987321,0,5,2,0.48,1,0.37,0,3.74,0.2904,0.431,0.148,0.622,0.2537,0.5627,0.5184,0.2723
1716,6720,8,0,0,3,1.5,2023-04-02 18:00:00,45.848463,15.94223,1,0,2,0.458,1,1.16,0,2.21,0.8824,0.3133,0.526,0.4874,0.2197,0.9048,0.4512,0.2221
1717,2483,29,1,0,22,1.3,2024-09-13 18:00:00,45.815196,15.890963,4,5,2,0.426,9,0.761,2,1.8,0.803,0.265,0.41,0.459,0.6098,0.1824,0.4816,0.2796
1718,1500,4,6,1,12,2.2,2023-04-22 10:00:00,45.821659,15.88726,4,6,0,0.105,1,0.362,0,2.96,0.7594,0.2498,0.3104,0.6416,0.2458,0.2054,0.8901,0.5426
1719,7830,6,2,1,8,1.6,2024-01-17 18:00:00,45.853577,15.955023,1,3,2,0.075,1,0.982,0,2.48,0.4692,0.8697,0.2237,0.6854,0.263,0.3182,0.2938,0.4741
1720,7395,2,0,2,22,1.5,2023-07-29 18:00:00,45.822698,15.90312,4,6,2,0.496,11,1.144,2,3.02,0.9082,0.284,0.4466,0.4989,0.2157,0.9558,0.3922,0.3568
1721,7578,4,6,0,8,1.5,2024-08-24 18:00:00,45.755401,15.974544,3,6,2,0.097,1,0.674,0,1.39,0.8284,0.2539,0.2142,0.7621,0.2172,0.1497,0.8202,0.5078
1722,2802,14,5,0,7,1.9,2024-03-25 18:00:00,45.849286,15.959668,1,1,2,0.196,1,1.372,0,1.31,0.2771,0.5865,0.0437,0.7023,0.3359,0.551,0.4425,0.211
1723,8126,1,1,1,6,0.7,2023-11-19 10:00:00,45.819105,15.874837,4,0,0,0.293,2,0.542,0,3.6,0.7345,0.2751,0.2973,0.368,0.5767,0.3043,0.5278,0.2716
1724,2011,6,2,2,14,1.2,2023-06-27 18:00:00,45.756894,15.963835,3,2,2,0.254,4,1.128,1,2.3,0.4074,0.9456,0.1814,0.7122,0.2647,0.1934,0.2589,0.5428
1725,6588,4,6,0,12,1.1,2024-09-22 18:00:00,45.80861,15.977972,0,0,2,0.454,5,1.295,1,2.31,0.6483,0.3192,0.207,0.6674,0.3114,0.1674,0.8984,0.4713
1726,42,19,4,0,8,1.4,2023-10-24 20:00:00,45.757912,15.961536,3,2,2,0.301,2,0.939,0,2.81,0.6666,0.5101,0.765,0.8913,0.2677,0.5027,0.8044,0.4236
1727,2886,10,4,1,14,1.6,2023-07-05 18:00:00,45.807448,15.995769,0,3,2,0.314,4,0.987,1,1.04,0.7965,0.4934,0.6098,0.9206,0.1474,0.3954,0.8411,0.4772
1728,1028,1,1,1,17,1.0,2024-04-29 18:00:00,45.827735,15.884639,4,1,2,0.716,12,0.878,2,1.63,0.6982,0.2615,0.2777,0.4226,0.5975,0.1658,0.4943,0.2818
1729,1372,2,0,2,16,1.5,2023-07-26 10:00:00,45.830864,15.969757,0,3,0,0.309,5,0.779,1,2.76,0.9471,0.2952,0.4529,0.5417,0.1969,0.9505,0.3116,0.3255
1730,830,1,1,1,12,2.1,2023-06-29 19:00:00,45.847244,15.938836,1,4,2,0.341,4,0.723,1,2.28,0.7376,0.244,0.2819,0.3032,0.5872,0.2369,0.4646,0.2705
1731,3464,8,0,0,9,0.7,2023-10-14 20:00:00,45.854567,15.941777,1,6,2,0.427,4,0.833,1,3.31,0.8801,0.3359,0.5322,0.5731,0.1712,0.9241,0.3129,0.2125
1732,25,7,0,0,29,0.9,2024-03-02 11:00:00,45.812909,15.979606,0,6,0,0.066,2,0.846,0,3.53,0.9704,0.3477,0.4435,0.4949,0.2468,0.931,0.3864,0.363
1733,4032,30,5,0,3,1.6,2023-08-01 19:00:00,45.86186,15.960615,1,2,2,0.764,2,0.902,0,3.12,0.3132,0.5085,0.0671,0.6624,0.2977,0.6318,0.4747,0.2476
1734,2600,25,3,1,7,1.8,2024-03-11 10:00:00,45.793271,16.043742,2,1,0,0.817,6,0.791,1,2.61,0.5143,0.4694,0.9387,0.5499,0.8706,0.2416,0.5612,0.7352
1735,8730,27,7,0,18,1.5,2024-06-18 18:00:00,45.781647,16.04985,2,2,2,0.452,8,0.858,1,2.64,0.4748,0.39,0.6102,0.3424,0.8694,0.2868,0.3854,0.6866
1736,3116,1,1,1,11,1.2,2023-02-28 19:00:00,45.747068,15.97774,3,2,2,0.371,4,0.947,1,3.19,0.794,0.2928,0.2608,0.4109,0.5538,0.2861,0.5217,0.3439
1737,6618,19,4,3,5,1.8,2024-11-05 11:00:00,45.810713,15.902722,4,2,0,0.075,0,1.281,0,2.99,0.828,0.6829,0.7799,0.8827,0.2491,0.3749,0.9515,0.3464
1738,6466,16,2,0,5,1.2,2024-10-30 18:00:00,45.818242,15.891403,4,3,2,0.375,2,1.004,0,2.78,0.4648,0.9127,0.1917,0.6342,0.2371,0.3703,0.2614,0.5797
1739,663,3,2,2,5,1.6,2023-09-26 20:00:00,45.825383,15.889224,4,2,2,0.282,1,0.172,0,3.26,0.4462,0.8797,0.3086,0.7166,0.2952,0.1916,0.3066,0.4331
1740,7747,29,1,0,13,1.1,2023-08-15 20:00:00,45.80773,15.983504,0,2,2,0.488,6,1.083,1,2.49,0.8342,0.3307,0.3021,0.336,0.6592,0.1814,0.5698,0.349
1741,7274,30,5,1,7,1.3,2024-11-27 18:00:00,45.838043,15.953307,1,3,2,0.537,4,0.704,1,1.09,0.3647,0.4479,0.1003,0.6704,0.3338,0.5862,0.3937,0.2901
1742,749,0,1,2,19,2.0,2024-01-13 11:00:00,45.768377,15.978488,3,6,0,0.641,12,0.474,2,2.79,0.7112,0.3595,0.321,0.3908,0.6218,0.2733,0.4753,0.3594
1743,4238,0,1,1,3,1.2,2023-03-03 10:00:00,45.842753,15.950708,1,5,0,0.287,1,0.148,0,2.72,0.9345,0.3114,0.3166,0.3544,0.5456,0.1963,0.4615,0.3877
1744,4656,19,4,0,9,1.3,2023-11-17 19:00:00,45.804362,15.882972,4,5,2,0.067,1,1.25,0,2.78,0.8127,0.5776,0.6936,0.7493,0.1134,0.3798,0.8175,0.3555
1745,2837,23,3,1,10,1.3,2024-07-04 18:00:00,45.783215,16.032246,2,4,2,0.274,3,0.256,1,1.96,0.5361,0.4744,0.9614,0.5211,0.6859,0.2694,0.4988,0.8534
1746,4619,19,4,0,9,0.6,2024-10-12 18:00:00,45.795241,16.04249,2,6,2,0.684,6,1.108,1,3.13,0.7253,0.6433,0.6073,0.9178,0.1765,0.4109,0.7493,0.4867
1747,4350,3,2,1,3,1.6,2023-05-15 10:00:00,45.855443,15.966575,1,1,0,0.828,2,0.327,0,1.75,0.4366,0.9402,0.2924,0.7367,0.2914,0.3214,0.2894,0.4856
1748,134,29,1,0,18,2.4,2024-08-01 18:00:00,45.839161,15.954068,1,4,2,0.523,9,1.161,2,2.35,0.8463,0.2994,0.3254,0.3542,0.5348,0.2673,0.4876,0.3141
1749,2115,27,7,0,3,1.7,2023-11-16 18:00:00,45.81655,15.978414,0,4,2,0.577,2,0.925,0,3.4,0.4752,0.3511,0.5376,0.5307,0.9175,0.2984,0.4644,0.7242
1750,7093,22,7,1,10,0.5,2024-10-10 11:00:00,45.839865,15.953218,1,4,0,0.534,5,0.342,1,3.02,0.5891,0.4093,0.4913,0.4285,0.8886,0.3319,0.405,0.683
1751,502,8,0,3,6,1.5,2023-12-20 11:00:00,45.804006,16.043951,2,3,0,0.775,5,0.71,1,2.48,0.9112,0.2742,0.5636,0.5239,0.1522,0.8724,0.3738,0.2721
1752,2919,27,7,1,5,1.1,2023-09-05 19:00:00,45.749899,15.976733,3,2,2,0.354,2,0.759,0,2.77,0.4478,0.4868,0.579,0.4255,0.9175,0.2808,0.3396,0.7527
1753,510,12,0,1,9,1.7,2023-03-09 18:00:00,45.84398,15.948156,1,4,2,0.378,3,0.978,1,1.19,0.8919,0.3904,0.5017,0.5715,0.1687,0.8919,0.4362,0.2576
1754,1892,4,6,0,6,1.2,2023-09-10 10:00:00,45.854026,15.944848,1,0,0,0.194,1,0.71,0,1.97,0.6846,0.3342,0.3284,0.664,0.2066,0.1466,0.9892,0.4909
1755,4008,4,6,0,30,0.8,2023-05-24 18:00:00,45.749016,15.980517,3,3,2,0.64,19,0.411,2,1.93,0.7351,0.2529,0.2541,0.7198,0.2979,0.2488,0.9382,0.4955
1756,8182,18,7,0,8,1.6,2023-12-17 18:00:00,45.792976,16.055742,2,0,2,0.031,0,1.372,0,3.65,0.5101,0.3871,0.5065,0.5535,0.8795,0.311,0.343,0.6991
1757,1958,24,3,0,12,0.8,2023-01-28 09:00:00,45.745612,15.961149,3,6,0,0.261,3,0.043,1,1.79,0.5556,0.5472,0.9363,0.6129,0.8171,0.1762,0.5273,0.8019
1758,8371,13,6,2,3,1.7,2023-11-21 09:00:00,45.856219,15.950883,1,2,0,0.215,1,0.44,0,2.72,0.658,0.4168,0.2838,0.7603,0.2677,0.1725,0.8736,0.5182
1759,1991,2,0,0,16,1.7,2023-07-22 20:00:00,45.788231,16.054754,2,6,2,0.269,4,1.131,1,3.4,0.8909,0.2815,0.4867,0.4596,0.18,0.8371,0.3844,0.2205
1760,6008,3,2,2,5,1.4,2024-11-05 11:00:00,45.811097,15.977083,0,2,0,0.385,2,0.214,0,3.1,0.3653,0.9428,0.2074,0.739,0.2827,0.3649,0.2911,0.4393
1761,265,29,1,2,5,1.8,2024-11-23 10:00:00,45.810177,15.97461,0,6,0,0.396,2,0.628,0,3.15,0.8336,0.2981,0.2075,0.506,0.5687,0.2532,0.4721,0.3809
1762,7890,0,1,0,12,1.9,2024-03-14 20:00:00,45.821388,15.889097,4,4,2,0.644,8,0.822,1,2.56,0.773,0.2217,0.401,0.4326,0.6444,0.1198,0.5857,0.3349
1763,8198,5,5,1,15,0.9,2023-03-02 20:00:00,45.81477,15.90071,4,4,2,0.356,5,1.388,1,3.55,0.3699,0.4659,0.1178,0.6291,0.2834,0.5628,0.3622,0.304
1764,6081,2,0,2,12,1.9,2023-02-05 19:00:00,45.81562,15.968254,0,0,2,0.65,8,1.257,1,3.92,0.8738,0.3617,0.5431,0.4369,0.1862,0.9787,0.437,0.3046
1765,3325,6,2,1,6,1.5,2023-12-23 19:00:00,45.76663,15.969746,3,6,2,0.272,2,0.661,0,1.24,0.3027,1.0,0.2552,0.7457,0.3244,0.3028,0.2593,0.4812
1766,5180,1,1,0,11,1.8,2023-09-16 09:00:00,45.783944,16.039455,2,6,0,0.281,3,0.753,1,3.32,0.7012,0.2035,0.2797,0.3906,0.5769,0.2309,0.4888,0.248
1767,1027,1,1,2,5,1.6,2023-06-19 10:00:00,45.847212,15.955659,1,1,0,0.678,3,0.404,1,2.78,0.8719,0.3605,0.3245,0.4974,0.6191,0.1957,0.5901,0.32
1768,8355,29,1,2,4,2.1,2024-06-06 18:00:00,45.86678,15.95716,1,4,2,0.357,1,1.156,0,3.03,0.7591,0.2138,0.3734,0.5089,0.5151,0.1816,0.5288,0.2335
1769,2300,1,1,0,8,1.0,2023-11-02 18:00:00,45.751387,15.969905,3,4,2,0.483,4,1.292,1,3.52,0.7725,0.3104,0.332,0.3841,0.5849,0.1762,0.5386,0.3345
1770,3134,13,6,0,2,0.7,2023-07-02 09:00:00,45.803064,16.039868,2,0,0,0.175,0,1.055,0,1.21,0.7338,0.2497,0.3309,0.6824,0.127,0.2858,0.9133,0.5419
1771,3450,22,7,0,36,1.3,2023-05-02 18:00:00,45.808666,15.892447,4,2,2,0.036,1,0.829,0,3.12,0.5619,0.3899,0.5047,0.4937,0.9953,0.3057,0.4237,0.6945
1772,2571,5,5,1,5,1.8,2023-10-28 11:00:00,45.786799,16.037834,2,6,0,0.518,3,0.894,1,3.83,0.3811,0.4928,0.1019,0.5152,0.308,0.6135,0.3966,0.209
1773,6691,0,1,1,4,1.0,2024-01-01 11:00:00,45.790094,16.064986,2,1,0,0.539,2,0.53,0,2.75,0.8517,0.3379,0.3176,0.3354,0.6192,0.1611,0.5168,0.3159
1774,518,28,0,1,7,0.8,2024-07-18 19:00:00,45.825666,15.902778,4,4,2,0.642,4,0.712,1,3.17,0.8161,0.3127,0.5178,0.5094,0.1587,0.861,0.4054,0.2125
1775,4913,20,5,0,17,1.0,2024-02-18 11:00:00,45.809513,15.894665,4,0,0,0.618,11,1.291,2,2.39,0.3761,0.5679,0.0472,0.5775,0.3644,0.544,0.3202,0.3572
1776,8398,13,6,1,10,1.8,2024-01-20 10:00:00,45.822931,15.994239,0,6,0,0.477,5,0.937,1,2.75,0.6971,0.3865,0.3352,0.6719,0.2428,0.1892,0.9918,0.465
1777,3097,0,1,1,7,1.5,2023-02-01 18:00:00,45.82257,15.892661,4,3,2,0.36,3,0.365,1,2.2,0.7513,0.3234,0.3874,0.4327,0.6277,0.1364,0.5094,0.3407
1778,1501,14,5,2,11,1.4,2024-03-26 09:00:00,45.802799,16.048221,2,2,0,0.599,7,0.499,1,2.4,0.3478,0.5282,0.0818,0.4802,0.2891,0.5566,0.3718,0.3095
1779,4680,22,7,0,6,1.8,2023-12-17 11:00:00,45.800544,16.055192,2,0,0,0.61,4,0.715,1,2.84,0.4886,0.4169,0.4849,0.6303,0.8366,0.1823,0.35,0.6971
1780,1424,19,4,0,6,1.4,2024-03-27 11:00:00,45.788166,16.036901,2,3,0,0.406,2,0.219,0,2.26,0.7707,0.6177,0.7177,0.884,0.1923,0.3933,0.8721,0.4617
1781,6812,21,0,0,7,2.0,2024-02-26 18:00:00,45.798797,15.887957,4,1,2,0.772,5,1.136,1,2.49,0.8982,0.226,0.6026,0.5045,0.2432,0.9129,0.4336,0.2777
1782,350,4,6,0,10,2.0,2023-01-27 18:00:00,45.757918,15.975294,3,5,2,0.154,2,1.266,0,3.78,0.7233,0.3148,0.3222,0.6782,0.2344,0.1164,0.8715,0.5062
1783,5771,13,6,1,5,1.3,2024-11-13 10:00:00,45.819383,15.957876,0,3,0,0.654,3,0.737,1,2.94,0.6821,0.2952,0.327,0.7294,0.1361,0.185,0.9121,0.5204
1784,4987,6,2,2,5,2.0,2023-10-27 20:00:00,45.796193,16.054214,2,5,2,0.184,1,1.131,0,2.46,0.3411,0.9311,0.1725,0.7007,0.361,0.363,0.3505,0.4835
1785,2382,8,0,3,3,1.3,2024-04-14 09:00:00,45.854688,15.94797,1,0,0,0.543,2,0.797,0,2.43,0.8653,0.2759,0.4646,0.6143,0.1929,0.8697,0.359,0.2971
1786,1757,8,0,1,10,1.9,2023-06-30 11:00:00,45.802199,16.04787,2,5,0,0.08,1,1.066,0,2.57,0.8438,0.31,0.5208,0.5169,0.2121,0.8816,0.3971,0.2962
1787,2867,1,1,3,10,2.3,2023-10-04 20:00:00,45.799601,16.062079,2,3,2,0.594,6,0.126,1,1.92,0.8514,0.3532,0.2608,0.4892,0.683,0.2477,0.4478,0.3065
1788,3008,13,6,1,11,1.5,2023-01-02 20:00:00,45.80516,15.888081,4,1,2,0.54,6,1.492,1,2.68,0.7043,0.3291,0.2571,0.6489,0.1967,0.2502,0.9826,0.4266
1789,8703,27,7,1,11,1.7,2024-02-27 19:00:00,45.815458,15.875704,4,2,2,0.609,7,1.295,1,2.98,0.579,0.3885,0.5809,0.5051,0.8393,0.2588,0.3548,0.7464
1790,5487,5,5,1,12,2.0,2024-12-12 18:00:00,45.793664,16.032511,2,4,2,0.075,1,1.083,0,3.52,0.3094,0.5161,0.0791,0.5582,0.3071,0.5906,0.338,0.355
1791,3517,3,2,1,8,1.7,2024-02-12 18:00:00,45.763127,15.977235,3,1,2,0.308,2,0.999,0,2.43,0.3191,0.9138,0.2067,0.7512,0.3159,0.2421,0.2543,0.4701
1792,3732,15,0,0,4,2.1,2023-02-22 18:00:00,45.858091,15.948858,1,3,2,0.34,1,1.105,0,3.32,0.8566,0.2983,0.4265,0.4213,0.1711,0.9271,0.4616,0.3067
1793,4479,8,0,1,6,1.5,2024-06-20 20:00:00,45.784691,16.052686,2,4,2,0.52,3,0.428,1,3.24,0.9813,0.3003,0.4803,0.553,0.2498,0.9489,0.3387,0.3682
1794,3322,20,5,3,4,1.1,2024-10-04 10:00:00,45.751949,15.97059,3,5,0,0.33,1,1.216,0,2.15,0.3954,0.4682,0.1169,0.607,0.3468,0.573,0.3767,0.3193
1795,5442,5,5,0,9,1.3,2023-08-23 18:00:00,45.787657,16.058785,2,3,2,0.382,3,1.44,1,3.41,0.3101,0.5034,0.0991,0.6456,0.3474,0.6294,0.4132,0.3918
1796,284,13,6,1,19,1.0,2023-07-19 10:00:00,45.852625,15.950951,1,3,0,0.433,8,1.355,1,2.3,0.645,0.2882,0.3254,0.7061,0.1892,0.2405,0.8663,0.5419
1797,1655,4,6,1,5,1.6,2024-06-26 19:00:00,45.821011,15.976529,0,3,2,0.655,3,0.583,1,2.2,0.675,0.2378,0.2281,0.7177,0.2907,0.2126,0.932,0.5274
1798,7607,1,1,1,6,1.8,2023-08-06 18:00:00,45.747724,15.96969,3,0,2,0.446,3,0.418,1,2.26,0.7213,0.3746,0.2859,0.4171,0.4925,0.1746,0.4638,0.3766
1799,7094,13,6,1,2,1.9,2023-01-31 18:00:00,45.800583,15.972126,0,2,2,0.375,1,0.372,0,3.61,0.7565,0.3224,0.2362,0.674,0.1705,0.1652,0.9566,0.4054
1800,7442,13,6,1,12,1.6,2024-09-10 20:00:00,45.754401,15.975452,3,2,2,0.363,4,0.286,1,3.06,0.6894,0.328,0.2718,0.7479,0.1164,0.2697,0.9081,0.4752
1801,8120,1,1,1,11,1.5,2023-01-25 19:00:00,45.85326,15.958643,1,3,2,0.294,3,0.588,1,3.41,0.8464,0.2922,0.2839,0.4558,0.6795,0.1742,0.4929,0.3092
1802,8483,3,2,0,5,1.6,2024-12-27 09:00:00,45.797467,16.036701,2,5,0,0.321,2,1.008,0,2.12,0.3975,0.909,0.262,0.7101,0.2648,0.2678,0.252,0.5042
1803,7236,8,0,0,5,1.8,2023-12-28 11:00:00,45.743651,15.982652,3,4,0,0.146,1,0.942,0,2.41,0.8231,0.2391,0.4606,0.4231,0.2422,0.9221,0.3736,0.1807
1804,2948,1,1,1,33,1.7,2024-03-18 09:00:00,45.848076,15.950024,1,1,0,0.417,14,0.724,2,1.42,0.7321,0.3294,0.3028,0.4239,0.5559,0.2351,0.5507,0.2848
1805,5633,14,5,0,5,1.4,2023-01-14 18:00:00,45.855763,15.942812,1,6,2,0.321,2,0.585,0,2.62,0.2844,0.528,0.1079,0.6967,0.2577,0.6057,0.3728,0.2927
1806,2562,7,0,1,6,1.9,2024-03-19 09:00:00,45.764515,15.962251,3,2,0,0.235,1,1.028,0,3.09,0.913,0.3767,0.4692,0.5477,0.1681,0.8197,0.4132,0.3787
1807,7219,9,1,0,11,0.5,2023-01-23 18:00:00,45.804402,15.888381,4,1,2,0.896,10,0.291,2,3.55,0.8582,0.3079,0.395,0.3547,0.5933,0.2774,0.4706,0.3022
1808,7472,2,0,1,8,1.4,2023-06-13 11:00:00,45.8065,15.988678,0,2,0,0.14,1,0.453,0,2.87,0.8942,0.3322,0.4902,0.5639,0.199,0.8774,0.4041,0.2318
1809,8305,1,1,1,12,1.0,2023-01-30 19:00:00,45.816317,15.905275,4,1,2,0.375,4,0.984,1,2.52,0.8155,0.2667,0.2521,0.399,0.5542,0.177,0.5162,0.2685
1810,1455,15,0,0,14,1.5,2023-08-10 11:00:00,45.795297,16.04578,2,4,0,0.168,2,1.38,0,1.72,0.9475,0.2709,0.5143,0.4926,0.2666,0.9166,0.3096,0.2875
1811,3939,1,1,1,4,1.3,2023-01-10 18:00:00,45.804694,15.876308,4,2,2,0.196,1,1.116,0,3.45,0.8863,0.2782,0.3199,0.49,0.6733,0.1912,0.4827,0.3092
1812,2166,9,1,0,15,2.3,2024-06-29 20:00:00,45.757261,15.971795,3,6,2,0.513,8,0.966,1,2.28,0.805,0.2894,0.2306,0.4241,0.59,0.148,0.5274,0.2577
1813,935,8,0,1,5,1.2,2023-01-26 09:00:00,45.819028,15.967013,0,4,0,0.149,1,0.973,0,3.78,0.9778,0.2999,0.4621,0.4976,0.1788,0.9186,0.3565,0.2919
1814,5079,19,4,2,8,1.7,2024-02-29 10:00:00,45.80416,15.898642,4,4,0,0.727,6,1.044,1,3.53,0.7671,0.5616,0.7868,0.8387,0.2098,0.4001,0.8014,0.4391
1815,2710,8,0,0,26,0.5,2023-10-28 18:00:00,45.807958,15.987193,0,6,2,0.448,12,0.045,2,2.86,0.9031,0.3075,0.4916,0.5278,0.2033,0.875,0.4846,0.3344
1816,5699,0,1,0,4,1.7,2024-12-02 19:00:00,45.825431,15.894265,4,1,2,0.324,1,0.63,0,3.02,0.7854,0.194,0.3478,0.457,0.5421,0.15,0.4374,0.2209
1817,2975,3,2,1,10,2.6,2024-07-11 19:00:00,45.749389,15.982995,3,4,2,0.36,4,1.316,1,1.95,0.4509,0.9109,0.1964,0.6513,0.2564,0.266,0.3407,0.5059
1818,4933,1,1,1,8,1.0,2024-02-18 19:00:00,45.815061,15.894185,4,0,2,0.239,2,1.252,0,3.39,0.893,0.3334,0.243,0.3509,0.6164,0.2151,0.6448,0.2889
1819,1733,2,0,1,17,2.2,2023-02-16 19:00:00,45.754884,15.971474,3,4,2,0.123,2,0.159,0,2.56,0.9666,0.2741,0.5542,0.5143,0.199,0.9309,0.3383,0.3035
1820,6357,1,1,1,10,1.4,2023-01-04 10:00:00,45.850857,15.944728,1,3,0,0.383,4,0.52,1,1.8,0.7874,0.3079,0.2689,0.4839,0.5668,0.1389,0.4724,0.2415
1821,6472,10,4,0,10,1.3,2024-06-21 10:00:00,45.804624,15.878978,4,5,0,0.504,5,0.699,1,3.45,0.8907,0.6853,0.7201,0.904,0.2295,0.3648,0.8458,0.4287
1822,5131,1,1,0,5,1.8,2024-08-02 18:00:00,45.849798,15.946372,1,5,2,0.027,0,0.066,0,2.36,0.8053,0.2612,0.3355,0.4241,0.5527,0.1864,0.5149,0.3891
1823,2101,4,6,0,8,1.4,2024-10-02 18:00:00,45.761834,15.980917,3,3,2,0.256,2,1.314,0,3.36,0.6617,0.3454,0.2816,0.6889,0.2754,0.297,0.8504,0.4681
1824,4025,14,5,1,4,1.5,2023-11-27 18:00:00,45.852939,15.962157,1,1,2,0.257,1,0.618,0,2.18,0.2594,0.5369,0.1258,0.4824,0.4035,0.569,0.3433,0.3035
1825,2367,11,3,0,7,1.5,2024-06-28 18:00:00,45.805964,15.89175,4,5,2,0.059,0,0.538,0,1.11,0.4616,0.5471,0.8982,0.5841,0.8408,0.1823,0.5514,0.9459
1826,563,8,0,0,5,1.0,2024-01-01 09:00:00,45.818635,15.965323,0,1,0,0.612,3,0.236,1,2.58,0.8775,0.2938,0.5107,0.4625,0.31,0.8937,0.457,0.307
1827,8531,4,6,1,5,2.3,2024-09-27 09:00:00,45.858051,15.961945,1,5,0,0.056,0,0.972,0,0.07,0.7153,0.3326,0.1866,0.6582,0.1678,0.2159,0.8941,0.5116
1828,8073,9,1,1,5,1.0,2024-12-05 18:00:00,45.848429,15.950407,1,4,2,0.709,4,0.613,1,2.95,0.748,0.2345,0.2571,0.3677,0.7159,0.2011,0.5794,0.2928
1829,3063,19,4,0,42,1.6,2023-01-20 18:00:00,45.853815,15.960238,1,5,2,0.62,26,0.563,2,1.58,0.7116,0.6315,0.7306,0.8579,0.2163,0.3378,0.7456,0.3674
1830,2839,12,0,0,21,1.5,2023-09-28 11:00:00,45.814819,15.887429,4,4,0,0.345,7,0.442,1,1.0,0.8695,0.3285,0.4697,0.5331,0.238,0.8715,0.3425,0.3575
1831,2679,16,2,0,5,1.3,2024-01-11 18:00:00,45.821584,15.891747,4,4,2,0.2,1,0.706,0,2.33,0.4828,0.8784,0.2429,0.6938,0.2848,0.2644,0.351,0.4246
1832,5135,8,0,1,20,0.6,2023-11-07 18:00:00,45.754485,15.985756,3,2,2,0.175,4,0.082,1,2.76,0.9036,0.2432,0.56,0.4624,0.2243,0.896,0.4329,0.2355
1833,5131,0,1,0,11,2.3,2023-01-14 19:00:00,45.860919,15.953848,1,6,2,0.342,4,0.789,1,2.53,0.7664,0.3075,0.3278,0.3847,0.6773,0.1913,0.4489,0.1858
1834,7448,8,0,0,11,1.5,2023-07-16 18:00:00,45.753052,15.984902,3,0,2,0.046,1,0.859,0,3.17,0.9091,0.2454,0.5232,0.4991,0.2444,0.9492,0.4345,0.2609
1835,8902,6,2,1,6,0.5,2024-07-23 19:00:00,45.820567,15.893245,4,2,2,0.459,3,1.175,1,2.11,0.4573,0.8628,0.1897,0.7118,0.2955,0.4356,0.2607,0.5748
1836,5000,27,7,1,7,0.8,2023-10-12 19:00:00,45.815176,15.971133,0,4,2,0.011,0,1.108,0,2.42,0.4371,0.4341,0.5876,0.444,0.8769,0.2551,0.5022,0.7077
1837,2551,5,5,1,8,0.8,2023-11-21 11:00:00,45.809313,15.871916,4,2,0,0.522,4,0.254,1,2.74,0.2635,0.4277,0.1849,0.6444,0.3312,0.5788,0.449,0.3699
1838,3,1,1,1,14,1.1,2023-01-11 18:00:00,45.849671,15.945028,1,3,2,0.642,9,0.469,2,3.04,0.9343,0.3228,0.2147,0.4235,0.5549,0.1527,0.4897,0.3614
1839,2018,30,5,1,5,1.2,2024-10-28 19:00:00,45.754708,15.971245,3,1,2,0.611,3,0.494,1,3.13,0.2858,0.4507,0.1068,0.5447,0.3737,0.5699,0.4144,0.3597
1840,3366,2,0,0,9,1.9,2024-10-05 10:00:00,45.795285,15.969738,0,6,0,0.312,3,1.284,1,1.88,0.9331,0.3504,0.4994,0.4739,0.1585,0.8424,0.4477,0.225
1841,2283,2,0,1,14,0.9,2023-10-16 19:00:00,45.844645,15.938386,1,1,2,0.529,7,0.913,1,3.03,0.9114,0.2974,0.4696,0.4894,0.1592,0.8367,0.3762,0.2822
1842,1749,20,5,1,10,1.2,2024-08-03 18:00:00,45.824371,15.984088,0,6,2,0.625,6,0.617,1,3.37,0.3397,0.5356,0.0609,0.6237,0.2721,0.5787,0.3858,0.2945
1843,6288,1,1,0,5,2.0,2024-11-05 19:00:00,45.803447,16.0528,2,2,2,0.372,2,1.07,0,1.99,0.8261,0.3199,0.2815,0.3504,0.5284,0.093,0.503,0.3118
1844,6104,9,1,2,5,1.0,2023-08-29 11:00:00,45.812895,15.963302,0,2,0,0.135,1,0.39,0,2.11,0.7865,0.3295,0.2814,0.4806,0.5971,0.2254,0.5419,0.2225
1845,6733,28,0,0,8,0.5,2024-11-10 09:00:00,45.797436,15.88012,4,0,0,0.596,5,0.868,1,3.09,0.9099,0.3733,0.5296,0.525,0.1999,0.966,0.3896,0.3496
1846,7446,19,4,1,8,1.3,2024-08-11 09:00:00,45.842344,15.9744,0,0,0,0.233,2,0.566,0,2.9,0.7898,0.5192,0.7271,0.89,0.1793,0.4662,0.6947,0.3464
1847,8592,7,0,1,7,1.8,2024-08-18 19:00:00,45.823508,15.893153,4,0,2,0.174,1,1.022,0,3.7,0.962,0.2451,0.552,0.5444,0.1623,0.9164,0.4925,0.3085
1848,6753,6,2,0,5,1.3,2024-04-07 09:00:00,45.858496,15.952921,1,0,0,0.134,1,0.468,0,2.92,0.3283,0.9331,0.2548,0.7235,0.2757,0.1753,0.3319,0.5438
1849,8143,6,2,0,7,1.0,2024-12-06 19:00:00,45.849639,15.953124,1,5,2,0.212,1,0.533,0,2.43,0.3862,0.9446,0.2125,0.7321,0.2657,0.3661,0.2887,0.5151
1850,2957,25,3,0,6,2.2,2023-04-30 19:00:00,45.853279,15.94393,1,0,2,0.689,4,1.103,1,2.72,0.4926,0.4657,0.808,0.7136,0.7074,0.1823,0.5104,0.8069
1851,5047,20,5,0,6,1.7,2023-05-19 18:00:00,45.791686,16.055323,2,5,2,0.862,5,1.37,1,1.77,0.2185,0.5629,0.1664,0.6253,0.2995,0.5183,0.393,0.247
1852,8975,29,1,0,6,1.5,2023-12-24 10:00:00,45.753776,15.98758,3,0,0,0.561,3,0.332,1,2.15,0.7719,0.2302,0.2831,0.4244,0.5259,0.1597,0.4408,0.2421
1853,6363,14,5,1,6,1.8,2023-11-01 20:00:00,45.82152,15.975969,0,3,2,0.584,4,0.994,1,2.07,0.226,0.5756,0.0,0.6653,0.3849,0.5618,0.469,0.3006
1854,5976,29,1,0,4,1.8,2024-11-07 19:00:00,45.811737,15.958049,0,4,2,0.172,1,0.985,0,3.06,0.8475,0.3023,0.3077,0.4088,0.5197,0.2273,0.4886,0.3353
1855,1009,5,5,1,4,1.5,2024-11-24 18:00:00,45.753162,15.97894,3,0,2,0.196,1,0.75,0,3.31,0.3581,0.5328,0.1188,0.5644,0.2973,0.6482,0.443,0.2224
1856,8481,15,0,1,11,2.5,2024-01-16 11:00:00,45.814319,15.992378,0,2,0,0.514,6,0.984,1,3.08,0.9018,0.317,0.4497,0.4451,0.1628,0.9107,0.3264,0.2573
1857,5249,8,0,0,22,1.8,2024-08-29 09:00:00,45.80985,15.875059,4,4,0,0.264,6,0.946,1,2.67,0.7966,0.317,0.4556,0.524,0.171,0.8981,0.3769,0.2733
1858,4437,9,1,1,16,1.8,2023-01-26 20:00:00,45.820054,15.979519,0,4,2,0.525,8,0.652,1,1.79,0.7415,0.313,0.2962,0.4429,0.596,0.179,0.5071,0.3514
1859,2482,14,5,3,6,1.9,2024-06-01 09:00:00,45.792359,16.051608,2,6,0,0.501,3,0.531,1,3.75,0.2251,0.3881,0.0619,0.6516,0.2833,0.5647,0.4715,0.2837
1860,7691,4,6,0,4,1.9,2024-08-22 11:00:00,45.790568,16.03292,2,4,0,0.314,1,0.878,0,2.25,0.6547,0.2748,0.3417,0.6379,0.2224,0.2152,0.8819,0.5112
1861,5186,8,0,0,22,1.2,2023-11-15 18:00:00,45.814101,15.967551,0,3,2,0.447,10,0.948,2,2.39,0.8626,0.2907,0.457,0.4359,0.2453,0.9556,0.4137,0.2152
1862,2735,3,2,1,5,1.2,2024-08-04 18:00:00,45.750177,15.966268,3,0,2,0.413,2,1.033,0,2.64,0.3675,0.8641,0.1992,0.6402,0.3686,0.3769,0.2753,0.4172
1863,2048,2,0,0,21,2.2,2023-08-26 18:00:00,45.818238,15.975803,0,6,2,0.351,7,0.68,1,3.1,0.904,0.2949,0.5267,0.5018,0.1618,0.8594,0.4415,0.1442
1864,1120,7,0,1,3,1.2,2024-03-19 11:00:00,45.791559,15.971587,0,2,0,0.659,2,0.887,0,3.76,0.8334,0.2919,0.4658,0.449,0.1812,0.8417,0.479,0.2998
1865,3147,29,1,1,6,0.5,2023-06-21 18:00:00,45.746174,15.980483,3,3,2,0.266,2,0.071,0,3.39,0.8156,0.3264,0.3354,0.4275,0.6456,0.1177,0.5676,0.4153
1866,2656,19,4,2,8,1.6,2024-06-09 20:00:00,45.806419,15.894094,4,0,2,0.204,2,0.605,0,2.4,0.8328,0.5813,0.7303,0.8687,0.1741,0.4149,0.8513,0.4237
1867,8354,0,1,1,6,2.3,2024-01-03 11:00:00,45.813092,15.988055,0,3,0,0.446,3,0.537,1,1.54,0.8147,0.2795,0.3243,0.351,0.6813,0.181,0.5132,0.3715
1868,6553,1,1,0,3,1.0,2024-11-21 20:00:00,45.790493,15.977981,0,4,2,0.388,1,1.121,0,1.73,0.737,0.3545,0.2627,0.435,0.5841,0.2015,0.5115,0.3292
1869,1773,16,2,0,7,2.3,2023-02-09 19:00:00,45.788041,16.044113,2,4,2,0.482,3,1.191,1,3.13,0.3628,0.9926,0.2062,0.6592,0.2253,0.2984,0.3507,0.4098
1870,6046,15,0,3,6,1.3,2024-05-18 19:00:00,45.859731,15.93563,1,6,2,0.35,2,0.272,0,3.6,0.8767,0.3831,0.4517,0.4648,0.196,0.9108,0.3255,0.2239
1871,129,26,7,2,11,2.0,2023-09-06 18:00:00,45.803031,16.043268,2,3,2,0.811,9,1.435,2,2.04,0.5804,0.4663,0.6231,0.5188,0.955,0.2999,0.3274,0.6978
1872,410,0,1,1,3,0.9,2023-07-11 11:00:00,45.755491,15.963986,3,2,0,0.222,1,0.715,0,2.78,0.8491,0.2123,0.2711,0.3581,0.5801,0.1496,0.5436,0.3267
1873,3516,20,5,0,18,1.3,2024-01-19 11:00:00,45.736337,15.972635,3,5,0,0.352,6,0.294,1,3.39,0.359,0.5161,0.0334,0.6349,0.3659,0.5362,0.4431,0.2822
1874,4393,17,0,0,7,1.6,2024-11-12 18:00:00,45.84925,15.954706,1,2,2,0.614,4,0.907,1,0.99,0.8753,0.2618,0.4652,0.5219,0.2544,0.8946,0.3892,0.3287
1875,2938,3,2,0,4,1.8,2023-10-24 19:00:00,45.756484,15.975151,3,2,2,0.077,0,0.918,0,1.89,0.3464,0.8617,0.204,0.7121,0.292,0.3184,0.3502,0.5337
1876,2738,14,5,1,12,1.4,2024-09-23 18:00:00,45.796125,16.038274,2,1,2,0.487,6,0.379,1,2.16,0.3788,0.5369,0.0449,0.6026,0.2821,0.5101,0.4178,0.3203
1877,6605,24,3,0,12,1.3,2024-09-08 20:00:00,45.791137,16.03661,2,0,2,0.562,7,0.502,1,2.42,0.5102,0.4887,0.8896,0.6839,0.7015,0.157,0.4749,0.7753
1878,3294,24,3,0,14,1.1,2023-10-15 11:00:00,45.801378,16.054815,2,0,0,0.487,7,0.59,1,2.45,0.471,0.3847,0.9506,0.6238,0.7584,0.3146,0.449,0.74
1879,244,1,1,0,3,1.1,2023-12-11 10:00:00,45.78411,16.053752,2,1,0,0.091,0,0.19,0,2.93,0.8302,0.278,0.2371,0.3854,0.6274,0.153,0.463,0.3185
1880,8614,0,1,2,7,1.7,2023-10-16 19:00:00,45.815401,15.879352,4,1,2,0.511,4,1.357,1,2.64,0.785,0.2229,0.2838,0.3606,0.5867,0.1645,0.4757,0.2191
1881,7618,29,1,3,8,2.0,2024-11-28 19:00:00,45.815701,15.88225,4,4,2,0.252,2,1.242,0,3.65,0.7861,0.3638,0.2498,0.407,0.7514,0.1813,0.514,0.2664
1882,7389,1,1,2,15,2.1,2023-12-26 20:00:00,45.80664,16.033933,2,2,2,0.319,5,0.347,1,3.37,0.8637,0.2692,0.2752,0.4265,0.6081,0.185,0.5129,0.3822
1883,8349,3,2,1,10,1.6,2023-12-09 20:00:00,45.82201,15.975201,0,6,2,0.368,4,1.233,1,3.3,0.4046,0.8834,0.1262,0.7548,0.3065,0.293,0.2636,0.4899
1884,6897,21,0,1,8,1.5,2024-08-15 10:00:00,45.738841,15.97756,3,4,0,0.223,2,0.592,0,3.56,0.9047,0.2723,0.4643,0.5482,0.2632,0.8423,0.3623,0.3386
1885,3376,3,2,0,2,1.6,2023-04-20 19:00:00,45.809016,15.878796,4,4,2,0.459,1,0.066,0,2.94,0.3464,0.9034,0.1882,0.7969,0.279,0.3382,0.2894,0.4384
1886,864,28,0,1,7,0.8,2024-04-15 20:00:00,45.856077,15.962151,1,1,2,0.395,3,0.06,1,2.05,0.8219,0.4273,0.4766,0.4812,0.2001,0.9147,0.4221,0.3352
1887,2351,0,1,1,7,1.2,2024-05-27 18:00:00,45.785309,16.043517,2,1,2,0.08,1,0.503,0,1.95,0.7041,0.3744,0.3402,0.4704,0.5949,0.2818,0.5676,0.415
1888,4183,1,1,1,10,0.5,2023-07-05 20:00:00,45.786894,16.039187,2,3,2,0.35,4,1.071,1,2.09,0.776,0.3473,0.312,0.4538,0.5911,0.1632,0.4975,0.2766
1889,8598,14,5,0,4,1.9,2023-09-01 10:00:00,45.8487,15.946864,1,5,0,0.184,1,0.931,0,2.76,0.2565,0.4734,0.1119,0.5477,0.2963,0.6503,0.3471,0.3526
1890,5997,4,6,3,5,1.8,2023-11-11 20:00:00,45.806446,15.880309,4,6,2,0.352,2,1.335,0,3.3,0.7047,0.3308,0.3597,0.6763,0.2226,0.0735,0.7679,0.5685
1891,7704,28,0,0,6,1.8,2023-06-21 18:00:00,45.842199,15.954157,1,3,2,0.033,0,0.77,0,2.83,0.888,0.2186,0.3969,0.4746,0.1697,0.8865,0.2837,0.2623
1892,161,29,1,0,8,1.3,2024-02-21 10:00:00,45.82573,15.985073,0,3,0,0.234,2,1.135,0,2.21,0.8298,0.3008,0.3093,0.4162,0.6085,0.2418,0.4323,0.4314
1893,1010,9,1,2,18,1.2,2024-10-23 20:00:00,45.794792,16.046655,2,3,2,0.192,3,0.84,1,2.87,0.8348,0.3301,0.3619,0.3955,0.6419,0.1585,0.5743,0.3616
1894,5413,15,0,2,4,1.0,2023-05-18 11:00:00,45.80014,16.035086,2,4,0,0.633,3,1.376,1,3.25,0.9494,0.263,0.5059,0.4277,0.1731,0.9784,0.4128,0.2393
1895,8546,30,5,2,9,2.4,2023-05-04 10:00:00,45.803902,15.875057,4,4,0,0.659,6,1.001,1,2.96,0.2834,0.5517,0.1167,0.5883,0.3556,0.5434,0.4178,0.3883
1896,8369,15,0,0,7,1.2,2024-09-12 20:00:00,45.855881,15.95459,1,4,2,0.44,3,1.25,1,2.14,0.8134,0.3121,0.4645,0.5458,0.2065,0.9331,0.4143,0.3523
1897,5460,27,7,0,9,1.1,2024-02-07 09:00:00,45.739604,15.976787,3,3,0,0.656,6,1.31,1,1.36,0.5906,0.4289,0.6126,0.6089,0.9193,0.3455,0.3666,0.7345
1898,84,10,4,0,15,2.3,2024-01-01 11:00:00,45.857786,15.962797,1,1,0,0.329,5,0.443,1,2.99,0.7922,0.5817,0.7741,0.9145,0.0977,0.3904,0.795,0.4695
1899,7319,5,5,0,27,1.6,2023-01-06 19:00:00,45.755513,15.965182,3,5,2,0.091,2,0.209,0,2.2,0.2638,0.5306,0.1024,0.6338,0.3101,0.6014,0.3914,0.2654
1900,48,4,6,1,7,1.4,2024-10-24 11:00:00,45.790551,16.048207,2,4,0,0.304,2,1.268,0,3.63,0.6999,0.3541,0.3308,0.7669,0.1621,0.1609,0.9058,0.5178
1901,4548,8,0,0,9,1.8,2023-03-01 09:00:00,45.808114,15.990314,0,3,0,0.585,5,0.442,1,3.49,0.9342,0.3367,0.5535,0.4173,0.2141,0.9017,0.422,0.4033
1902,4952,10,4,0,7,1.3,2023-12-07 10:00:00,45.782611,16.058709,2,4,0,0.705,5,0.385,1,2.83,0.7307,0.5789,0.5984,0.893,0.1881,0.4602,0.8504,0.3857
1903,7863,18,7,1,4,1.0,2023-04-06 10:00:00,45.75229,15.977797,3,4,0,0.332,1,0.731,0,1.44,0.483,0.4527,0.5575,0.476,0.919,0.2386,0.4036,0.7634
1904,3609,1,1,0,15,1.5,2023-12-06 11:00:00,45.846847,15.964846,1,3,0,0.193,3,1.181,1,2.75,0.786,0.3624,0.2983,0.3859,0.6121,0.234,0.4752,0.3236
1905,4114,13,6,1,6,2.3,2024-11-28 20:00:00,45.814735,15.982032,0,4,2,0.118,1,0.586,0,2.62,0.7024,0.3391,0.297,0.672,0.1474,0.1718,0.8795,0.4387
1906,3609,1,1,1,18,0.7,2024-10-17 20:00:00,45.798403,16.027735,2,4,2,0.232,4,0.849,1,2.78,0.795,0.2548,0.364,0.3966,0.6547,0.2374,0.5092,0.3133
1907,2397,13,6,1,11,1.7,2024-07-10 10:00:00,45.802922,15.879786,4,3,0,0.082,1,0.624,0,2.62,0.6615,0.2225,0.3508,0.8068,0.2854,0.238,0.9013,0.4608
1908,2080,5,5,0,10,0.9,2024-12-09 19:00:00,45.813857,15.868387,4,1,2,0.06,1,0.535,0,2.17,0.3545,0.5486,0.2233,0.6288,0.2678,0.5239,0.3618,0.3694
1909,8204,17,0,0,10,1.2,2024-01-26 18:00:00,45.753528,15.978719,3,5,2,0.521,5,0.239,1,3.83,0.876,0.3341,0.4288,0.4476,0.2426,0.8979,0.4657,0.3628
1910,3827,7,0,0,7,2.2,2023-06-23 10:00:00,45.787492,16.061706,2,5,0,0.442,3,0.494,1,3.56,0.8836,0.3219,0.5129,0.4273,0.2713,0.9029,0.3715,0.3898
1911,144,24,3,1,5,1.5,2024-05-19 19:00:00,45.749851,15.966663,3,0,2,0.345,2,0.331,0,0.97,0.4412,0.503,0.8734,0.6379,0.7764,0.2426,0.5278,0.7384
1912,7637,3,2,0,6,1.1,2024-01-19 18:00:00,45.77169,16.029703,2,5,2,0.038,0,1.274,0,2.79,0.3432,0.9776,0.1893,0.6784,0.2902,0.3164,0.3229,0.5538
1913,3140,27,7,2,12,1.3,2024-07-20 20:00:00,45.847467,15.964243,1,6,2,0.32,4,0.426,1,2.23,0.4197,0.4783,0.6001,0.5065,0.8028,0.273,0.3564,0.7299
1914,148,4,6,0,4,0.8,2024-02-09 18:00:00,45.820301,15.891196,4,5,2,0.407,2,0.033,0,1.45,0.6815,0.3216,0.2588,0.6634,0.1523,0.3032,0.8565,0.4638
1915,46,3,2,0,8,1.6,2023-11-22 11:00:00,45.805765,16.055395,2,3,0,0.263,2,0.853,0,3.71,0.4202,0.8272,0.2762,0.7561,0.3418,0.302,0.3255,0.5172
1916,802,13,6,0,8,2.1,2024-11-18 20:00:00,45.816734,15.964166,0,1,2,0.573,5,0.714,1,2.03,0.6797,0.2926,0.2774,0.6919,0.2061,0.2295,0.9042,0.5267
1917,3181,26,7,2,7,1.1,2023-07-20 11:00:00,45.815531,16.043789,2,4,0,0.38,3,0.955,1,1.04,0.5658,0.383,0.63,0.5211,0.9116,0.2579,0.389,0.6918
1918,206,5,5,2,5,1.5,2023-05-01 20:00:00,45.750141,15.959459,3,1,2,0.324,2,0.375,0,3.16,0.23,0.5362,0.0968,0.5811,0.3144,0.5652,0.3923,0.2669
1919,2236,3,2,0,6,1.9,2024-10-02 19:00:00,45.797977,16.061065,2,3,2,0.088,1,0.535,0,3.05,0.3559,0.8306,0.1813,0.6234,0.3362,0.1967,0.3144,0.4827
1920,6626,4,6,0,6,1.1,2023-12-29 10:00:00,45.79636,16.030955,2,5,0,0.518,3,0.641,1,2.43,0.7022,0.3263,0.3328,0.7301,0.2625,0.2179,0.9164,0.4648
1921,7284,13,6,1,13,1.8,2023-01-03 18:00:00,45.800666,16.04413,2,2,2,0.281,4,1.096,1,2.44,0.729,0.2789,0.2804,0.6525,0.1683,0.2883,0.9861,0.413
1922,0,14,5,2,3,0.8,2023-06-09 18:00:00,45.809586,15.893842,4,5,2,0.387,1,1.153,0,2.68,0.3742,0.4661,0.1306,0.6747,0.3546,0.6224,0.3859,0.2348
1923,7821,30,5,0,8,1.2,2024-02-25 19:00:00,45.809392,15.976273,0,0,2,0.579,5,1.252,1,3.17,0.4023,0.5581,0.1035,0.5234,0.2705,0.6182,0.3651,0.2079
1924,6310,13,6,0,20,0.5,2024-09-25 19:00:00,45.749165,15.979121,3,3,2,0.205,4,0.134,1,1.23,0.6642,0.271,0.2627,0.7152,0.1736,0.2021,0.8084,0.4633
1925,2700,14,5,1,9,0.8,2023-01-11 10:00:00,45.826245,15.888823,4,3,0,0.931,8,0.929,1,3.11,0.257,0.4756,0.0971,0.5738,0.3079,0.5402,0.3842,0.259
1926,1904,8,0,0,7,1.3,2024-01-20 20:00:00,45.804599,16.041477,2,6,2,0.175,1,1.429,0,3.12,0.8405,0.2417,0.4592,0.5227,0.2016,0.8772,0.4512,0.1473
1927,6215,1,1,1,4,1.8,2023-02-01 11:00:00,45.824043,15.890447,4,3,0,0.41,2,0.755,0,2.16,0.8089,0.2207,0.2632,0.4325,0.622,0.242,0.5482,0.2811
1928,7006,0,1,2,26,0.8,2023-12-15 18:00:00,45.745707,15.966926,3,5,2,0.253,7,0.321,1,2.66,0.79,0.3014,0.2852,0.3976,0.606,0.3009,0.4539,0.3548
1929,2374,8,0,0,11,2.0,2023-08-25 10:00:00,45.809806,15.896849,4,5,0,0.379,4,0.813,1,2.93,0.9682,0.2109,0.4172,0.4498,0.2649,0.9307,0.4473,0.3178
1930,6127,30,5,0,2,0.9,2023-02-12 09:00:00,45.809955,15.888186,4,0,0,0.473,1,0.586,0,3.83,0.2576,0.5142,0.1226,0.5895,0.2896,0.6196,0.4369,0.2724
1931,8269,27,7,1,8,1.6,2023-01-10 18:00:00,45.796129,16.035787,2,2,2,0.807,6,0.6,1,3.0,0.4764,0.4438,0.6101,0.5425,0.9124,0.3521,0.4352,0.7424
1932,6062,19,4,2,4,1.3,2024-12-03 20:00:00,45.801205,15.970591,0,2,2,0.168,1,0.127,0,3.11,0.8426,0.6237,0.6864,0.9898,0.2673,0.3756,0.946,0.4024
1933,4338,11,3,0,10,1.7,2023-11-07 20:00:00,45.795917,16.048117,2,2,2,0.606,6,0.832,1,1.81,0.5235,0.5253,0.9917,0.627,0.769,0.2598,0.5925,0.9081
1934,4925,8,0,0,2,0.7,2023-09-18 09:00:00,45.822933,15.983472,0,1,0,0.201,0,0.527,0,3.61,0.8378,0.3037,0.5576,0.4732,0.1096,0.892,0.4188,0.316
1935,8655,21,0,1,14,0.8,2024-01-05 11:00:00,45.827539,15.880447,4,5,0,0.341,5,0.118,1,2.23,0.9084,0.2891,0.4423,0.5705,0.223,0.9321,0.3335,0.4267
1936,8954,29,1,0,8,1.8,2023-01-08 18:00:00,45.851682,15.949749,1,0,2,0.576,5,1.349,1,3.72,0.6975,0.2761,0.2797,0.4828,0.6395,0.1212,0.5405,0.2589
1937,2399,4,6,2,7,1.5,2024-05-15 20:00:00,45.813559,15.975118,0,3,2,0.636,4,1.446,1,1.82,0.7649,0.2918,0.4157,0.8173,0.2053,0.2389,0.8781,0.5135
1938,1614,25,3,1,8,1.6,2023-02-17 18:00:00,45.825423,15.977712,0,5,2,0.229,2,0.497,0,1.86,0.4949,0.4959,0.8597,0.5766,0.7809,0.2156,0.4727,0.8252
1939,4794,7,0,0,11,1.0,2023-03-20 10:00:00,45.788261,16.054819,2,1,0,0.718,8,0.864,1,3.66,0.8552,0.2644,0.5527,0.4779,0.1432,0.8657,0.3694,0.2877
1940,7169,4,6,1,10,1.4,2024-02-16 19:00:00,45.80985,15.978401,0,5,2,0.626,6,0.711,1,3.68,0.67,0.2768,0.1989,0.63,0.1696,0.1655,0.8933,0.4239
1941,1769,2,0,1,8,1.4,2023-11-12 19:00:00,45.809396,15.905035,4,0,2,0.102,1,0.154,0,3.59,0.976,0.2426,0.5122,0.5828,0.1296,0.88,0.2845,0.3903
1942,4877,0,1,0,4,1.8,2024-06-04 11:00:00,45.799151,16.027892,2,2,0,0.323,1,0.331,0,1.3,0.8243,0.309,0.3476,0.2938,0.7196,0.2125,0.4746,0.2804
1943,6592,3,2,1,18,1.7,2024-09-20 11:00:00,45.798287,15.896914,4,5,0,0.032,1,0.373,0,2.73,0.3789,0.8481,0.2169,0.6575,0.2005,0.3125,0.3281,0.5649
1944,6515,30,5,2,9,1.6,2024-01-14 19:00:00,45.814737,15.901795,4,0,2,0.196,2,0.445,0,2.78,0.2801,0.4213,0.094,0.5229,0.3261,0.5686,0.4242,0.253
1945,5001,15,0,0,9,1.1,2023-07-01 10:00:00,45.865643,15.956357,1,6,0,0.413,4,0.336,1,2.76,0.822,0.3192,0.4579,0.4616,0.2371,0.951,0.4065,0.2586
1946,1305,0,1,1,3,1.9,2024-12-08 19:00:00,45.806149,15.974867,0,0,2,0.23,1,0.822,0,3.26,0.8195,0.3462,0.2958,0.4085,0.5649,0.2012,0.3971,0.3408
1947,7502,6,2,0,10,1.5,2023-01-18 20:00:00,45.810605,15.888977,4,3,2,0.187,2,0.406,0,1.65,0.3755,0.9032,0.1572,0.7153,0.3329,0.3692,0.3704,0.4825
1948,2431,18,7,1,10,1.3,2023-11-10 19:00:00,45.737591,15.972857,3,5,2,0.552,6,0.888,1,2.35,0.4037,0.3314,0.5922,0.5429,0.9617,0.2069,0.4386,0.6992
1949,944,27,7,1,6,1.3,2023-10-21 11:00:00,45.812604,15.872776,4,6,0,0.594,4,1.399,1,3.95,0.4862,0.477,0.6129,0.5145,0.8808,0.3012,0.3933,0.6725
1950,6309,30,5,0,3,1.5,2024-09-11 19:00:00,45.811862,15.894921,4,3,2,0.813,2,0.598,0,2.18,0.304,0.4849,0.0337,0.627,0.3385,0.4568,0.4007,0.3328
1951,6115,30,5,1,9,1.5,2023-12-10 18:00:00,45.805628,15.895922,4,0,2,0.363,3,0.792,1,3.44,0.3033,0.4895,0.0967,0.6779,0.3107,0.7534,0.4389,0.2998
1952,5437,1,1,2,5,1.6,2024-07-02 18:00:00,45.789106,16.058665,2,2,2,0.192,1,1.284,0,1.46,0.8638,0.3374,0.3004,0.3098,0.5547,0.2642,0.4905,0.3123
1953,3808,30,5,1,8,2.0,2023-11-30 19:00:00,45.864399,15.950926,1,4,2,0.197,2,1.376,0,3.18,0.3388,0.5624,0.0281,0.6229,0.214,0.5607,0.409,0.335
1954,6350,30,5,0,13,1.5,2023-12-16 11:00:00,45.807374,15.97492,0,6,0,0.58,8,0.114,1,3.24,0.2852,0.5858,0.1742,0.563,0.3052,0.7335,0.3983,0.2813
1955,8234,12,0,3,2,1.0,2024-05-17 20:00:00,45.775675,16.039989,2,5,2,0.083,0,0.286,0,2.76,0.8926,0.2607,0.48,0.4707,0.2927,0.8955,0.3215,0.2873
1956,7688,12,0,3,11,1.4,2023-07-08 10:00:00,45.7849,16.060075,2,6,0,0.531,6,1.02,1,3.13,0.8915,0.3038,0.4684,0.486,0.1555,0.8996,0.3491,0.3294
1957,1652,16,2,1,10,0.8,2023-01-13 09:00:00,45.789945,16.054038,2,5,0,0.461,5,0.598,1,2.85,0.352,0.9267,0.2205,0.6426,0.393,0.3614,0.3111,0.4664
1958,7180,3,2,0,8,1.1,2024-08-25 10:00:00,45.817567,15.978371,0,0,0,0.187,1,1.09,0,2.32,0.4135,0.9283,0.2437,0.6394,0.2968,0.3025,0.2964,0.5693
1959,7228,16,2,1,12,1.2,2024-03-23 10:00:00,45.821307,15.984489,0,6,0,0.279,3,0.567,1,3.69,0.3672,0.8837,0.2008,0.7966,0.2716,0.2636,0.2955,0.5097
1960,1306,1,1,2,14,1.3,2024-08-29 19:00:00,45.743723,15.979503,3,4,2,0.093,1,0.738,0,3.5,0.723,0.27,0.1714,0.3568,0.6452,0.2522,0.5098,0.264
1961,2314,3,2,1,13,1.7,2024-06-04 18:00:00,45.858593,15.947045,1,2,2,0.686,9,0.054,2,2.41,0.3229,0.9928,0.1083,0.689,0.3244,0.2956,0.2538,0.4171
1962,461,1,1,1,5,1.0,2024-08-29 18:00:00,45.802496,16.052215,2,4,2,0.226,1,0.696,0,2.39,0.7987,0.2742,0.2727,0.3371,0.5675,0.2152,0.5309,0.2974
1963,4433,7,0,1,7,1.8,2023-12-13 18:00:00,45.744085,15.984517,3,3,2,0.528,4,0.033,1,2.73,0.9369,0.3086,0.499,0.554,0.2729,0.995,0.4007,0.2919
1964,8348,1,1,1,4,2.1,2024-01-10 10:00:00,45.801695,15.978076,0,3,0,0.38,2,0.456,0,3.85,0.7529,0.2599,0.3486,0.4456,0.6433,0.1554,0.4912,0.337
1965,1843,8,0,0,5,1.7,2024-08-26 10:00:00,45.817506,15.976596,0,1,0,0.062,0,0.298,0,2.99,0.8816,0.2717,0.5172,0.4996,0.1221,0.8576,0.4048,0.3385
1966,8608,2,0,1,25,1.1,2023-01-31 18:00:00,45.794079,15.877117,4,2,2,0.482,12,1.292,2,1.64,0.8754,0.2473,0.4092,0.4396,0.1689,0.8791,0.3308,0.2039
1967,3211,4,6,0,10,1.5,2023-09-15 20:00:00,45.754438,15.981305,3,5,2,0.254,3,0.382,1,2.71,0.7254,0.2514,0.3031,0.6229,0.2617,0.1702,0.8404,0.4955
1968,4773,24,3,0,5,0.5,2024-02-14 10:00:00,45.758359,15.969702,3,3,0,0.317,2,0.788,0,3.39,0.5158,0.4843,0.9255,0.5547,0.805,0.1208,0.4836,0.7652
1969,5730,1,1,0,19,1.0,2024-06-11 11:00:00,45.852593,15.938186,1,2,0,0.335,6,0.94,1,3.38,0.7571,0.3467,0.3258,0.4909,0.6823,0.1822,0.5794,0.2961
1970,2754,15,0,0,14,1.5,2023-03-29 18:00:00,45.801505,15.89739,4,3,2,0.528,7,0.996,1,3.61,0.9493,0.3001,0.5342,0.4464,0.1795,0.9569,0.3606,0.3225
1971,5068,6,2,0,4,1.7,2023-05-13 10:00:00,45.748564,15.970721,3,6,0,0.359,1,1.184,0,1.61,0.431,0.9126,0.2118,0.7016,0.2286,0.3393,0.3224,0.413
1972,8,15,0,0,12,1.1,2023-07-26 10:00:00,45.808479,16.057943,2,3,0,0.479,6,1.279,1,3.5,1.0,0.325,0.5042,0.4491,0.1859,0.8972,0.3966,0.2875
1973,617,9,1,0,10,1.7,2023-08-28 20:00:00,45.792081,15.990854,0,1,2,0.474,5,0.44,1,2.77,0.7271,0.2313,0.264,0.4025,0.562,0.2848,0.5109,0.3229
1974,5276,12,0,0,6,1.7,2024-08-10 19:00:00,45.791925,16.053072,2,6,2,0.245,1,1.22,0,0.84,0.7661,0.2557,0.5359,0.4808,0.2631,0.7894,0.4193,0.1968
1975,4817,27,7,0,5,1.4,2023-06-16 20:00:00,45.855875,15.945279,1,5,2,0.167,1,0.863,0,2.32,0.5724,0.3816,0.5628,0.4703,0.9277,0.3157,0.4435,0.7204
1976,8380,2,0,2,5,1.5,2023-05-19 19:00:00,45.855707,15.969484,1,5,2,0.319,2,1.414,0,2.99,0.8719,0.2598,0.5018,0.5189,0.1861,0.8602,0.4478,0.2803
1977,3535,14,5,2,6,1.2,2024-01-31 10:00:00,45.805713,15.884353,4,3,0,0.672,4,0.702,1,1.29,0.317,0.5516,0.1487,0.5789,0.3112,0.6,0.4034,0.2533
1978,5575,6,2,1,14,1.9,2024-08-03 10:00:00,45.820499,15.886487,4,6,0,0.323,5,0.835,1,1.45,0.3639,0.9641,0.1128,0.7426,0.2228,0.2779,0.2417,0.4744
1979,4977,8,0,2,13,1.4,2023-09-05 19:00:00,45.749463,15.975323,3,2,2,0.215,3,0.604,1,2.92,0.8826,0.1881,0.4647,0.4803,0.1988,0.8392,0.3391,0.23
1980,4784,25,3,0,11,2.6,2024-04-22 09:00:00,45.80525,15.986896,0,1,0,0.629,7,1.129,1,2.47,0.5374,0.4831,0.8622,0.4803,0.8997,0.1409,0.5058,0.7332
1981,2692,1,1,2,8,2.1,2024-10-08 18:00:00,45.790718,16.049387,2,2,2,0.194,2,0.357,0,3.1,0.7718,0.2965,0.3481,0.391,0.5684,0.1553,0.4591,0.3023
1982,8698,24,3,0,5,1.2,2024-12-07 11:00:00,45.786163,16.041431,2,6,0,0.288,1,1.211,0,2.46,0.569,0.4518,0.8539,0.5773,0.8452,0.1852,0.4352,0.8592
1983,5690,25,3,0,3,1.5,2023-12-15 19:00:00,45.811156,15.880722,4,5,2,0.487,1,0.525,0,2.44,0.4157,0.4309,0.836,0.5472,0.7368,0.1321,0.5524,0.7786
1984,3194,13,6,0,8,1.1,2023-11-23 20:00:00,45.811909,15.964684,0,4,2,0.364,3,0.992,1,3.19,0.6576,0.3176,0.2134,0.7551,0.1672,0.1318,0.9146,0.5093
1985,4621,15,0,0,17,1.3,2023-08-06 19:00:00,45.756944,15.968979,3,0,2,0.312,5,1.003,1,2.53,1.0,0.3314,0.4799,0.5584,0.2089,0.8636,0.3332,0.3322
1986,3472,6,2,3,6,0.5,2023-06-24 09:00:00,45.847605,15.957416,1,6,0,0.304,2,0.352,0,1.88,0.3596,0.9229,0.2017,0.7513,0.21,0.3838,0.2853,0.5164
1987,789,14,5,0,14,1.3,2024-10-10 18:00:00,45.832553,15.960389,1,4,2,0.406,6,0.174,1,2.6,0.2437,0.4471,0.0769,0.6429,0.3021,0.5942,0.3624,0.3192
1988,7797,27,7,0,6,1.1,2024-01-05 20:00:00,45.759987,15.97771,3,5,2,0.045,0,1.092,0,2.01,0.4368,0.4331,0.5588,0.5475,0.9225,0.2788,0.4304,0.7478
1989,6670,6,2,2,4,1.0,2023-10-06 11:00:00,45.813429,15.984423,0,5,0,0.086,0,0.156,0,2.13,0.3679,0.8447,0.2263,0.6096,0.2841,0.3271,0.2377,0.4924
1990,2393,29,1,2,6,1.6,2023-08-26 20:00:00,45.853895,15.938494,1,6,2,0.402,2,0.705,0,2.7,0.8266,0.2942,0.3021,0.4906,0.605,0.21,0.4949,0.3156
1991,4771,25,3,0,7,1.2,2023-07-10 11:00:00,45.814927,15.871241,4,1,0,0.321,2,0.688,0,1.88,0.5002,0.5681,0.9747,0.6318,0.8186,0.1989,0.6023,0.7786
1992,380,4,6,2,6,1.0,2023-03-31 19:00:00,45.778315,16.044116,2,5,2,0.436,3,0.709,1,3.17,0.7464,0.3828,0.3628,0.7499,0.1489,0.2416,0.9104,0.4952
1993,1593,30,5,0,7,1.1,2023-01-16 10:00:00,45.820392,15.889991,4,1,0,0.326,2,0.925,0,3.37,0.3167,0.5453,0.1008,0.6052,0.2977,0.5812,0.3923,0.3699
1994,1889,30,5,1,6,0.5,2023-12-29 11:00:00,45.756256,15.978404,3,5,0,0.342,2,0.862,0,1.72,0.3181,0.4809,0.0904,0.6386,0.2832,0.6133,0.443,0.3072
1995,7854,1,1,1,3,1.4,2023-01-27 11:00:00,45.822449,15.885911,4,5,0,0.34,1,0.921,0,2.46,0.8112,0.3869,0.2635,0.3885,0.5916,0.281,0.5155,0.2847
1996,8752,2,0,0,5,1.4,2023-02-09 10:00:00,45.807482,15.886046,4,4,0,0.605,3,0.663,1,2.73,0.9231,0.3337,0.4216,0.3937,0.2661,0.8981,0.439,0.3317
1997,7803,3,2,0,2,1.6,2024-09-26 09:00:00,45.811392,15.973084,0,4,0,0.266,1,1.065,0,2.92,0.4821,0.9202,0.1887,0.5409,0.3209,0.334,0.2956,0.4662
1998,4009,2,0,0,10,1.0,2023-05-16 11:00:00,45.790996,16.044241,2,2,0,0.237,2,1.156,0,2.97,0.8404,0.3168,0.5009,0.5519,0.0951,0.9747,0.3698,0.3407
1999,5546,8,0,0,26,2.0,2023-05-21 18:00:00,45.852345,15.948744,1,0,2,0.237,6,0.709,1,3.41,0.9085,0.2846,0.4468,0.5631,0.254,0.8825,0.3847,0.2444
2000,2236,13,6,3,8,0.5,2023-10-13 20:00:00,45.793755,16.029201,2,5,2,0.17,1,1.356,0,1.61,0.7248,0.2555,0.2249,0.7927,0.2306,0.1268,0.9613,0.5114
2001,3860,0,1,1,2,2.0,2024-09-12 20:00:00,45.860911,15.938291,1,4,2,0.429,1,0.683,0,2.91,0.7909,0.2915,0.3002,0.3203,0.6367,0.1916,0.4456,0.2829
2002,3183,5,5,2,17,0.6,2024-11-22 09:00:00,45.736273,15.971508,3,5,0,0.761,13,0.796,2,2.78,0.3061,0.4395,0.0712,0.6275,0.3006,0.7182,0.3322,0.3514
2003,8948,18,7,2,13,1.6,2024-12-19 09:00:00,45.787815,16.050373,2,4,0,0.609,8,1.153,1,2.29,0.3886,0.3756,0.5892,0.3675,0.8904,0.29,0.5013,0.6641
2004,1998,19,4,2,3,2.8,2023-02-10 09:00:00,45.850711,15.941297,1,5,0,0.497,1,0.885,0,3.02,0.8447,0.5599,0.6849,0.8339,0.1601,0.395,0.7047,0.4086
2005,7201,4,6,3,5,0.9,2024-04-01 18:00:00,45.809131,15.969432,0,1,2,0.221,1,1.365,0,3.08,0.8124,0.2694,0.2809,0.7226,0.0615,0.2395,0.957,0.5164
2006,7791,25,3,1,10,1.6,2023-04-09 20:00:00,45.811898,15.973347,0,0,2,0.417,4,1.276,1,3.28,0.4792,0.5301,0.9486,0.6347,0.7407,0.2312,0.4738,0.7759
2007,4989,8,0,2,6,0.9,2024-02-25 18:00:00,45.813934,15.880188,4,0,2,0.73,4,0.97,1,3.07,0.9387,0.2613,0.5209,0.5463,0.1729,0.9259,0.402,0.3472
2008,2238,15,0,2,2,1.1,2024-03-27 11:00:00,45.858921,15.958325,1,3,0,0.346,1,0.741,0,3.56,0.8914,0.2796,0.5134,0.4901,0.2229,0.9215,0.3793,0.4081
2009,8049,27,7,1,6,1.7,2023-12-24 20:00:00,45.753359,15.972388,3,0,2,0.555,3,0.556,1,2.75,0.4492,0.3597,0.6221,0.5161,0.874,0.3724,0.4115,0.7322
2010,4848,0,1,1,4,1.3,2024-08-03 18:00:00,45.826252,15.95932,0,6,2,0.457,2,1.443,0,3.25,0.7248,0.3571,0.2562,0.3077,0.6487,0.215,0.4795,0.3794
2011,2897,6,2,0,9,1.6,2024-09-04 19:00:00,45.803049,15.883781,4,3,2,0.518,5,0.448,1,2.02,0.3843,0.9443,0.1312,0.749,0.2662,0.3106,0.3049,0.5367
2012,6276,19,4,0,11,1.7,2024-08-23 10:00:00,45.818921,16.041147,2,5,0,0.234,3,0.887,1,2.92,0.7533,0.6054,0.7815,0.9302,0.1357,0.3442,0.8032,0.4036
2013,3287,29,1,2,6,1.5,2024-02-09 11:00:00,45.849167,15.9499,1,5,0,0.777,5,1.135,1,2.63,0.7853,0.3883,0.257,0.4102,0.6069,0.1922,0.4898,0.2414
2014,2114,5,5,1,12,2.2,2024-10-30 19:00:00,45.799116,15.899827,4,3,2,0.09,1,0.466,0,1.96,0.4045,0.4284,0.1403,0.6194,0.2629,0.6853,0.3278,0.2356
2015,7588,11,3,0,13,1.3,2023-08-20 09:00:00,45.786618,16.054072,2,0,0,0.464,6,0.82,1,2.18,0.5773,0.518,0.9706,0.6717,0.7205,0.2932,0.5527,0.8095
2016,8163,5,5,1,5,1.2,2024-11-29 18:00:00,45.805165,15.898705,4,5,2,0.868,4,1.034,1,3.36,0.334,0.5139,0.0,0.5641,0.2758,0.6003,0.4465,0.284
2017,534,15,0,1,11,1.7,2023-12-06 19:00:00,45.75346,15.965736,3,3,2,0.035,0,0.457,0,2.35,0.8088,0.3138,0.5302,0.4365,0.1993,0.8543,0.4048,0.2361
2018,1556,9,1,3,12,1.2,2024-03-19 11:00:00,45.791914,16.044624,2,2,0,0.174,2,0.796,0,2.07,0.8305,0.2884,0.2654,0.4392,0.5427,0.2298,0.4502,0.224
2019,4715,0,1,2,15,1.9,2024-05-10 20:00:00,45.8143,15.978114,0,5,2,0.509,8,1.121,1,3.16,0.7527,0.2579,0.3369,0.3986,0.4991,0.2735,0.5087,0.3434
2020,969,30,5,1,11,1.8,2023-04-03 19:00:00,45.814023,15.961772,0,1,2,0.535,6,1.221,1,2.75,0.1648,0.5269,0.1299,0.6179,0.2751,0.5671,0.3691,0.2787
2021,7613,2,0,0,3,2.0,2023-05-26 09:00:00,45.832883,15.88456,4,5,0,0.604,2,0.79,0,3.85,0.9596,0.3432,0.4988,0.5217,0.2054,0.8994,0.3766,0.3359
2022,2818,16,2,1,5,1.3,2024-11-20 20:00:00,45.855879,15.949923,1,3,2,0.61,3,1.128,1,3.0,0.4543,0.8283,0.2335,0.7584,0.3789,0.2701,0.3001,0.4868
2023,3956,17,0,1,4,1.3,2024-05-15 19:00:00,45.750016,15.979157,3,3,2,0.23,1,1.238,0,3.67,0.8929,0.2943,0.5365,0.5575,0.2219,0.8662,0.4307,0.3063
2024,1038,2,0,0,13,1.4,2024-07-13 11:00:00,45.812314,16.053931,2,6,0,0.027,0,0.406,0,2.84,0.8765,0.328,0.4503,0.5439,0.2139,0.8471,0.4119,0.2509
2025,1719,30,5,2,4,1.7,2024-09-20 18:00:00,45.810604,15.882101,4,5,2,0.355,1,0.579,0,2.39,0.3314,0.5013,0.0,0.5847,0.3,0.6092,0.4702,0.3732
2026,7741,14,5,2,14,2.2,2024-06-05 10:00:00,45.810023,15.977289,0,3,0,0.555,8,0.51,1,1.72,0.1939,0.4873,0.1124,0.6489,0.3043,0.545,0.4283,0.186
2027,1678,29,1,2,23,1.8,2023-08-17 10:00:00,45.797411,16.032,2,4,0,0.685,16,0.791,2,1.79,0.8097,0.2586,0.3827,0.4374,0.5198,0.1816,0.499,0.3564
2028,7153,1,1,1,11,2.2,2023-11-19 09:00:00,45.847728,15.950282,1,0,0,0.309,3,1.145,1,1.66,0.7743,0.33,0.3189,0.4093,0.5821,0.2697,0.5022,0.3545
2029,3477,14,5,1,10,1.3,2024-10-06 19:00:00,45.857461,15.942245,1,0,2,0.59,6,1.187,1,3.18,0.2909,0.5826,0.1725,0.4965,0.2982,0.5605,0.4008,0.2911
2030,5841,29,1,0,10,1.8,2024-06-14 20:00:00,45.810941,15.976996,0,5,2,0.528,5,0.661,1,2.33,0.8781,0.2769,0.1959,0.3814,0.5312,0.2455,0.5687,0.2934
2031,8869,9,1,0,8,1.5,2024-04-24 20:00:00,45.779417,16.043105,2,3,2,0.319,3,1.085,1,2.54,0.7759,0.305,0.3473,0.3514,0.6514,0.2251,0.4106,0.3168
2032,5629,2,0,2,10,0.9,2024-04-15 10:00:00,45.855208,15.945151,1,1,0,0.12,1,1.072,0,3.02,0.976,0.3068,0.5059,0.5246,0.1398,1.0,0.3839,0.2909
2033,5937,6,2,0,5,1.5,2024-03-01 18:00:00,45.746784,15.981522,3,5,2,0.37,2,0.819,0,3.28,0.3904,0.8776,0.1264,0.6656,0.2787,0.2642,0.2965,0.4706
2034,8313,25,3,1,8,1.7,2023-10-27 20:00:00,45.792642,16.048448,2,5,2,0.244,2,0.869,0,3.05,0.4882,0.5003,0.9959,0.6538,0.7923,0.1382,0.5304,0.8247
2035,4612,17,0,1,5,1.1,2023-09-25 10:00:00,45.822318,15.977269,0,1,0,0.327,2,0.789,0,3.12,0.9543,0.2189,0.4155,0.4919,0.0872,1.0,0.4731,0.3442
2036,1820,0,1,0,9,1.7,2024-09-25 09:00:00,45.812775,16.039175,2,3,0,0.014,0,0.213,0,1.94,0.8081,0.2881,0.3208,0.4321,0.6303,0.1759,0.5645,0.1966
2037,5802,20,5,0,10,0.9,2024-04-09 10:00:00,45.802542,15.874516,4,2,0,0.378,4,1.162,1,2.38,0.2622,0.4959,0.118,0.5344,0.3235,0.5138,0.4009,0.2088
2038,7459,19,4,0,3,0.9,2024-05-15 11:00:00,45.767281,15.982709,3,3,0,0.413,1,0.302,0,2.42,0.7823,0.5956,0.696,0.9101,0.266,0.3826,0.8071,0.3521
2039,3539,25,3,1,4,2.1,2023-04-27 11:00:00,45.787478,16.048125,2,4,0,0.708,3,1.324,1,2.88,0.5369,0.5271,0.9079,0.5826,0.7901,0.1862,0.4636,0.8311
2040,6154,8,0,1,4,0.6,2023-03-09 09:00:00,45.740965,15.96766,3,4,0,0.199,1,0.177,0,2.56,0.8461,0.3493,0.4807,0.4091,0.2808,0.9231,0.432,0.2249
2041,2641,26,7,0,7,1.7,2023-01-09 19:00:00,45.789912,16.052827,2,1,2,0.415,3,1.137,1,0.45,0.4739,0.302,0.6219,0.452,0.9302,0.2824,0.392,0.7265
2042,2982,29,1,0,5,0.9,2024-10-22 10:00:00,45.856474,15.944628,1,2,0,0.408,2,0.108,0,3.62,0.7269,0.3071,0.3028,0.4488,0.5763,0.2237,0.5268,0.2571
2043,7164,10,4,1,17,2.2,2023-08-17 09:00:00,45.849866,15.934037,1,4,0,0.463,8,0.133,1,2.41,0.7973,0.6463,0.6905,0.9481,0.1478,0.4437,0.9463,0.4302
2044,6746,27,7,0,2,1.1,2024-03-30 10:00:00,45.782939,16.046046,2,6,0,0.057,0,0.773,0,3.0,0.4529,0.398,0.5464,0.4653,0.8889,0.4072,0.5151,0.5615
2045,2969,1,1,1,5,1.4,2023-06-22 18:00:00,45.746237,15.980941,3,4,2,0.637,3,0.889,1,3.23,0.7472,0.2085,0.2462,0.4286,0.6018,0.2506,0.5787,0.3298
2046,1215,29,1,0,4,1.6,2023-11-15 09:00:00,45.756967,15.98369,3,3,0,0.247,1,0.776,0,2.5,0.7962,0.2473,0.2684,0.3342,0.7041,0.1723,0.5262,0.2144
2047,4343,6,2,0,33,1.3,2023-04-09 10:00:00,45.791007,16.038363,2,0,0,0.15,5,0.497,1,2.99,0.4585,0.8569,0.2842,0.6474,0.3411,0.255,0.3202,0.5094
2048,4466,28,0,0,12,1.4,2024-09-14 10:00:00,45.764667,15.974345,3,6,0,0.178,2,0.53,0,2.16,0.97,0.3308,0.6031,0.4403,0.2341,0.9636,0.3145,0.3422
2049,362,9,1,0,33,1.3,2024-03-02 19:00:00,45.80546,15.970553,0,6,2,0.321,11,0.977,2,3.18,0.7682,0.245,0.2771,0.4284,0.5189,0.1516,0.4045,0.3276
2050,7425,1,1,2,6,1.5,2023-07-08 20:00:00,45.804479,15.900602,4,6,2,0.544,3,0.964,1,2.91,0.7961,0.3362,0.3217,0.3851,0.6171,0.1889,0.5169,0.3003
2051,4895,8,0,2,11,1.2,2024-07-29 18:00:00,45.807302,15.877878,4,1,2,0.363,4,1.227,1,3.16,0.8882,0.3072,0.5446,0.5351,0.2475,0.8168,0.479,0.3182
2052,2308,3,2,0,5,1.3,2023-02-04 19:00:00,45.816459,15.975006,0,6,2,0.322,2,1.328,0,2.73,0.3315,0.8858,0.2391,0.6154,0.361,0.3412,0.3175,0.6081
2053,393,3,2,3,4,2.3,2023-09-21 18:00:00,45.829877,15.960325,1,4,2,0.329,1,0.988,0,2.78,0.4533,0.8558,0.167,0.7001,0.301,0.3227,0.2925,0.4272
2054,5905,4,6,0,4,1.5,2024-08-04 18:00:00,45.854193,15.957961,1,0,2,0.525,2,1.363,0,3.66,0.6742,0.29,0.2755,0.7682,0.0629,0.2072,0.8712,0.6233
2055,1524,30,5,1,6,1.7,2023-03-29 19:00:00,45.782285,16.052124,2,3,2,0.212,1,0.825,0,1.68,0.3108,0.607,0.0305,0.6548,0.271,0.5773,0.4389,0.2865
2056,36,17,0,2,7,1.8,2024-07-13 11:00:00,45.812761,15.972616,0,6,0,0.212,1,0.418,0,1.66,0.9136,0.273,0.5363,0.5142,0.2114,0.9607,0.2571,0.2562
2057,2588,8,0,0,8,1.4,2024-08-06 20:00:00,45.754666,15.98601,3,2,2,0.368,3,0.42,1,3.83,0.9462,0.2047,0.421,0.5239,0.1147,0.903,0.3713,0.3154
2058,1940,5,5,2,28,1.3,2024-04-10 11:00:00,45.858559,15.94848,1,3,0,0.583,16,0.481,2,2.75,0.3005,0.4991,0.126,0.6534,0.3745,0.6632,0.4311,0.3549
2059,4363,27,7,1,12,1.4,2023-05-01 19:00:00,45.799566,16.05511,2,1,2,0.163,2,0.299,0,3.25,0.5571,0.4048,0.5637,0.5733,0.9853,0.3248,0.4602,0.7668
2060,83,16,2,1,22,1.2,2023-09-30 19:00:00,45.801555,15.914232,4,6,2,0.334,7,0.452,1,2.52,0.4368,0.8984,0.2436,0.7145,0.3498,0.3751,0.352,0.5203
2061,4983,30,5,0,6,1.4,2023-01-18 09:00:00,45.847799,15.949354,1,3,0,0.53,3,0.475,1,1.57,0.3523,0.5912,0.0739,0.5736,0.2763,0.6401,0.4224,0.2806
2062,5729,15,0,2,8,1.7,2023-06-19 18:00:00,45.84581,15.945888,1,1,2,0.716,6,0.996,1,2.66,0.8869,0.2861,0.5079,0.4168,0.2112,0.9761,0.3316,0.3047
2063,2837,16,2,0,8,1.0,2024-05-23 19:00:00,45.812072,15.972397,0,4,2,0.135,1,0.074,0,2.42,0.4596,0.8898,0.3185,0.7355,0.2849,0.3649,0.2259,0.5343
2064,8492,4,6,2,15,1.3,2023-01-31 18:00:00,45.810592,15.981784,0,2,2,0.624,9,0.319,2,2.78,0.7006,0.2869,0.2779,0.7293,0.1449,0.2428,0.9296,0.4635
2065,8111,1,1,0,10,0.5,2024-12-15 10:00:00,45.837135,15.951844,1,0,0,0.637,6,1.351,1,2.88,0.8544,0.2994,0.3569,0.3766,0.5875,0.1969,0.4843,0.3891
2066,1410,25,3,2,5,1.4,2024-03-16 09:00:00,45.821812,15.88748,4,6,0,0.535,3,0.86,1,0.89,0.5576,0.5346,0.91,0.6859,0.796,0.2009,0.5849,0.8307
2067,5857,3,2,0,7,1.3,2024-06-07 20:00:00,45.753296,15.974027,3,5,2,0.485,3,0.403,1,3.21,0.3346,0.8794,0.2309,0.7863,0.201,0.3832,0.2516,0.5287
2068,4473,1,1,1,50,0.9,2024-04-07 20:00:00,45.854633,15.948238,1,0,2,0.423,21,1.033,2,3.09,0.8196,0.2728,0.3669,0.4474,0.6421,0.1468,0.5092,0.2728
2069,1810,1,1,0,5,1.6,2024-07-31 18:00:00,45.810251,15.965328,0,3,2,0.433,2,0.247,0,2.72,0.8126,0.3041,0.2683,0.4556,0.615,0.2002,0.4181,0.2255
2070,8507,2,0,2,3,0.8,2024-11-26 09:00:00,45.806283,15.990313,0,2,0,0.293,1,1.123,0,2.6,0.8635,0.2901,0.5573,0.5103,0.2173,0.9271,0.4154,0.1999
2071,5554,15,0,0,16,1.5,2023-10-30 10:00:00,45.749051,15.96213,3,1,0,0.741,12,0.108,2,2.69,0.8942,0.306,0.484,0.5484,0.2814,0.9027,0.295,0.2543
2072,4081,15,0,2,4,1.8,2023-04-21 19:00:00,45.79984,16.062822,2,5,2,0.414,2,1.406,0,3.15,0.9012,0.3399,0.4716,0.5331,0.2144,0.9332,0.3914,0.2905
2073,540,10,4,1,8,1.3,2023-01-27 18:00:00,45.736227,15.964317,3,5,2,0.681,5,0.608,1,2.35,0.9167,0.5725,0.678,0.9763,0.2193,0.4157,0.8887,0.4141
2074,6996,15,0,1,7,1.6,2024-08-26 09:00:00,45.803174,16.053696,2,1,0,0.177,1,1.266,0,3.0,0.9023,0.3456,0.4667,0.4405,0.2132,0.9662,0.4696,0.3103
2075,7885,4,6,1,7,1.0,2024-03-13 18:00:00,45.750496,15.987267,3,3,2,0.313,2,1.082,0,3.08,0.7256,0.359,0.2983,0.6771,0.1986,0.2151,0.8006,0.5147
2076,2432,5,5,0,21,2.3,2024-08-27 09:00:00,45.824028,15.981341,0,2,0,0.321,7,1.058,1,2.2,0.2725,0.5291,0.1571,0.6163,0.2488,0.6062,0.3393,0.2309
2077,256,8,0,1,6,1.1,2024-05-11 19:00:00,45.750606,15.96652,3,6,2,0.674,4,1.155,1,1.99,0.9371,0.3292,0.5319,0.4843,0.1539,0.872,0.4012,0.3609
2078,3743,13,6,0,8,1.6,2024-08-07 19:00:00,45.853377,15.959521,1,3,2,0.341,3,1.106,1,2.3,0.7631,0.2774,0.3038,0.7791,0.184,0.2326,0.8556,0.4743
2079,1298,1,1,3,20,1.3,2024-03-13 18:00:00,45.804161,15.89381,4,3,2,0.266,5,1.446,1,2.95,0.7734,0.363,0.3365,0.4721,0.5977,0.1926,0.4748,0.2724
2080,8150,20,5,1,3,1.5,2023-06-25 18:00:00,45.796844,16.047233,2,0,2,0.55,2,1.071,0,3.31,0.3095,0.4818,0.0592,0.6212,0.3503,0.5832,0.4005,0.3482
2081,296,2,0,1,4,2.1,2024-03-14 20:00:00,45.753418,15.969195,3,4,2,0.23,1,0.082,0,2.03,0.9644,0.3553,0.5267,0.5043,0.2401,0.9374,0.4353,0.3611
2082,155,4,6,1,16,1.9,2024-05-31 19:00:00,45.814281,15.981953,0,5,2,0.053,1,1.107,0,2.09,0.6727,0.3405,0.3279,0.6444,0.1923,0.2215,0.9047,0.4836
2083,6646,30,5,0,19,1.3,2023-07-14 19:00:00,45.809534,15.879744,4,5,2,0.228,4,0.076,1,2.22,0.3009,0.5512,0.1246,0.584,0.4169,0.4786,0.3636,0.3535
2084,7003,1,1,2,10,1.1,2024-10-25 10:00:00,45.817896,15.974296,0,5,0,0.264,3,0.47,1,2.57,0.7451,0.3476,0.3186,0.3564,0.6248,0.1451,0.6173,0.3322
2085,1742,9,1,0,7,1.4,2023-12-29 18:00:00,45.837409,15.944811,1,5,2,0.588,4,0.644,1,2.84,0.8203,0.3732,0.3492,0.3629,0.5782,0.2508,0.4615,0.3605
2086,8891,1,1,1,5,0.8,2023-12-31 09:00:00,45.754861,15.972778,3,0,0,0.367,2,0.927,0,3.02,0.7479,0.3478,0.2051,0.2935,0.542,0.1426,0.5213,0.3868
2087,4166,10,4,1,5,1.5,2023-09-27 18:00:00,45.787844,16.054625,2,3,2,0.373,2,0.882,0,3.5,0.8088,0.5391,0.7378,0.9442,0.1976,0.4477,0.8922,0.4122
2088,8684,25,3,1,5,2.2,2024-11-18 18:00:00,45.747642,15.966655,3,1,2,0.118,1,1.108,0,3.49,0.5453,0.5198,0.8703,0.6965,0.7758,0.175,0.461,0.8284
2089,5547,0,1,1,22,1.8,2023-02-11 20:00:00,45.84734,15.952407,1,6,2,0.195,4,1.291,1,3.62,0.848,0.2875,0.2472,0.3805,0.5699,0.2911,0.4465,0.2655
2090,901,15,0,0,8,1.9,2024-09-15 20:00:00,45.851503,15.950736,1,0,2,0.208,2,0.877,0,3.56,0.8141,0.2935,0.5363,0.4461,0.1194,0.8831,0.3197,0.3839
2091,2884,30,5,0,6,1.2,2024-06-05 19:00:00,45.806201,15.995288,0,3,2,0.724,4,0.61,1,2.89,0.3269,0.4755,0.0672,0.5734,0.3577,0.5674,0.3651,0.2395
2092,8155,2,0,0,4,1.4,2023-04-14 11:00:00,45.804794,16.031146,2,5,0,0.438,2,1.25,0,1.87,0.8581,0.3026,0.5383,0.4836,0.1835,0.9301,0.3373,0.3585
2093,3492,3,2,2,10,1.4,2024-08-24 18:00:00,45.82604,15.892115,4,6,2,0.624,6,0.666,1,2.29,0.3482,0.8839,0.1286,0.725,0.3498,0.2712,0.3327,0.4532
2094,3157,0,1,1,7,1.4,2024-09-19 18:00:00,45.759136,15.969337,3,4,2,0.414,3,0.45,1,3.39,0.7179,0.2392,0.2354,0.4108,0.6055,0.1355,0.4673,0.283
2095,3684,2,0,0,8,2.5,2023-08-04 11:00:00,45.853181,15.938736,1,5,0,0.566,5,1.228,1,3.13,0.9083,0.3742,0.4702,0.4946,0.2761,0.8919,0.3038,0.313
2096,321,30,5,2,6,0.5,2024-02-01 19:00:00,45.81743,15.894954,4,4,2,0.614,4,0.966,1,3.81,0.2419,0.5597,0.0825,0.6185,0.2454,0.6592,0.3472,0.2651
2097,6113,22,7,1,9,1.7,2023-03-22 20:00:00,45.823646,15.97772,0,3,2,0.369,3,0.047,1,3.94,0.4444,0.35,0.6116,0.54,0.803,0.2533,0.3481,0.8766
2098,387,11,3,1,20,1.0,2024-02-26 20:00:00,45.773151,16.047209,2,1,2,0.18,4,0.543,1,2.43,0.5607,0.4581,1.0,0.6253,0.7639,0.222,0.5331,0.7907
2099,109,25,3,1,24,0.8,2024-12-23 18:00:00,45.803601,15.989808,0,1,2,0.366,9,0.185,2,1.24,0.5231,0.5252,0.8295,0.5528,0.7682,0.181,0.4238,0.7899
2100,5174,3,2,0,8,1.7,2023-03-05 18:00:00,45.742466,15.969651,3,0,2,0.596,5,1.207,1,1.4,0.3938,0.9206,0.2373,0.6675,0.2509,0.273,0.3453,0.508
2101,6040,1,1,0,20,1.6,2023-03-12 09:00:00,45.762091,15.967393,3,0,0,0.392,8,1.139,1,2.81,0.8407,0.3044,0.2994,0.3926,0.6724,0.2091,0.4104,0.3283
2102,4230,19,4,2,4,2.0,2024-05-15 18:00:00,45.758256,15.990025,3,3,2,0.089,0,0.8,0,2.19,0.8184,0.5638,0.8652,0.8703,0.1909,0.3865,0.8935,0.4036
2103,1619,4,6,1,7,1.2,2023-03-20 10:00:00,45.740559,15.975936,3,1,0,0.555,4,0.336,1,3.23,0.7342,0.3123,0.3546,0.6878,0.1921,0.1764,0.871,0.5148
2104,2518,24,3,2,6,1.6,2023-12-17 09:00:00,45.816238,15.879539,4,0,0,0.748,4,0.259,1,2.72,0.5047,0.4977,0.875,0.6214,0.7256,0.1809,0.4944,0.7531
2105,5837,30,5,0,3,0.7,2024-10-16 20:00:00,45.795448,16.053512,2,3,2,0.402,1,0.593,0,2.2,0.2606,0.5267,0.1147,0.5743,0.2198,0.5851,0.4478,0.3071
2106,6690,1,1,1,5,1.6,2024-01-16 11:00:00,45.843123,15.955017,1,2,0,0.146,1,0.65,0,2.94,0.6671,0.3554,0.3079,0.3573,0.5669,0.138,0.5466,0.3085
2107,4673,24,3,1,6,1.5,2024-01-10 20:00:00,45.791132,16.052745,2,3,2,0.114,1,0.915,0,3.69,0.4731,0.4581,0.9467,0.5446,0.8524,0.1515,0.5006,0.8082
2108,804,10,4,0,12,2.1,2024-03-18 20:00:00,45.82169,15.993552,0,1,2,0.122,1,1.078,0,2.42,0.8023,0.5996,0.6867,1.0,0.1832,0.3131,0.8617,0.4447
2109,8808,0,1,0,9,1.4,2024-06-06 18:00:00,45.740331,15.982852,3,4,2,0.321,3,0.325,1,3.82,0.846,0.2773,0.2844,0.4085,0.5889,0.2047,0.5369,0.3529
2110,7712,2,0,1,6,2.0,2024-02-16 09:00:00,45.790144,16.059576,2,5,0,0.179,1,1.364,0,1.74,0.9906,0.2889,0.4911,0.619,0.3116,0.9867,0.4032,0.2788
2111,1127,0,1,1,18,2.2,2023-06-22 18:00:00,45.772697,15.969629,3,4,2,0.847,15,1.005,2,1.75,0.8098,0.2566,0.4116,0.457,0.516,0.2343,0.5738,0.4042
2112,6750,5,5,1,4,2.2,2023-12-21 18:00:00,45.81891,15.901291,4,4,2,0.301,1,0.74,0,3.62,0.2555,0.4749,0.0759,0.612,0.3399,0.5328,0.4315,0.2905
2113,7401,1,1,2,8,1.2,2024-12-29 10:00:00,45.823677,15.986469,0,0,0,0.404,3,0.997,1,2.83,0.7632,0.3749,0.3505,0.4836,0.598,0.1405,0.4971,0.2148
2114,1950,9,1,1,13,1.4,2023-04-06 20:00:00,45.798446,15.971553,0,4,2,0.528,7,1.374,1,2.58,0.8061,0.2932,0.3428,0.4376,0.5013,0.241,0.5032,0.2992
2115,976,2,0,1,8,1.7,2024-09-12 18:00:00,45.82505,15.951451,0,4,2,0.536,4,0.064,1,3.47,0.9298,0.3056,0.526,0.4176,0.2573,0.9845,0.4309,0.2789
2116,2440,6,2,0,3,1.1,2024-07-01 20:00:00,45.740672,15.977377,3,1,2,0.397,1,1.1,0,2.97,0.3989,0.9463,0.121,0.7299,0.3762,0.3425,0.2978,0.4648
2117,8528,13,6,0,13,2.1,2024-02-22 18:00:00,45.753347,15.96589,3,4,2,0.568,7,0.533,1,2.12,0.7017,0.2393,0.3319,0.7612,0.1748,0.1896,0.8943,0.4552
2118,2130,1,1,0,6,0.6,2024-06-29 18:00:00,45.79521,16.050212,2,6,2,0.358,2,1.112,0,2.57,0.8657,0.2663,0.3652,0.448,0.6318,0.2627,0.3441,0.3385
2119,7242,24,3,2,5,1.1,2023-02-06 19:00:00,45.857533,15.952694,1,1,2,0.391,2,0.659,0,2.62,0.5166,0.479,0.9129,0.5827,0.8542,0.113,0.5852,0.6969
2120,923,1,1,0,7,0.5,2024-04-12 19:00:00,45.743889,15.97369,3,5,2,0.511,4,0.439,1,2.02,0.8229,0.4032,0.2019,0.3228,0.5298,0.2091,0.4807,0.2387
2121,192,4,6,1,7,1.4,2024-03-06 09:00:00,45.808543,15.896533,4,3,0,0.084,1,0.549,0,1.89,0.7264,0.3032,0.3131,0.7064,0.1842,0.1952,0.8872,0.4171
2122,6374,12,0,0,11,1.2,2023-08-06 20:00:00,45.751305,15.984624,3,0,2,0.077,1,0.545,0,2.8,0.9222,0.2616,0.5027,0.5576,0.0505,0.9964,0.4362,0.2567
2123,4849,10,4,0,17,0.5,2023-02-03 19:00:00,45.847974,15.946595,1,5,2,0.654,11,1.198,2,3.04,0.8624,0.5564,0.7096,0.9229,0.2084,0.4269,0.8617,0.4635
2124,5301,4,6,2,5,2.9,2024-07-04 18:00:00,45.800191,16.057606,2,4,2,0.692,3,1.057,1,1.88,0.6601,0.303,0.3102,0.7347,0.142,0.2211,0.9069,0.4332
2125,1141,13,6,0,10,2.2,2024-05-12 20:00:00,45.790795,16.033266,2,0,2,0.421,4,0.773,1,3.34,0.6831,0.3334,0.341,0.7048,0.2816,0.2562,0.8721,0.5386
2126,8329,2,0,0,3,2.6,2023-09-19 20:00:00,45.860628,15.946241,1,2,2,0.334,1,0.829,0,3.5,0.9029,0.3263,0.4825,0.5657,0.2346,0.94,0.4078,0.2291
2127,6197,13,6,0,3,1.3,2023-12-11 18:00:00,45.734493,15.966391,3,1,2,0.314,1,0.535,0,3.7,0.7398,0.2377,0.2072,0.7556,0.1564,0.1473,0.8525,0.5755
2128,7513,29,1,1,11,1.2,2023-10-17 09:00:00,45.816564,15.888121,4,2,0,0.033,0,1.255,0,3.58,0.756,0.2933,0.3266,0.3719,0.5882,0.2088,0.5289,0.3507
2129,2263,9,1,2,4,1.8,2023-12-12 19:00:00,45.854127,15.94573,1,2,2,0.319,1,0.165,0,3.04,0.7738,0.3598,0.3155,0.427,0.6722,0.1517,0.4572,0.3238
2130,7308,10,4,1,3,1.0,2024-03-30 18:00:00,45.800306,15.889679,4,6,2,0.415,1,0.54,0,2.75,0.8406,0.6418,0.7362,0.853,0.1237,0.3132,0.9121,0.4011
2131,4403,1,1,2,6,1.2,2023-05-21 10:00:00,45.801849,16.057202,2,0,0,0.087,1,0.595,0,3.06,0.7472,0.2247,0.2824,0.4311,0.6159,0.1987,0.515,0.2977
2132,4988,13,6,1,20,1.6,2024-10-19 20:00:00,45.796319,16.043219,2,6,2,0.47,9,0.55,2,3.28,0.6623,0.3771,0.3082,0.6793,0.1431,0.2981,0.9915,0.444
2133,8433,4,6,2,5,1.8,2024-01-23 11:00:00,45.862308,15.953549,1,2,0,0.538,3,0.493,1,2.94,0.661,0.2054,0.3502,0.7834,0.2424,0.2318,0.9106,0.5167
2134,2191,24,3,1,4,0.5,2023-03-08 20:00:00,45.871864,15.950976,1,3,2,0.686,3,0.419,1,3.52,0.4463,0.5546,0.9041,0.6059,0.8044,0.2954,0.4082,0.8387
2135,8092,25,3,2,9,1.8,2024-07-30 19:00:00,45.787122,16.043713,2,2,2,0.702,6,0.926,1,1.93,0.4727,0.5444,0.9242,0.5327,0.9067,0.2719,0.501,0.837
2136,5574,2,0,2,2,2.1,2023-04-23 11:00:00,45.857191,15.935996,1,0,0,0.298,1,0.783,0,1.99,0.9232,0.2745,0.5431,0.4902,0.1164,0.8728,0.3725,0.2879
2137,3939,29,1,2,13,1.1,2024-03-26 10:00:00,45.785289,16.040968,2,2,0,0.377,5,0.857,1,2.37,0.827,0.3395,0.3187,0.4263,0.564,0.2123,0.5381,0.2343
2138,1213,14,5,0,5,0.9,2024-03-19 19:00:00,45.752236,15.972941,3,2,2,0.72,4,0.575,1,3.25,0.2856,0.4983,0.0829,0.5965,0.2348,0.6994,0.366,0.2403
2139,2266,14,5,0,6,1.5,2023-08-09 19:00:00,45.816837,15.874822,4,3,2,0.324,2,0.567,0,2.62,0.3049,0.5975,0.199,0.6261,0.3711,0.6267,0.3676,0.2772
2140,3270,0,1,1,9,1.4,2023-03-27 10:00:00,45.865596,15.943463,1,1,0,0.701,6,0.616,1,2.98,0.7255,0.3542,0.2677,0.3338,0.5795,0.1745,0.4472,0.2501
2141,4679,14,5,0,11,1.3,2024-03-01 18:00:00,45.787941,16.050545,2,5,2,0.076,1,1.333,0,3.09,0.3749,0.6116,0.1596,0.6263,0.2933,0.6065,0.4233,0.215
2142,2869,1,1,1,11,1.8,2024-02-07 10:00:00,45.849403,15.953087,1,3,0,0.465,5,0.942,1,2.64,0.8275,0.3046,0.2567,0.3712,0.6211,0.2256,0.5673,0.3545
2143,2905,8,0,0,5,1.6,2024-11-29 11:00:00,45.847115,15.941783,1,5,0,0.609,3,1.3,1,3.7,0.8878,0.2822,0.4898,0.4458,0.1796,0.8328,0.3702,0.2686
2144,4354,2,0,0,8,1.7,2024-05-23 20:00:00,45.759119,15.962951,3,4,2,0.41,3,0.492,1,2.85,0.9297,0.2597,0.4794,0.4236,0.2243,0.9461,0.4083,0.3352
2145,7199,20,5,2,23,1.9,2023-07-16 10:00:00,45.812649,15.966161,0,0,0,0.423,10,0.981,2,2.16,0.2051,0.4652,0.0617,0.5857,0.3633,0.5687,0.3578,0.1926
2146,5215,5,5,3,7,1.6,2024-02-21 10:00:00,45.759602,15.974375,3,3,0,0.58,4,1.234,1,2.74,0.3201,0.6039,0.0644,0.6495,0.2961,0.5817,0.3675,0.3778
2147,3659,29,1,0,8,0.8,2023-07-15 18:00:00,45.757245,15.980017,3,6,2,0.518,4,0.397,1,2.47,0.8565,0.2988,0.2682,0.3832,0.5976,0.2312,0.4245,0.3531
2148,12,29,1,2,7,1.5,2024-01-04 18:00:00,45.730529,15.984554,3,4,2,0.319,2,0.858,0,2.46,0.8379,0.3067,0.3407,0.3316,0.5903,0.2027,0.4726,0.3017
2149,1847,28,0,0,5,1.4,2024-09-29 19:00:00,45.758026,15.975657,3,0,2,0.236,1,0.283,0,1.0,0.9066,0.2715,0.4999,0.5271,0.2204,0.896,0.4147,0.2741
2150,2867,2,0,0,4,1.7,2023-10-04 19:00:00,45.763276,15.969137,3,3,2,0.39,2,0.605,0,2.99,0.9455,0.2776,0.481,0.5489,0.2677,1.0,0.3629,0.2617
2151,6307,2,0,2,10,1.5,2024-08-07 09:00:00,45.752806,15.981546,3,3,0,0.397,4,1.039,1,2.66,0.9519,0.3845,0.555,0.4609,0.2447,0.9225,0.4105,0.1544
2152,2827,18,7,3,7,1.7,2023-01-29 20:00:00,45.75784,15.976237,3,0,2,0.649,5,0.698,1,2.5,0.4772,0.3825,0.6512,0.5049,0.8985,0.2659,0.4189,0.7118
2153,7735,15,0,1,12,1.8,2024-04-17 11:00:00,45.854335,15.944508,1,3,0,0.577,7,0.921,1,3.31,0.895,0.3153,0.5519,0.5572,0.2354,0.9636,0.3674,0.3621
2154,683,29,1,1,16,2.3,2023-05-23 19:00:00,45.822248,15.970174,0,2,2,0.433,7,0.166,1,2.91,0.7794,0.3024,0.2807,0.4695,0.5186,0.1502,0.5837,0.3026
2155,8917,1,1,1,8,1.8,2023-06-20 19:00:00,45.737115,15.953479,3,2,2,0.207,2,1.298,0,2.42,0.6607,0.3478,0.2238,0.4304,0.6737,0.2161,0.4838,0.318
2156,2403,21,0,0,2,1.0,2024-01-31 11:00:00,45.82325,15.867819,4,3,0,0.277,1,0.148,0,3.1,0.8452,0.2404,0.5143,0.4979,0.1722,0.9087,0.4154,0.2972
2157,3204,7,0,0,5,1.1,2023-02-15 10:00:00,45.794312,16.041958,2,3,0,0.403,2,0.854,0,3.74,0.8353,0.2655,0.5324,0.4889,0.2599,0.8754,0.4103,0.3481
2158,594,30,5,1,18,1.6,2024-03-02 09:00:00,45.808479,15.897573,4,6,0,0.359,6,0.512,1,2.88,0.3641,0.5312,0.0324,0.575,0.2719,0.6113,0.4139,0.3488
2159,8180,1,1,3,7,0.5,2023-01-17 18:00:00,45.777144,16.052751,2,2,2,0.368,3,0.382,1,1.64,0.7299,0.2775,0.3245,0.4485,0.5998,0.2286,0.5301,0.2401
2160,8184,9,1,0,8,2.3,2024-10-08 09:00:00,45.749732,15.974181,3,2,0,0.585,5,1.351,1,1.71,0.8764,0.3668,0.4044,0.3897,0.6258,0.1638,0.5861,0.2439
2161,911,13,6,0,13,1.2,2023-07-06 09:00:00,45.753798,15.981285,3,4,0,0.547,7,0.255,1,3.05,0.6708,0.3513,0.2233,0.7312,0.2112,0.2326,0.8697,0.4759
2162,1829,9,1,1,10,2.7,2023-09-07 19:00:00,45.782952,16.033092,2,4,2,0.101,1,0.348,0,1.1,0.869,0.2698,0.3349,0.375,0.5831,0.1638,0.4436,0.2475
2163,3402,6,2,0,9,1.0,2023-08-30 18:00:00,45.82418,15.883306,4,3,2,0.674,6,1.152,1,3.11,0.3235,0.9093,0.2292,0.7104,0.3397,0.3426,0.3476,0.5628
2164,8382,3,2,0,7,2.1,2024-08-18 19:00:00,45.822592,15.980705,0,0,2,0.411,3,0.178,1,1.59,0.3667,0.8571,0.2354,0.6839,0.2527,0.2549,0.2624,0.5357
2165,3605,9,1,2,3,2.3,2024-11-18 19:00:00,45.797565,16.054523,2,1,2,0.579,2,0.967,0,3.18,0.8399,0.2239,0.3497,0.2993,0.5295,0.1188,0.5439,0.2024
2166,4991,2,0,0,7,2.4,2024-04-20 11:00:00,45.75219,15.967389,3,6,0,0.146,1,1.036,0,2.47,0.892,0.2506,0.5438,0.5416,0.2052,0.9989,0.3939,0.2728
2167,2482,30,5,0,7,1.1,2024-10-21 19:00:00,45.849521,15.959285,1,1,2,0.734,5,0.336,1,2.48,0.2769,0.493,0.092,0.6335,0.4247,0.5734,0.3699,0.1998
2168,4543,9,1,2,2,1.7,2024-09-16 20:00:00,45.818014,15.888765,4,1,2,0.139,0,0.263,0,2.84,0.819,0.3173,0.2568,0.3033,0.625,0.2358,0.5033,0.3646
2169,7901,8,0,1,23,2.2,2024-06-24 10:00:00,45.830205,15.960925,0,1,0,0.311,7,1.088,1,2.34,0.8975,0.2964,0.4879,0.4652,0.2214,0.8555,0.4856,0.3073
2170,1891,8,0,0,5,0.9,2023-07-28 18:00:00,45.795188,16.033893,2,5,2,0.456,2,0.258,0,3.21,0.9464,0.3403,0.5422,0.4929,0.1274,0.8962,0.4142,0.2481
2171,147,27,7,0,10,2.0,2024-04-03 09:00:00,45.861195,15.93991,1,3,0,0.299,3,0.331,1,2.76,0.5194,0.4645,0.5512,0.5158,0.9008,0.1742,0.3586,0.6632
2172,7352,3,2,0,7,1.3,2024-12-20 11:00:00,45.817966,15.895418,4,5,0,0.192,1,0.205,0,3.87,0.4246,0.9928,0.1905,0.7368,0.3231,0.221,0.3041,0.5848
2173,602,2,0,0,3,1.2,2023-06-11 19:00:00,45.755066,15.975973,3,0,2,0.219,1,1.145,0,3.46,0.8594,0.3349,0.603,0.5516,0.1676,0.8136,0.4554,0.3343
2174,8130,13,6,0,4,1.4,2023-04-05 11:00:00,45.731123,15.985693,3,3,0,0.398,2,0.642,0,1.52,0.6729,0.2782,0.3996,0.5894,0.2297,0.2195,0.9691,0.5224
2175,4850,8,0,0,7,1.1,2023-05-19 19:00:00,45.807642,15.981787,0,5,2,0.304,2,1.499,0,1.63,0.8917,0.2286,0.351,0.4978,0.1499,0.8316,0.4674,0.333
2176,4083,2,0,0,30,1.7,2024-07-19 11:00:00,45.863266,15.950461,1,5,0,0.31,9,1.361,2,3.54,0.8911,0.3342,0.4519,0.4875,0.1881,0.8498,0.4066,0.3596
2177,2990,2,0,0,7,1.1,2023-05-23 19:00:00,45.814053,15.885863,4,2,2,0.232,2,0.75,0,1.95,0.9093,0.328,0.5033,0.4683,0.2202,0.9185,0.3541,0.3518
2178,8367,4,6,0,8,1.3,2024-05-04 19:00:00,45.789805,16.047238,2,6,2,0.281,2,0.805,0,2.98,0.7398,0.2442,0.2444,0.6924,0.1957,0.1625,0.7753,0.561
2179,7319,2,0,2,20,1.0,2024-02-25 20:00:00,45.750633,15.973061,3,0,2,0.422,8,0.456,1,3.23,0.9398,0.2796,0.4972,0.447,0.2135,0.9673,0.3663,0.2879
2180,263,20,5,3,4,1.4,2024-04-30 09:00:00,45.756243,15.965896,3,2,0,0.466,2,0.355,0,3.38,0.2988,0.5302,0.1152,0.6359,0.2363,0.597,0.3922,0.3005
2181,5628,3,2,2,9,1.7,2023-03-22 10:00:00,45.762916,15.978037,3,3,0,0.487,4,0.61,1,3.8,0.2935,0.8995,0.2123,0.6823,0.2894,0.4027,0.2916,0.4298
2182,2154,2,0,0,12,1.5,2023-12-03 19:00:00,45.822437,15.97203,0,0,2,0.468,6,0.607,1,1.3,0.9666,0.234,0.5037,0.4567,0.1751,0.7737,0.4999,0.381
2183,718,2,0,2,10,2.6,2023-02-18 18:00:00,45.808901,15.971095,0,6,2,0.249,2,0.775,0,3.4,0.8421,0.2444,0.5288,0.4807,0.2526,0.8195,0.3826,0.2705
2184,177,11,3,0,15,2.2,2023-06-25 11:00:00,45.805221,15.87318,4,0,0,0.143,2,0.509,0,2.15,0.4505,0.4957,0.9691,0.6675,0.8791,0.228,0.439,0.7628
2185,6573,0,1,2,6,1.9,2023-12-05 20:00:00,45.842508,15.955709,1,2,2,0.234,1,0.931,0,2.85,0.9211,0.3727,0.2911,0.4637,0.6013,0.2489,0.4926,0.2767
2186,8349,0,1,0,6,1.3,2023-02-06 19:00:00,45.818169,15.898287,4,1,2,0.119,1,1.076,0,3.06,0.7982,0.231,0.2607,0.3668,0.5932,0.1885,0.5455,0.2115
2187,4268,29,1,0,9,2.2,2024-11-05 10:00:00,45.760213,15.988969,3,2,0,0.118,1,0.117,0,2.65,0.8155,0.3333,0.3546,0.4684,0.5492,0.2605,0.5609,0.3075
2188,8099,1,1,0,4,2.1,2023-02-03 19:00:00,45.817185,15.978586,0,5,2,0.468,2,0.181,0,2.97,0.8441,0.3073,0.2553,0.3704,0.6331,0.1378,0.5167,0.2847
2189,936,4,6,0,30,1.8,2023-10-12 11:00:00,45.795462,16.03335,2,4,0,0.358,11,0.552,2,2.52,0.5967,0.306,0.3193,0.7658,0.0818,0.2245,0.8355,0.4992
2190,7575,6,2,1,20,2.8,2024-04-07 19:00:00,45.855252,15.953222,1,0,2,0.08,2,1.027,0,2.51,0.3769,0.8967,0.1989,0.6418,0.3286,0.3448,0.3818,0.4943
2191,2802,10,4,2,9,1.0,2023-10-21 18:00:00,45.819579,15.891795,4,6,2,0.388,3,0.568,1,1.89,0.8198,0.5486,0.7318,0.92,0.171,0.3472,0.7225,0.3589
2192,2995,9,1,1,9,0.8,2023-09-23 09:00:00,45.741699,15.972627,3,6,0,0.519,5,1.051,1,2.62,0.8594,0.3449,0.3428,0.3261,0.6338,0.1991,0.4837,0.3136
2193,8230,2,0,3,16,2.4,2024-12-28 19:00:00,45.858843,15.955002,1,6,2,0.579,9,1.317,2,3.86,0.962,0.4128,0.4173,0.4853,0.1905,0.8525,0.4581,0.4018
2194,4127,2,0,0,10,2.0,2024-04-19 09:00:00,45.743987,15.986662,3,5,0,0.284,3,1.146,1,2.08,0.899,0.2079,0.5378,0.4737,0.1603,0.9333,0.4543,0.217
2195,3864,16,2,0,13,2.3,2024-10-23 20:00:00,45.798766,16.050059,2,3,2,0.313,4,0.177,1,1.65,0.4416,0.8852,0.2631,0.7155,0.2972,0.2498,0.2782,0.5496
2196,5832,0,1,3,7,2.1,2023-03-13 11:00:00,45.86141,15.933342,1,1,0,0.336,2,0.472,0,1.53,0.7778,0.3219,0.2934,0.3697,0.5903,0.1272,0.4459,0.3172
2197,5000,4,6,3,6,0.5,2023-05-03 09:00:00,45.792001,16.038183,2,3,0,0.364,2,0.492,0,3.13,0.6707,0.286,0.2762,0.6322,0.1741,0.1944,0.9404,0.5344
2198,7172,10,4,0,7,0.5,2024-04-23 20:00:00,45.825005,15.984304,0,2,2,0.732,5,1.287,1,2.07,0.7538,0.5424,0.7193,0.8349,0.182,0.3696,0.7521,0.3081
2199,6637,1,1,0,19,1.3,2023-01-10 10:00:00,45.855378,15.957829,1,2,0,0.203,4,1.206,1,1.81,0.8972,0.2982,0.2776,0.4512,0.5623,0.2014,0.456,0.3343
2200,5408,6,2,1,8,1.7,2023-12-25 10:00:00,45.798911,16.052094,2,1,0,0.154,1,1.264,0,2.29,0.4146,0.8734,0.2319,0.6758,0.2408,0.3343,0.2393,0.5125
2201,3003,18,7,1,11,1.7,2023-05-08 18:00:00,45.822534,15.884138,4,1,2,0.211,2,1.245,0,2.26,0.4539,0.4743,0.6592,0.5833,0.8997,0.334,0.391,0.6711
2202,3646,29,1,0,3,0.5,2024-07-22 20:00:00,45.75385,15.972776,3,1,2,0.27,1,0.544,0,1.92,0.7896,0.1414,0.2662,0.4276,0.5619,0.2444,0.5239,0.277
2203,8867,8,0,0,6,2.2,2024-07-19 10:00:00,45.820045,15.977863,0,5,0,0.456,3,0.738,1,1.94,0.8484,0.3595,0.4829,0.3829,0.1477,0.9656,0.4251,0.2692
2204,2561,0,1,0,9,1.4,2023-04-20 20:00:00,45.81213,16.038621,2,4,2,0.519,5,0.849,1,1.09,0.7719,0.3162,0.3717,0.4183,0.6381,0.1669,0.4785,0.248
2205,4483,6,2,1,9,1.0,2023-06-02 09:00:00,45.772673,15.978616,3,5,0,0.357,3,0.653,1,1.74,0.3171,0.9154,0.1721,0.722,0.2912,0.2872,0.2972,0.4485
2206,1738,15,0,0,14,1.6,2024-06-10 19:00:00,45.814815,15.981869,0,1,2,0.615,9,1.008,2,2.71,0.9889,0.3345,0.553,0.5199,0.1633,0.958,0.3201,0.3655
2207,2041,22,7,0,8,1.2,2024-08-26 10:00:00,45.748548,15.964529,3,1,0,0.405,3,0.883,1,2.4,0.5622,0.3861,0.5364,0.5526,0.8492,0.2989,0.3347,0.7102
2208,2487,9,1,2,7,1.0,2024-04-16 19:00:00,45.81015,15.883502,4,2,2,0.465,3,0.729,1,2.1,0.8504,0.2941,0.3656,0.4457,0.5423,0.1895,0.4791,0.3117
2209,3538,30,5,2,12,0.8,2024-03-26 19:00:00,45.783786,16.041318,2,2,2,0.562,7,0.847,1,2.8,0.2935,0.5181,0.0942,0.5185,0.214,0.6053,0.4273,0.2759
2210,500,2,0,0,8,1.7,2024-05-07 18:00:00,45.798226,15.873975,4,2,2,0.385,3,0.681,1,2.13,0.8547,0.2546,0.4284,0.4418,0.2035,0.8673,0.3641,0.3798
2211,5396,29,1,1,7,1.7,2023-05-17 10:00:00,45.744034,15.967577,3,3,0,0.207,1,0.546,0,3.66,0.8253,0.3066,0.3389,0.4125,0.6177,0.1783,0.4494,0.2979
2212,3790,15,0,0,14,1.7,2024-03-01 11:00:00,45.850076,15.954806,1,5,0,0.148,2,0.706,0,3.32,0.9027,0.3062,0.4996,0.5109,0.2441,0.781,0.4148,0.2934
2213,4422,3,2,1,4,2.0,2024-07-21 18:00:00,45.799266,15.880886,4,0,2,0.608,2,0.846,0,2.61,0.4076,0.9521,0.1268,0.7833,0.2929,0.267,0.3543,0.524
2214,2750,19,4,1,7,1.5,2024-10-28 20:00:00,45.851815,15.940053,1,1,2,0.817,6,0.234,1,2.22,0.7421,0.6204,0.7472,0.9669,0.204,0.4106,0.807,0.385
2215,884,4,6,2,10,0.5,2023-07-21 09:00:00,45.778211,16.05083,2,5,0,0.503,5,1.146,1,3.85,0.6358,0.2689,0.2534,0.6023,0.1737,0.2176,0.9565,0.6207
2216,1157,7,0,3,19,1.6,2023-06-17 20:00:00,45.762936,15.975767,3,6,2,0.468,9,0.844,2,2.52,0.8989,0.2714,0.5534,0.4459,0.2812,0.8204,0.3027,0.2912
2217,6778,2,0,0,7,0.8,2024-03-31 20:00:00,45.856227,15.954374,1,0,2,0.552,4,0.612,1,2.94,0.882,0.2212,0.5104,0.5464,0.2047,0.9361,0.3209,0.3157
2218,6708,11,3,3,4,1.7,2023-01-09 20:00:00,45.849227,15.950111,1,1,2,0.464,2,0.998,0,2.58,0.4999,0.5395,0.927,0.5439,0.8632,0.1641,0.4647,0.8333
2219,7682,10,4,2,8,0.9,2024-03-26 20:00:00,45.853599,15.958313,1,2,2,0.584,5,0.913,1,2.9,0.6891,0.6426,0.7358,0.9285,0.3158,0.4847,0.8837,0.3973
2220,7050,0,1,2,13,1.2,2024-08-03 18:00:00,45.859971,15.948643,1,6,2,0.653,8,0.687,1,3.3,0.8555,0.2964,0.2913,0.3823,0.5928,0.2268,0.5319,0.3332
2221,3610,6,2,2,12,1.2,2023-05-23 11:00:00,45.794811,16.063064,2,2,0,0.527,6,0.652,1,3.21,0.4103,0.9229,0.1143,0.735,0.3022,0.3659,0.308,0.5074
2222,7338,1,1,1,4,0.7,2023-04-13 10:00:00,45.792345,16.041677,2,4,0,0.485,2,0.673,0,1.58,0.7811,0.4309,0.2732,0.3029,0.7124,0.2202,0.5506,0.1803
2223,4206,2,0,0,7,1.1,2024-10-05 19:00:00,45.81674,15.97479,0,6,2,0.208,1,0.687,0,3.43,0.9506,0.3369,0.4878,0.496,0.2002,0.9097,0.3718,0.3624
2224,6613,20,5,1,2,1.5,2023-10-26 18:00:00,45.759096,15.969438,3,4,2,0.284,1,1.322,0,2.51,0.2923,0.4561,0.071,0.5974,0.4235,0.6764,0.4325,0.2925
2225,1395,27,7,1,13,1.1,2023-11-21 09:00:00,45.798128,15.969257,0,2,0,0.67,9,0.802,2,2.67,0.4454,0.3924,0.5962,0.5412,0.8978,0.3584,0.4567,0.7259
2226,7919,7,0,0,8,1.3,2024-07-19 18:00:00,45.800103,15.890291,4,5,2,0.703,6,0.838,1,3.08,0.8503,0.2819,0.5556,0.6114,0.2716,0.899,0.387,0.2301
2227,5065,14,5,0,8,1.5,2023-04-18 18:00:00,45.78711,15.96623,0,2,2,0.516,4,1.25,1,3.87,0.3313,0.5025,0.151,0.5426,0.2412,0.5163,0.4623,0.3182
2228,2050,10,4,1,8,1.0,2024-05-30 18:00:00,45.866759,15.949962,1,4,2,0.355,3,0.535,1,3.89,0.8576,0.622,0.7304,0.9165,0.2876,0.423,0.8174,0.3907
2229,2205,2,0,1,5,1.6,2023-04-30 11:00:00,45.74827,15.971249,3,0,0,0.222,1,0.667,0,0.73,0.8965,0.1649,0.4673,0.4985,0.164,0.8784,0.3395,0.3369
2230,2792,13,6,2,7,1.1,2023-03-11 10:00:00,45.794027,16.053029,2,6,0,0.296,2,0.533,0,1.4,0.6744,0.3502,0.3205,0.6263,0.0888,0.1698,0.8967,0.5111
2231,888,3,2,2,17,2.0,2024-08-22 19:00:00,45.800906,16.048563,2,4,2,0.466,8,0.942,1,3.37,0.3772,0.8504,0.2627,0.7723,0.3046,0.3518,0.2504,0.4695
2232,5583,22,7,2,8,1.8,2024-08-01 09:00:00,45.812301,15.970117,0,4,0,0.389,3,0.557,1,3.09,0.4771,0.3702,0.7242,0.4972,1.0,0.304,0.4352,0.7671
2233,2486,4,6,0,7,1.9,2023-08-15 19:00:00,45.843786,15.960139,1,2,2,0.587,4,0.881,1,3.07,0.6949,0.3205,0.2807,0.7002,0.1885,0.2154,0.8835,0.4861
2234,6789,16,2,1,6,1.9,2024-05-07 19:00:00,45.80307,16.032364,2,2,2,0.387,2,0.642,0,2.34,0.4134,0.8624,0.1315,0.6634,0.3356,0.3125,0.2667,0.4635
2235,2448,6,2,0,3,1.6,2023-08-01 10:00:00,45.844709,15.957583,1,2,0,0.414,1,1.051,0,2.14,0.3441,0.9209,0.1617,0.6695,0.2916,0.3529,0.3558,0.5411
2236,6158,27,7,0,13,2.1,2024-11-01 10:00:00,45.796149,15.885092,4,5,0,0.741,10,0.844,2,3.21,0.583,0.441,0.6486,0.5691,0.9061,0.2743,0.4829,0.7064
2237,4436,9,1,0,22,1.4,2023-04-26 11:00:00,45.850459,15.935871,1,3,0,0.752,17,0.838,2,2.16,0.8343,0.2132,0.2809,0.4213,0.525,0.1631,0.3903,0.3953
2238,6655,21,0,2,19,1.5,2024-11-23 09:00:00,45.809569,15.895679,4,6,0,0.806,15,1.256,2,2.46,0.9557,0.3269,0.4309,0.4628,0.1387,0.8374,0.489,0.3485
2239,7736,27,7,1,12,1.2,2023-09-09 20:00:00,45.758059,15.965823,3,6,2,0.775,9,0.663,2,3.46,0.5457,0.4958,0.6084,0.5137,0.9695,0.3222,0.4194,0.6939
2240,4676,1,1,1,12,1.8,2024-01-31 18:00:00,45.802241,16.043401,2,3,2,0.494,6,0.855,1,2.69,0.9092,0.3167,0.2925,0.3337,0.6173,0.2193,0.5229,0.2946
2241,901,11,3,1,2,0.9,2024-06-04 18:00:00,45.797857,16.045065,2,2,2,0.731,1,0.384,0,3.66,0.4648,0.5563,0.956,0.6104,0.7794,0.2439,0.5199,0.6961
2242,7356,9,1,1,18,1.5,2024-09-12 20:00:00,45.798651,16.041468,2,4,2,0.848,15,0.396,2,2.45,0.7995,0.3169,0.2755,0.4316,0.5021,0.2514,0.4694,0.3042
2243,1165,27,7,2,8,1.5,2023-12-10 20:00:00,45.804073,16.041782,2,0,2,0.06,0,1.119,0,2.89,0.4714,0.3355,0.5069,0.4415,0.8554,0.2982,0.3745,0.7786
2244,6637,30,5,1,4,1.6,2024-12-23 19:00:00,45.734426,15.973392,3,1,2,0.466,2,1.095,0,3.66,0.337,0.54,0.0917,0.5256,0.413,0.6756,0.4232,0.2881
2245,5254,14,5,2,10,1.0,2024-08-28 19:00:00,45.851512,15.959007,1,3,2,0.458,5,1.064,1,3.29,0.3624,0.5499,0.0712,0.6136,0.2933,0.6052,0.4915,0.3312
2246,3001,4,6,1,24,1.6,2024-10-05 19:00:00,45.750666,15.976375,3,6,2,0.374,9,0.38,2,2.5,0.6817,0.3788,0.2523,0.655,0.2075,0.2199,0.9442,0.527
2247,8740,1,1,1,6,1.5,2024-05-09 19:00:00,45.801035,16.018681,2,4,2,0.695,4,0.442,1,2.21,0.7736,0.3549,0.3488,0.5419,0.5598,0.0997,0.4168,0.2447
2248,4743,30,5,0,5,1.4,2024-12-13 18:00:00,45.851411,15.970038,1,5,2,0.538,3,0.214,1,2.81,0.2471,0.5474,0.0953,0.5569,0.3707,0.574,0.3237,0.2597
2249,4922,0,1,0,11,1.5,2024-12-05 10:00:00,45.848163,15.948807,1,4,0,0.283,3,1.306,1,3.24,0.8212,0.2213,0.3641,0.4709,0.5871,0.1778,0.5266,0.3392
2250,2636,13,6,1,19,0.8,2023-03-09 09:00:00,45.858932,15.956241,1,4,0,0.272,5,1.35,1,3.49,0.6959,0.3259,0.3027,0.7055,0.2318,0.3235,0.7702,0.5101
2251,2482,24,3,2,6,1.9,2024-03-16 11:00:00,45.790755,16.054614,2,6,0,0.264,2,0.73,0,1.92,0.506,0.5267,0.9476,0.6374,0.7968,0.2906,0.4624,0.8177
2252,1,1,1,3,5,2.1,2024-10-27 10:00:00,45.817694,15.978385,0,0,0,0.216,1,0.799,0,2.74,0.7422,0.29,0.2713,0.3846,0.5335,0.2107,0.5157,0.3461
2253,7762,27,7,1,8,1.9,2023-07-28 10:00:00,45.792701,16.029064,2,5,0,0.781,6,0.504,1,1.77,0.5477,0.3833,0.6809,0.4487,0.9694,0.2753,0.3627,0.7308
2254,5320,6,2,1,9,2.7,2023-01-27 11:00:00,45.818452,15.880562,4,5,0,0.289,3,0.521,1,3.15,0.331,0.8992,0.2012,0.7775,0.3256,0.258,0.2881,0.4198
2255,8147,27,7,0,4,1.8,2023-07-20 18:00:00,45.800408,16.04744,2,4,2,0.533,2,0.6,0,2.79,0.5274,0.3778,0.6317,0.4815,0.877,0.249,0.4525,0.7931
2256,7314,20,5,0,18,2.1,2023-02-28 18:00:00,45.789835,16.046044,2,2,2,0.154,3,0.952,1,3.37,0.3117,0.5395,0.0769,0.6011,0.2856,0.5434,0.4068,0.3915
2257,5572,29,1,2,9,1.7,2024-10-16 20:00:00,45.751214,15.969228,3,3,2,0.276,2,0.329,0,1.85,0.7701,0.1795,0.2946,0.496,0.6639,0.2153,0.5821,0.2894
2258,4987,1,1,2,7,1.4,2023-09-23 20:00:00,45.791218,16.046814,2,6,2,0.431,3,0.326,1,2.71,0.8048,0.3262,0.2776,0.4441,0.6564,0.1387,0.4612,0.2688
2259,4895,29,1,1,10,1.3,2023-07-13 19:00:00,45.822151,15.975518,0,4,2,0.374,4,0.552,1,2.3,0.8241,0.2656,0.335,0.4758,0.5621,0.2684,0.508,0.288
2260,1180,1,1,0,19,0.5,2024-03-29 09:00:00,45.811622,15.891015,4,5,0,0.365,7,0.399,1,2.35,0.8523,0.2775,0.2577,0.3649,0.5695,0.1825,0.4736,0.3048
2261,3478,25,3,2,8,0.6,2023-10-08 10:00:00,45.814245,15.988397,0,0,0,0.678,5,0.793,1,2.2,0.4416,0.5665,0.8907,0.5435,0.8465,0.1569,0.4459,0.8549
2262,4761,8,0,2,7,2.2,2023-12-02 20:00:00,45.829472,15.949752,1,6,2,0.494,3,0.345,1,2.48,0.8589,0.4655,0.4391,0.4864,0.2417,0.9013,0.3546,0.2978
2263,5452,0,1,0,14,0.7,2023-03-30 11:00:00,45.85008,15.941963,1,4,0,0.618,9,0.89,2,3.23,0.852,0.1938,0.3712,0.4534,0.6454,0.1357,0.4683,0.225
2264,2600,14,5,2,2,1.5,2023-03-28 10:00:00,45.819886,15.980236,0,2,0,0.487,1,0.802,0,3.78,0.3253,0.4706,0.0068,0.5681,0.2788,0.5183,0.4134,0.1893
2265,8600,4,6,1,9,1.0,2024-11-30 10:00:00,45.807889,15.878748,4,6,0,0.089,1,1.343,0,2.26,0.6985,0.2837,0.3524,0.6382,0.2104,0.2356,0.905,0.5084
2266,4628,9,1,2,10,2.2,2024-05-14 20:00:00,45.811374,15.883723,4,2,2,0.561,6,0.802,1,1.9,0.7971,0.299,0.3046,0.3944,0.4686,0.2079,0.5096,0.3689
2267,7261,4,6,0,3,1.4,2023-04-12 09:00:00,45.749126,15.964935,3,3,0,0.46,1,0.501,0,2.6,0.7328,0.3083,0.2978,0.7608,0.2152,0.2221,0.8841,0.5003
2268,3563,30,5,0,14,1.6,2024-10-21 19:00:00,45.75399,15.969684,3,1,2,0.579,8,0.545,1,2.8,0.2776,0.4964,0.1099,0.628,0.3279,0.6305,0.4327,0.2331
2269,7183,15,0,0,6,1.5,2023-06-13 19:00:00,45.803196,15.993498,0,2,2,0.274,2,1.194,0,1.47,0.8296,0.2827,0.4441,0.4594,0.337,0.9574,0.3958,0.2466
2270,3063,27,7,2,7,1.4,2023-08-05 11:00:00,45.744115,15.979173,3,6,0,0.145,1,0.903,0,3.0,0.5258,0.3965,0.5684,0.5341,0.8775,0.3544,0.372,0.7345
2271,7256,1,1,1,8,1.7,2023-12-17 11:00:00,45.808723,15.895413,4,0,0,0.76,6,0.11,1,3.65,0.8228,0.3261,0.3129,0.3351,0.6673,0.1247,0.4444,0.359
2272,4860,15,0,1,7,0.9,2024-05-27 10:00:00,45.826398,15.990396,0,1,0,0.855,6,0.657,1,2.24,0.9409,0.172,0.5107,0.5053,0.1491,0.9324,0.3539,0.3392
2273,3025,3,2,0,5,2.1,2023-05-19 20:00:00,45.759966,15.973557,3,5,2,0.461,2,0.999,0,2.99,0.4131,0.841,0.1398,0.793,0.3402,0.3542,0.2622,0.512
2274,7264,17,0,1,5,2.2,2024-01-21 20:00:00,45.760782,15.963585,3,0,2,0.322,2,0.618,0,1.1,0.996,0.3316,0.4125,0.495,0.1223,0.9311,0.3706,0.2773
2275,6702,16,2,0,5,1.2,2024-02-20 11:00:00,45.736404,15.977146,3,2,0,0.308,2,0.985,0,3.72,0.3274,0.9247,0.2065,0.641,0.3896,0.3725,0.2824,0.405
2276,2746,4,6,1,13,2.3,2023-12-24 18:00:00,45.859936,15.961567,1,0,2,0.3,4,1.315,1,1.17,0.708,0.2089,0.3181,0.75,0.2021,0.1922,0.8355,0.5024
2277,8152,1,1,2,16,1.0,2023-01-09 09:00:00,45.814263,15.985948,0,1,0,0.545,9,1.133,2,2.41,0.7694,0.2615,0.3543,0.392,0.6175,0.208,0.5613,0.3616
2278,8933,24,3,1,9,0.8,2023-05-28 10:00:00,45.757306,15.972514,3,0,0,0.483,4,0.639,1,1.42,0.4666,0.5254,0.8859,0.6384,0.8709,0.1619,0.5324,0.6991
2279,1951,9,1,1,7,2.0,2024-09-14 20:00:00,45.794624,16.041255,2,6,2,0.528,4,1.031,1,1.39,0.8025,0.3395,0.359,0.4092,0.5862,0.1605,0.4381,0.2874
2280,7538,8,0,1,12,2.2,2024-02-19 20:00:00,45.787883,16.040397,2,1,2,0.168,2,0.777,0,2.71,0.9104,0.2808,0.4656,0.4876,0.1741,0.8443,0.3499,0.3374
2281,7499,8,0,1,16,1.9,2023-10-04 09:00:00,45.776854,16.040209,2,3,0,0.719,12,1.476,2,2.2,0.857,0.3944,0.4941,0.5516,0.1915,0.8822,0.3319,0.2965
2282,1875,28,0,1,14,1.9,2023-05-24 10:00:00,45.808275,15.980723,0,3,0,0.567,8,1.389,1,2.01,0.9061,0.2234,0.4302,0.4449,0.2354,0.8959,0.4051,0.3447
2283,8581,2,0,0,5,0.8,2023-03-26 18:00:00,45.822511,15.895951,4,0,2,0.528,3,0.357,1,2.5,0.9959,0.2772,0.4281,0.5543,0.1675,1.0,0.3988,0.3083
2284,647,4,6,2,10,1.4,2023-01-31 20:00:00,45.855868,15.957829,1,2,2,0.665,7,0.445,1,3.84,0.6616,0.3038,0.3292,0.7402,0.1486,0.2071,0.9055,0.4213
2285,311,15,0,2,4,2.0,2023-09-29 11:00:00,45.791794,15.977446,0,5,0,0.623,2,1.029,0,2.86,0.9182,0.3077,0.4565,0.514,0.1132,1.0,0.3844,0.2724
2286,3538,1,1,0,2,0.9,2024-07-18 10:00:00,45.813395,16.05241,2,4,0,0.438,1,0.61,0,2.28,0.7998,0.2385,0.2467,0.4342,0.6122,0.1789,0.4316,0.3316
2287,8623,1,1,2,2,1.1,2023-01-15 11:00:00,45.790796,16.046819,2,0,0,0.181,0,0.416,0,2.28,0.8695,0.3064,0.3087,0.4397,0.6405,0.235,0.4738,0.3557
2288,8780,14,5,1,16,1.6,2023-12-14 19:00:00,45.814593,15.887945,4,4,2,0.089,1,0.991,0,3.16,0.1952,0.5318,0.1372,0.5226,0.2474,0.4917,0.3401,0.3137
2289,3070,25,3,0,7,1.2,2023-04-19 18:00:00,45.761585,15.978081,3,3,2,0.083,1,0.899,0,2.96,0.5108,0.5438,0.9101,0.6259,0.8649,0.2061,0.5156,0.7396
2290,1209,4,6,2,14,0.5,2024-09-05 10:00:00,45.754221,15.978378,3,4,0,0.63,9,0.109,2,3.45,0.8249,0.3164,0.2569,0.7256,0.0978,0.1218,0.8615,0.4903
2291,1155,11,3,0,12,1.6,2024-10-12 20:00:00,45.821856,15.898232,4,6,2,0.632,8,0.946,1,3.72,0.514,0.5203,0.9007,0.6165,0.7718,0.1177,0.4325,0.8099
2292,24,2,0,1,6,1.1,2023-10-05 20:00:00,45.823708,15.963215,0,4,2,0.612,4,0.198,1,3.33,0.8416,0.1943,0.4889,0.504,0.1972,0.9201,0.4735,0.2834
2293,6110,11,3,0,28,1.3,2023-05-14 10:00:00,45.788395,16.039415,2,0,0,0.704,20,1.229,2,3.47,0.4297,0.4174,0.9446,0.5381,0.9088,0.2445,0.5071,0.8863
2294,7332,3,2,0,7,1.9,2024-01-08 10:00:00,45.811988,15.976381,0,1,0,0.053,0,0.742,0,3.82,0.3447,0.9188,0.1474,0.6737,0.3545,0.3162,0.2429,0.5499
2295,5235,1,1,1,3,0.8,2023-05-26 18:00:00,45.804036,15.976552,0,5,2,0.49,1,0.699,0,3.16,0.83,0.2441,0.2801,0.3364,0.6301,0.2336,0.5439,0.2984
2296,4004,4,6,1,13,1.4,2023-02-17 11:00:00,45.807617,15.987836,0,5,0,0.547,7,1.419,1,3.52,0.6533,0.3462,0.3027,0.6597,0.1612,0.2082,0.9097,0.5068
2297,6230,3,2,0,14,0.8,2023-12-11 10:00:00,45.805902,15.888247,4,1,0,0.804,11,0.967,2,2.48,0.437,0.7837,0.2032,0.7873,0.3082,0.2543,0.3326,0.4882
2298,3849,8,0,1,7,1.3,2024-01-30 19:00:00,45.816144,15.966804,0,2,2,0.257,2,0.825,0,3.58,0.9026,0.3116,0.5138,0.5083,0.1548,0.8987,0.3583,0.1739
2299,1357,29,1,1,8,1.3,2023-08-02 10:00:00,45.794147,15.993861,0,3,0,0.496,4,1.427,1,3.31,0.7124,0.2814,0.3114,0.4315,0.7023,0.2384,0.4327,0.3016
2300,4109,1,1,0,5,1.8,2023-12-01 19:00:00,45.743574,15.969661,3,5,2,0.15,1,0.769,0,0.99,0.853,0.2758,0.2707,0.4464,0.605,0.1045,0.525,0.2365
2301,2584,8,0,2,9,1.5,2024-10-08 20:00:00,45.753922,15.962467,3,2,2,0.358,3,0.179,1,3.84,0.8807,0.3481,0.5139,0.5293,0.1569,0.9431,0.3982,0.367
2302,3283,20,5,0,6,1.9,2023-03-28 19:00:00,45.811831,15.983476,0,2,2,0.3,2,0.322,0,2.44,0.2853,0.4887,0.1383,0.6305,0.352,0.6014,0.4157,0.3042
2303,8696,10,4,0,9,1.4,2024-07-05 19:00:00,45.805248,15.895986,4,5,2,0.486,4,1.078,1,2.55,0.8083,0.5852,0.6746,0.8696,0.2461,0.4207,0.7361,0.3295
2304,5384,0,1,0,36,1.4,2023-06-29 20:00:00,45.81717,15.891785,4,4,2,0.647,23,0.968,2,1.75,0.8035,0.3513,0.3266,0.4,0.5852,0.2402,0.489,0.3508
2305,5991,11,3,2,6,1.9,2024-08-18 18:00:00,45.793223,16.058756,2,0,2,0.391,2,1.179,0,3.29,0.4437,0.5054,0.9679,0.555,0.8662,0.1782,0.5056,0.8246
2306,4105,19,4,0,2,1.2,2023-03-15 18:00:00,45.748755,15.970463,3,3,2,0.36,1,0.066,0,2.65,0.9471,0.7462,0.647,0.9486,0.2452,0.327,0.791,0.4247
2307,4235,2,0,2,16,1.8,2024-05-14 09:00:00,45.864433,15.952293,1,2,0,0.087,1,0.711,0,1.8,0.8149,0.3431,0.4784,0.4684,0.1769,0.8218,0.3536,0.2537
2308,6681,11,3,0,10,1.4,2023-03-05 18:00:00,45.860892,15.96715,1,0,2,0.319,3,1.28,1,2.86,0.6074,0.4404,0.8813,0.5652,0.7888,0.1308,0.5073,0.7647
2309,8338,15,0,0,21,1.7,2023-11-05 09:00:00,45.79753,16.037891,2,0,0,0.225,5,0.597,1,2.5,0.8478,0.2036,0.4826,0.4489,0.231,0.9935,0.3758,0.3003
2310,2947,20,5,0,13,1.9,2024-12-02 18:00:00,45.755909,15.974786,3,1,2,0.719,9,0.884,2,1.75,0.2518,0.4731,0.0306,0.5917,0.3236,0.7021,0.3892,0.2547
2311,7682,2,0,2,14,1.4,2024-04-26 18:00:00,45.848261,15.945202,1,5,2,0.283,4,0.466,1,3.46,0.7474,0.38,0.4711,0.5743,0.1759,0.9122,0.3607,0.4053
2312,7772,20,5,1,6,2.0,2024-08-24 10:00:00,45.738819,15.986548,3,6,0,0.135,1,0.754,0,2.81,0.3183,0.5215,0.0332,0.6043,0.3375,0.588,0.3845,0.3157
2313,7821,1,1,1,10,1.4,2024-03-11 10:00:00,45.863761,15.955638,1,1,0,0.251,3,0.913,1,3.82,0.7704,0.2562,0.3163,0.4197,0.6323,0.256,0.3714,0.298
2314,3618,2,0,1,7,1.5,2024-05-10 10:00:00,45.817803,15.890965,4,5,0,0.469,3,0.399,1,1.13,0.9153,0.2532,0.5361,0.4991,0.181,0.894,0.437,0.3488
2315,7208,13,6,0,13,0.6,2023-10-27 20:00:00,45.754069,15.992447,3,5,2,0.019,0,0.179,0,3.07,0.703,0.3201,0.3169,0.713,0.2095,0.2497,0.9187,0.5045
2316,5641,29,1,1,8,1.7,2023-04-06 20:00:00,45.795384,16.048483,2,4,2,0.161,1,0.348,0,2.28,0.7225,0.3051,0.3318,0.3648,0.6134,0.1521,0.4502,0.2821
2317,3470,4,6,1,5,2.1,2024-04-04 20:00:00,45.818958,15.878747,4,4,2,0.373,2,0.081,0,2.51,0.6249,0.2728,0.3759,0.645,0.2149,0.2106,0.9794,0.5352
2318,2641,14,5,1,10,1.3,2023-08-19 19:00:00,45.80175,16.038047,2,6,2,0.642,6,1.221,1,2.59,0.3235,0.4558,0.0789,0.581,0.297,0.5498,0.3122,0.3828
2319,2805,15,0,1,11,1.2,2024-03-03 19:00:00,45.853247,15.954383,1,0,2,0.594,7,0.8,1,3.75,0.9536,0.2933,0.4663,0.4512,0.1737,0.9912,0.4053,0.3791
2320,2423,2,0,0,50,0.6,2024-06-15 11:00:00,45.80223,15.973706,0,6,0,0.118,6,0.807,1,2.74,0.8982,0.3636,0.5587,0.5408,0.2375,0.9163,0.4167,0.3774
2321,6106,25,3,1,6,1.3,2024-11-24 10:00:00,45.824362,15.897235,4,0,0,0.424,3,1.203,1,0.92,0.5509,0.5419,0.9911,0.5605,0.7452,0.2569,0.4478,0.7803
2322,309,15,0,2,7,1.3,2023-04-12 18:00:00,45.817417,15.887191,4,3,2,0.122,1,1.223,0,1.27,0.8043,0.3688,0.4872,0.5719,0.113,0.8057,0.4398,0.4138
2323,7759,4,6,1,8,0.7,2023-12-03 18:00:00,45.825275,15.994568,0,0,2,0.359,3,0.952,1,3.04,0.7171,0.2555,0.3465,0.6337,0.1407,0.2146,0.8746,0.5701
2324,29,4,6,1,10,0.7,2023-05-13 19:00:00,45.813732,15.967297,0,6,2,0.279,3,0.031,1,2.44,0.6999,0.2898,0.2672,0.719,0.0942,0.1354,0.8733,0.4779
2325,2292,1,1,1,8,2.2,2024-02-08 18:00:00,45.824214,15.972515,0,4,2,0.353,3,0.697,1,1.57,0.8549,0.3061,0.3066,0.3864,0.5346,0.269,0.5002,0.3381
2326,2485,2,0,0,19,1.3,2024-02-26 11:00:00,45.821265,15.984137,0,1,0,0.464,9,0.726,2,2.27,0.8847,0.267,0.4039,0.5076,0.2172,0.8825,0.382,0.3081
2327,3,30,5,2,8,0.7,2024-09-11 20:00:00,45.850809,15.956076,1,3,2,0.563,5,0.363,1,1.81,0.2646,0.4521,0.0682,0.5889,0.2096,0.6994,0.3828,0.3143
2328,4452,18,7,0,22,1.6,2023-03-21 19:00:00,45.844319,15.947284,1,2,2,0.583,13,1.199,2,2.36,0.5419,0.2973,0.6126,0.4355,0.8828,0.2892,0.519,0.7264
2329,3535,0,1,0,7,1.5,2024-11-08 19:00:00,45.755434,15.958461,3,5,2,0.678,5,0.67,1,2.69,0.809,0.3228,0.3086,0.4178,0.5599,0.1946,0.5049,0.2697
2330,5171,9,1,1,5,0.7,2023-01-14 18:00:00,45.799473,15.978858,0,6,2,0.399,2,0.207,0,2.82,0.8814,0.1582,0.3235,0.2694,0.6299,0.281,0.5452,0.2986
2331,1674,1,1,1,3,1.9,2024-03-27 10:00:00,45.814922,15.971427,0,3,0,0.054,0,1.075,0,3.29,0.7893,0.3249,0.3013,0.3585,0.6061,0.2923,0.4927,0.3312
2332,429,27,7,0,12,2.4,2024-08-23 18:00:00,45.802691,16.040354,2,5,2,0.466,6,1.425,1,3.22,0.4371,0.3828,0.6077,0.5094,0.9646,0.3,0.462,0.697
2333,3580,24,3,0,12,1.0,2024-10-01 20:00:00,45.753024,15.979849,3,2,2,0.365,4,1.122,1,3.77,0.483,0.4352,0.9205,0.7191,0.8058,0.1849,0.5597,0.7902
2334,7176,29,1,1,40,2.0,2024-11-05 19:00:00,45.790278,15.996615,0,2,2,0.564,23,0.688,2,3.04,0.7909,0.2355,0.3424,0.4466,0.6326,0.1532,0.3917,0.3337
2335,3210,0,1,1,14,1.7,2023-07-05 11:00:00,45.787555,16.047593,2,3,0,0.697,10,0.446,2,2.04,0.8884,0.2286,0.3016,0.4466,0.648,0.1405,0.5277,0.3652
2336,3716,4,6,0,25,1.2,2023-05-30 10:00:00,45.847575,15.955421,1,2,0,0.456,11,0.896,2,3.55,0.6313,0.2893,0.2278,0.6478,0.2128,0.1885,0.8842,0.4493
2337,6397,3,2,0,9,1.6,2023-09-26 20:00:00,45.807674,15.961723,0,2,2,0.318,3,0.148,1,2.69,0.3967,0.9263,0.1079,0.7478,0.27,0.3113,0.3027,0.4142
2338,2086,15,0,0,3,1.8,2023-08-31 18:00:00,45.859788,15.949948,1,4,2,0.483,1,0.501,0,2.36,0.8616,0.2559,0.5526,0.5457,0.1684,0.8956,0.352,0.2981
2339,4543,30,5,1,2,1.3,2023-08-20 19:00:00,45.807931,15.992444,0,0,2,0.025,0,1.466,0,3.44,0.3062,0.4421,0.1891,0.6334,0.3059,0.601,0.3295,0.2821
2340,6466,30,5,1,4,1.4,2024-01-22 18:00:00,45.855212,15.948916,1,1,2,0.485,2,0.851,0,3.39,0.3252,0.4326,0.0698,0.6321,0.2349,0.6111,0.388,0.3325
2341,8273,1,1,3,18,1.8,2023-09-07 09:00:00,45.796926,16.043391,2,4,0,0.619,11,1.177,2,3.43,0.8314,0.3077,0.2887,0.4086,0.6164,0.2977,0.5354,0.2731
2342,5080,26,7,1,10,1.7,2023-09-12 10:00:00,45.80031,15.883044,4,2,0,0.256,3,0.575,1,3.01,0.4697,0.3465,0.6006,0.4641,0.8431,0.2235,0.3693,0.6288
2343,8655,19,4,1,5,1.7,2023-06-24 20:00:00,45.798616,16.051426,2,6,2,0.433,2,0.631,0,1.79,0.7969,0.6076,0.6954,0.8412,0.189,0.3049,0.8603,0.2764
2344,6434,16,2,0,13,1.9,2024-12-06 18:00:00,45.819725,15.965625,0,5,2,0.205,3,1.464,1,1.51,0.3844,0.9293,0.219,0.5537,0.2362,0.2978,0.2999,0.413
2345,7631,14,5,1,6,1.7,2024-10-15 18:00:00,45.846288,15.939635,1,2,2,0.75,4,0.433,1,1.78,0.3022,0.5064,0.1244,0.5512,0.2765,0.7009,0.4713,0.2461
2346,63,21,0,1,5,1.7,2023-06-28 18:00:00,45.807675,15.978664,0,3,2,0.222,1,0.267,0,3.18,0.9046,0.2973,0.4732,0.3741,0.2006,0.9576,0.3747,0.2962
2347,2931,27,7,0,4,1.5,2024-05-21 18:00:00,45.856482,15.957586,1,2,2,0.543,2,0.972,0,1.43,0.5022,0.3516,0.6504,0.5192,0.9343,0.288,0.3922,0.6431
2348,7461,1,1,3,3,1.5,2024-11-29 10:00:00,45.747606,15.97278,3,5,0,0.395,1,1.079,0,3.17,0.8094,0.3325,0.2745,0.3691,0.6524,0.1644,0.4477,0.2708
2349,7424,11,3,1,12,0.8,2023-03-31 09:00:00,45.789602,16.050597,2,5,0,0.522,6,0.395,1,3.02,0.5627,0.5211,0.9298,0.4956,0.7808,0.2272,0.4328,0.8343
2350,1610,19,4,0,11,1.2,2024-06-05 11:00:00,45.848975,15.959765,1,3,0,0.313,3,0.703,1,2.42,0.7732,0.6154,0.7583,0.92,0.2224,0.4203,0.7696,0.3455
2351,5681,2,0,1,8,1.1,2024-01-12 19:00:00,45.810304,15.992683,0,5,2,0.365,3,0.849,1,1.75,0.8441,0.3249,0.5438,0.4815,0.2064,0.9626,0.5078,0.2967
2352,8728,30,5,1,12,1.5,2023-06-05 19:00:00,45.788692,16.041053,2,1,2,0.558,7,0.872,1,3.29,0.2391,0.4262,0.1107,0.559,0.3277,0.6128,0.3803,0.3946
2353,8903,1,1,0,10,1.0,2024-03-16 11:00:00,45.814474,15.987627,0,6,0,0.87,9,0.691,2,2.42,0.8204,0.3196,0.3099,0.4897,0.5614,0.2185,0.5104,0.2924
2354,8412,25,3,1,2,1.9,2024-09-14 20:00:00,45.802753,15.960853,0,6,2,0.197,0,1.031,0,2.32,0.4579,0.4977,0.9561,0.5723,0.7691,0.2754,0.497,0.8966
2355,2469,4,6,1,18,0.9,2023-01-01 20:00:00,45.799339,16.049899,2,0,2,0.586,11,0.665,2,3.19,0.7013,0.3135,0.2857,0.7078,0.2675,0.1634,0.8585,0.3727
2356,8744,1,1,1,5,2.5,2023-04-06 20:00:00,45.817388,15.978381,0,4,2,0.066,0,0.114,0,3.47,0.8084,0.321,0.1982,0.41,0.6667,0.2437,0.5661,0.225
2357,1023,16,2,2,12,0.9,2024-04-13 20:00:00,45.86494,15.94766,1,6,2,0.578,7,0.424,1,2.86,0.3281,0.925,0.2077,0.6923,0.2339,0.27,0.3638,0.5553
2358,261,2,0,1,16,1.4,2024-06-09 09:00:00,45.817695,15.896028,4,0,0,0.418,7,0.706,1,2.21,0.8661,0.3226,0.5193,0.5385,0.1595,0.7987,0.4654,0.3963
2359,5902,27,7,0,7,0.5,2024-01-14 18:00:00,45.795545,16.038505,2,0,2,0.318,2,1.138,0,2.85,0.5527,0.4399,0.6998,0.5525,0.8809,0.1888,0.4054,0.7131
2360,522,15,0,1,6,1.2,2023-08-27 19:00:00,45.848945,15.953474,1,0,2,0.253,2,1.481,0,2.21,0.9479,0.3147,0.4116,0.4679,0.1439,0.8679,0.3911,0.3683
2361,4073,4,6,1,20,1.9,2023-09-01 19:00:00,45.804949,16.001622,0,5,2,0.535,11,1.1,2,3.12,0.7362,0.3641,0.3092,0.7241,0.199,0.1705,0.9453,0.4966
2362,4631,6,2,0,8,1.1,2024-06-04 09:00:00,45.743749,15.970303,3,2,0,0.608,5,1.07,1,0.54,0.4579,0.9619,0.1865,0.6962,0.3717,0.3503,0.2553,0.4611
2363,3816,30,5,3,12,0.9,2024-10-11 19:00:00,45.84749,15.95862,1,5,2,0.309,4,0.129,1,3.18,0.3202,0.4494,0.172,0.58,0.3383,0.6413,0.3786,0.3506
2364,1579,10,4,0,12,2.5,2023-04-25 10:00:00,45.816819,15.893081,4,2,0,0.301,4,1.094,1,3.41,0.7297,0.6288,0.6954,0.8779,0.2387,0.403,0.8392,0.3756
2365,1269,3,2,2,5,2.1,2023-03-23 09:00:00,45.795379,15.985405,0,4,0,0.619,3,0.503,1,1.7,0.3665,0.7982,0.2143,0.6145,0.1623,0.3544,0.2495,0.434
2366,170,15,0,1,14,1.1,2024-11-20 19:00:00,45.826797,15.873761,4,3,2,0.554,8,0.586,1,2.88,0.8937,0.2825,0.5302,0.5124,0.2365,0.8301,0.3838,0.2246
2367,7605,13,6,0,3,1.9,2024-03-13 10:00:00,45.758326,15.969101,3,3,0,0.457,1,1.189,0,2.8,0.6987,0.3074,0.2723,0.6576,0.2665,0.2572,0.9377,0.4632
2368,5098,4,6,0,7,1.7,2024-09-13 19:00:00,45.751565,15.964134,3,5,2,0.344,2,0.928,0,3.01,0.6759,0.359,0.2548,0.7229,0.2058,0.2199,0.8413,0.499
2369,1036,19,4,0,10,0.5,2024-12-13 18:00:00,45.791092,16.040274,2,5,2,0.087,1,0.507,0,3.56,0.7184,0.6461,0.6847,0.8838,0.1342,0.3558,0.7683,0.3239
2370,7322,30,5,1,2,1.5,2024-03-27 10:00:00,45.847934,15.949179,1,3,0,0.316,1,0.861,0,3.55,0.3091,0.577,0.0027,0.5941,0.3716,0.5935,0.4604,0.2768
2371,5133,8,0,1,21,1.2,2023-04-19 20:00:00,45.760903,15.969968,3,3,2,0.369,8,1.277,1,2.78,0.9291,0.3536,0.5839,0.4767,0.1263,1.0,0.4981,0.2866
2372,7207,1,1,0,14,1.6,2023-06-23 18:00:00,45.788533,16.058841,2,5,2,0.203,3,1.317,1,2.56,0.7104,0.2993,0.3498,0.4185,0.6665,0.131,0.5426,0.2518
2373,2340,7,0,0,5,1.1,2023-09-22 20:00:00,45.738976,15.975689,3,5,2,0.232,1,0.424,0,2.85,0.7968,0.2383,0.4636,0.4869,0.1644,0.9143,0.4709,0.3009
2374,7290,1,1,3,10,2.0,2024-11-11 18:00:00,45.751119,15.980292,3,1,2,0.16,2,1.278,0,3.39,0.8137,0.3129,0.2518,0.3974,0.5821,0.1687,0.4754,0.2118
2375,2880,25,3,1,4,0.8,2023-10-12 18:00:00,45.754307,15.973251,3,4,2,0.41,2,0.487,0,2.61,0.571,0.4605,0.8585,0.627,0.8478,0.2029,0.4704,0.7648
2376,8970,4,6,0,7,2.1,2024-12-19 09:00:00,45.758022,15.969405,3,4,0,0.671,5,0.294,1,2.96,0.7275,0.2701,0.3001,0.7249,0.2451,0.1885,0.8385,0.4594
2377,4836,6,2,1,5,1.5,2023-01-09 11:00:00,45.812328,15.875012,4,1,0,0.679,3,0.394,1,0.87,0.5045,0.8747,0.2476,0.6829,0.3001,0.288,0.3269,0.4981
2378,3695,10,4,2,5,1.5,2024-10-16 10:00:00,45.750666,15.970316,3,3,0,0.548,3,0.372,1,1.79,0.8659,0.5493,0.7778,0.8657,0.1829,0.4953,0.8783,0.4087
2379,7584,8,0,1,6,1.1,2024-06-10 19:00:00,45.79527,16.044899,2,1,2,0.615,4,1.141,1,2.94,0.8552,0.209,0.5239,0.5427,0.1904,0.8831,0.3772,0.265
2380,2932,1,1,0,2,0.7,2024-07-07 11:00:00,45.803214,16.051941,2,0,0,0.832,2,0.52,0,3.1,0.87,0.3418,0.3367,0.333,0.6452,0.1966,0.5104,0.2985
2381,8905,2,0,1,5,1.6,2024-11-13 20:00:00,45.855017,15.952227,1,3,2,0.385,2,0.654,0,1.93,0.9403,0.3487,0.52,0.4967,0.1905,0.892,0.3438,0.3124
2382,5895,30,5,1,10,1.8,2023-02-26 10:00:00,45.803881,15.970951,0,0,0,0.358,4,0.076,1,3.27,0.2305,0.5423,0.0685,0.609,0.3344,0.5198,0.4247,0.3031
2383,412,19,4,2,19,1.0,2023-10-30 20:00:00,45.791453,16.035985,2,1,2,0.699,13,0.344,2,2.94,0.8488,0.5768,0.6371,0.8766,0.3139,0.444,0.7705,0.3879
2384,3564,1,1,0,8,2.2,2024-07-03 11:00:00,45.832572,15.960778,1,3,0,0.353,3,0.631,1,3.5,0.7959,0.3074,0.3207,0.3756,0.631,0.1868,0.4877,0.314
2385,6636,1,1,1,6,1.6,2024-09-18 09:00:00,45.740593,15.976773,3,3,0,0.415,2,0.407,0,2.53,0.7981,0.3723,0.2838,0.4419,0.649,0.184,0.5475,0.3282
2386,8571,5,5,0,8,1.7,2024-01-29 18:00:00,45.855411,15.946882,1,1,2,0.391,3,1.068,1,3.53,0.3025,0.5322,0.1034,0.6189,0.2509,0.5032,0.5065,0.3195
2387,286,28,0,0,20,1.3,2023-10-12 10:00:00,45.861845,15.957563,1,4,0,0.632,13,0.491,2,1.4,0.8426,0.3263,0.4804,0.5689,0.2707,0.9569,0.3016,0.3024
2388,2966,9,1,1,4,1.5,2024-07-29 09:00:00,45.802259,15.901161,4,1,0,0.524,2,1.238,0,3.71,0.886,0.2116,0.2687,0.4556,0.5829,0.1932,0.4442,0.31
2389,2373,0,1,0,22,1.5,2023-10-22 19:00:00,45.788687,16.052312,2,0,2,0.316,7,0.442,1,2.58,0.7114,0.2316,0.3161,0.2533,0.7032,0.1842,0.4783,0.2545
2390,5268,23,3,0,7,1.2,2024-01-04 11:00:00,45.747504,15.963768,3,4,0,0.567,4,0.45,1,3.55,0.487,0.5693,0.9175,0.6179,0.7884,0.1748,0.5377,0.879
2391,2314,2,0,1,12,1.7,2023-02-04 18:00:00,45.85737,15.957677,1,6,2,0.387,5,0.055,1,1.27,0.9425,0.3178,0.5116,0.5513,0.2692,0.8626,0.4178,0.3239
2392,481,22,7,1,9,1.8,2023-04-23 10:00:00,45.856226,15.959987,1,0,0,0.234,2,0.875,0,1.81,0.5434,0.4362,0.6428,0.5205,0.8775,0.2555,0.3903,0.6651
2393,5911,9,1,1,3,0.9,2023-12-09 09:00:00,45.809791,15.892221,4,6,0,0.486,1,1.071,0,3.32,0.8002,0.3788,0.2555,0.4239,0.5505,0.1823,0.496,0.2696
2394,4039,10,4,0,5,1.6,2023-08-20 19:00:00,45.811807,15.984408,0,0,2,0.297,1,1.438,0,2.68,0.7415,0.5129,0.7268,0.9275,0.2059,0.4737,0.7935,0.4993
2395,4513,21,0,0,9,2.2,2024-11-01 10:00:00,45.81095,15.988369,0,5,0,0.485,4,0.5,1,3.62,0.8774,0.2663,0.5064,0.5763,0.2434,0.882,0.3751,0.3471
2396,3722,15,0,2,37,0.5,2024-12-20 19:00:00,45.779778,16.047553,2,5,2,0.252,9,1.279,2,2.81,0.9579,0.2919,0.5076,0.5549,0.2273,0.8711,0.3679,0.2091
2397,1753,29,1,1,4,1.3,2023-05-14 18:00:00,45.756212,15.973803,3,0,2,0.375,2,1.2,0,2.46,0.8901,0.2598,0.3757,0.4295,0.6314,0.1214,0.5266,0.3425
2398,7453,13,6,0,7,1.2,2024-04-19 18:00:00,45.768681,15.981444,3,5,2,0.373,3,1.081,1,2.28,0.6583,0.2614,0.279,0.7439,0.1267,0.2393,0.8932,0.5301
2399,3344,27,7,1,14,1.5,2023-09-30 10:00:00,45.729245,15.969512,3,6,0,0.322,5,0.025,1,3.31,0.4091,0.3674,0.5714,0.4474,0.8562,0.3909,0.4045,0.6618
2400,3139,3,2,2,13,1.8,2023-01-20 09:00:00,45.79794,16.069201,2,5,0,0.556,7,1.311,1,2.91,0.4095,0.9174,0.184,0.674,0.3696,0.3371,0.2968,0.5031
2401,3858,22,7,0,8,1.2,2024-07-11 11:00:00,45.807961,15.964391,0,4,0,0.416,3,0.834,1,2.9,0.4336,0.4456,0.5444,0.5277,0.8201,0.2777,0.4126,0.6921
2402,8581,11,3,2,15,1.7,2023-12-20 09:00:00,45.750131,15.976631,3,3,0,0.202,3,1.254,1,2.95,0.4168,0.4648,1.0,0.578,0.7222,0.2396,0.493,0.7468
2403,3941,1,1,2,20,2.0,2024-06-14 20:00:00,45.793627,16.065999,2,5,2,0.302,6,0.995,1,3.15,0.8237,0.2879,0.2796,0.2771,0.5212,0.098,0.4915,0.3355
2404,8228,17,0,0,6,1.2,2023-10-20 18:00:00,45.80148,16.042016,2,5,2,0.222,1,0.928,0,3.52,0.966,0.2008,0.5635,0.4547,0.183,0.9079,0.4808,0.2854
2405,8992,12,0,3,11,2.4,2024-12-17 20:00:00,45.80301,15.89232,4,2,2,0.439,5,0.988,1,2.26,0.8879,0.2899,0.5053,0.446,0.1468,0.9576,0.4335,0.2738
2406,4275,26,7,1,18,0.5,2023-05-26 11:00:00,45.754468,15.969737,3,5,0,0.627,11,0.71,2,3.72,0.5326,0.4255,0.5498,0.4973,0.8896,0.3158,0.3787,0.7293
2407,4120,4,6,1,18,1.7,2024-12-22 18:00:00,45.803072,16.034249,2,0,2,0.369,7,0.085,1,2.06,0.7159,0.2575,0.3993,0.779,0.2678,0.2283,0.9135,0.6426
2408,3145,14,5,3,5,1.6,2023-01-09 20:00:00,45.821566,15.987921,0,1,2,0.754,4,0.974,1,2.67,0.1363,0.4647,0.0198,0.6154,0.3654,0.605,0.3326,0.2648
2409,3520,2,0,1,7,1.7,2023-04-01 19:00:00,45.747307,15.968134,3,6,2,0.713,5,0.26,1,2.24,0.8686,0.2539,0.4349,0.4695,0.1211,0.9136,0.3805,0.2857
2410,5694,10,4,1,7,1.3,2024-06-11 20:00:00,45.806017,15.905046,4,2,2,0.944,7,0.481,1,3.84,0.8401,0.6011,0.7436,0.8795,0.1854,0.3854,0.8194,0.3923
2411,7493,30,5,3,2,1.8,2023-10-25 09:00:00,45.853801,15.947949,1,3,0,0.572,1,0.833,0,1.89,0.3069,0.4823,0.1812,0.5544,0.3276,0.6483,0.4015,0.2853
2412,3010,8,0,2,21,1.9,2023-09-19 18:00:00,45.817798,15.890433,4,2,2,0.213,4,1.21,1,2.73,0.9934,0.3547,0.4673,0.4956,0.1778,0.8477,0.3998,0.3315
2413,2357,15,0,2,5,1.2,2023-06-29 20:00:00,45.816331,15.86654,4,4,2,0.39,2,0.231,0,2.92,0.8505,0.2002,0.4674,0.4556,0.1418,0.9434,0.3992,0.2975
2414,3811,8,0,2,15,1.1,2023-10-26 19:00:00,45.857361,15.943658,1,4,2,0.284,4,0.176,1,3.95,0.8613,0.346,0.456,0.4948,0.2385,0.7866,0.4645,0.2682
2415,1222,8,0,0,11,1.5,2024-11-25 11:00:00,45.78113,16.05017,2,1,0,0.155,2,0.834,0,1.34,0.8635,0.3447,0.5425,0.4357,0.2078,0.931,0.4733,0.2869
2416,5177,10,4,0,4,2.0,2023-02-05 10:00:00,45.813948,15.985302,0,0,0,0.611,2,0.552,0,2.34,0.7551,0.6274,0.6755,0.9034,0.2389,0.3612,0.8408,0.3939
2417,3819,27,7,2,10,1.1,2024-08-19 19:00:00,45.750926,15.982869,3,1,2,0.259,3,0.442,1,2.57,0.5417,0.3803,0.5886,0.428,0.9185,0.2567,0.3977,0.6927
2418,6890,24,3,0,7,2.1,2023-07-09 18:00:00,45.755406,15.969668,3,0,2,0.242,2,1.29,0,2.43,0.5387,0.4912,0.9633,0.512,0.883,0.182,0.5079,0.7901
2419,5518,2,0,1,12,1.9,2024-03-11 10:00:00,45.808159,15.996029,0,1,0,0.794,10,0.377,2,3.51,0.8446,0.3499,0.5533,0.536,0.2643,0.9986,0.38,0.3234
2420,1628,8,0,0,6,0.7,2024-10-14 18:00:00,45.855487,15.952732,1,1,2,0.021,0,0.46,0,2.24,0.8491,0.2843,0.4874,0.482,0.1846,0.8745,0.4521,0.2114
2421,3909,10,4,0,39,1.1,2024-01-03 10:00:00,45.798354,15.979441,0,3,0,0.312,12,1.427,2,2.09,0.7554,0.5978,0.7711,0.9476,0.224,0.4294,0.7831,0.4423
2422,8652,6,2,1,7,0.5,2023-05-15 09:00:00,45.861351,15.952525,1,1,0,0.434,3,0.788,1,3.12,0.4979,0.9345,0.1724,0.6482,0.2335,0.2634,0.2753,0.5289
2423,8513,25,3,0,7,1.2,2024-06-14 11:00:00,45.809447,15.992946,0,5,0,0.525,4,0.101,1,3.62,0.5553,0.4567,0.8703,0.5584,0.7864,0.1539,0.5432,0.7375
2424,5011,4,6,0,16,0.8,2023-06-27 20:00:00,45.792659,16.052092,2,2,2,0.318,5,0.478,1,0.46,0.766,0.308,0.2773,0.735,0.2298,0.1936,0.8153,0.5302
2425,7697,17,0,1,8,1.7,2023-07-03 09:00:00,45.82345,15.881002,4,1,0,0.581,5,0.066,1,2.6,0.8857,0.3769,0.4721,0.4614,0.3031,0.8268,0.408,0.2565
2426,2257,9,1,2,2,0.8,2023-05-20 10:00:00,45.815553,15.985009,0,6,0,0.466,1,0.987,0,3.16,0.6831,0.3009,0.2746,0.3683,0.5313,0.3283,0.5385,0.3443
2427,3507,1,1,0,5,1.8,2024-10-30 09:00:00,45.800129,16.043669,2,3,0,0.426,2,1.09,0,2.6,0.7859,0.2855,0.3909,0.4416,0.5326,0.2535,0.4888,0.333
2428,3924,27,7,1,9,0.9,2024-11-16 19:00:00,45.751937,15.978598,3,6,2,0.61,5,1.176,1,2.8,0.468,0.4707,0.5496,0.5269,0.8985,0.2946,0.4545,0.6886
2429,6668,2,0,2,2,2.6,2024-08-17 20:00:00,45.818685,15.892878,4,6,2,0.07,0,1.434,0,0.47,0.8946,0.338,0.5526,0.5188,0.1597,0.8744,0.3853,0.245
2430,4059,11,3,2,10,1.7,2024-10-07 19:00:00,45.834615,15.940784,1,1,2,0.189,2,0.92,0,2.77,0.4789,0.4817,0.888,0.5961,0.8034,0.2468,0.5828,0.7419
2431,4172,9,1,0,9,2.2,2024-01-13 11:00:00,45.850593,15.949043,1,6,0,0.356,3,0.055,1,1.98,0.8004,0.3092,0.3095,0.3399,0.5931,0.2044,0.454,0.2247
2432,8526,1,1,0,5,1.4,2023-11-20 09:00:00,45.820504,15.881882,4,1,0,0.423,2,0.4,0,2.26,0.8051,0.2783,0.314,0.4291,0.6277,0.1519,0.5941,0.3376
2433,747,8,0,1,14,1.1,2023-10-08 09:00:00,45.792055,15.893774,4,0,0,0.08,1,0.461,0,1.7,0.9475,0.2958,0.5127,0.4322,0.2279,0.8253,0.4486,0.2815
2434,6979,0,1,1,18,1.3,2024-11-14 20:00:00,45.855741,15.935854,1,4,2,0.577,10,1.225,2,3.33,0.7619,0.3069,0.3222,0.3419,0.6003,0.2651,0.4983,0.2897
2435,5969,2,0,1,10,1.3,2023-08-17 18:00:00,45.852613,15.937641,1,4,2,0.26,3,1.07,1,3.62,0.9046,0.3365,0.5556,0.4287,0.1361,0.9919,0.3821,0.3832
2436,6829,0,1,1,7,0.5,2024-12-03 20:00:00,45.818041,15.882408,4,2,2,0.349,2,0.98,0,2.52,0.7698,0.3083,0.2491,0.4608,0.6473,0.1649,0.5257,0.3559
2437,293,16,2,0,16,1.4,2023-11-09 18:00:00,45.80484,15.98521,0,4,2,0.334,5,0.813,1,3.55,0.3484,0.9789,0.2382,0.7137,0.2963,0.3774,0.3105,0.4355
2438,2125,8,0,1,15,1.3,2024-02-15 11:00:00,45.848847,15.955332,1,4,0,0.478,7,0.261,1,2.19,0.817,0.3029,0.4263,0.5506,0.2232,0.9147,0.4677,0.2772
2439,7793,8,0,0,12,1.2,2023-05-21 09:00:00,45.746976,15.976552,3,0,0,0.372,4,0.615,1,3.26,0.8519,0.2445,0.4848,0.4975,0.2092,0.998,0.4349,0.3514
2440,1998,16,2,2,6,1.8,2023-05-13 20:00:00,45.808574,16.042144,2,6,2,0.128,1,0.509,0,3.56,0.4386,0.8581,0.1496,0.706,0.289,0.2602,0.3109,0.5243
2441,3521,0,1,1,5,1.5,2024-09-28 11:00:00,45.79553,16.026922,2,6,0,0.196,1,0.924,0,1.76,0.8326,0.2384,0.3666,0.3932,0.6036,0.2095,0.5782,0.2819
2442,396,27,7,0,18,1.5,2023-08-31 11:00:00,45.791426,16.048303,2,4,0,0.423,8,0.324,1,2.43,0.5963,0.3525,0.6404,0.4309,0.7553,0.2442,0.3989,0.7123
2443,7830,13,6,0,2,1.4,2024-06-25 10:00:00,45.811573,15.976837,0,2,0,0.545,1,0.706,0,2.9,0.715,0.3109,0.2187,0.8212,0.1672,0.1917,0.9076,0.4281
2444,6885,9,1,1,10,1.4,2023-12-08 18:00:00,45.792205,16.032717,2,5,2,0.293,3,1.184,1,3.35,0.8133,0.3659,0.2757,0.3924,0.622,0.2554,0.5094,0.2347
2445,4334,2,0,1,7,1.7,2023-03-02 09:00:00,45.819487,15.99321,0,4,0,0.596,4,1.307,1,2.26,0.8703,0.3514,0.5163,0.3914,0.1832,0.9653,0.405,0.2487
2446,3960,8,0,0,13,1.4,2023-07-16 10:00:00,45.796997,15.897706,4,0,0,0.283,4,1.085,1,3.24,0.9478,0.3074,0.4752,0.4095,0.2204,0.9377,0.365,0.3016
2447,4350,3,2,1,4,2.3,2023-09-16 19:00:00,45.833289,15.969379,0,6,2,0.338,1,1.164,0,2.46,0.3552,0.8593,0.1532,0.7257,0.2783,0.4078,0.2831,0.4478
2448,4579,6,2,0,18,1.4,2024-01-28 20:00:00,45.817084,15.967289,0,0,2,0.464,8,0.549,1,3.26,0.4502,0.9406,0.2563,0.6691,0.294,0.2979,0.2318,0.5306
2449,8356,27,7,0,3,1.5,2023-08-26 09:00:00,45.855867,15.958203,1,6,0,0.602,2,0.985,0,3.28,0.4705,0.3653,0.5583,0.4701,0.9555,0.3321,0.396,0.7503
2450,144,15,0,0,5,2.1,2023-06-30 20:00:00,45.813271,15.968636,0,5,2,0.44,2,0.45,0,2.79,0.938,0.2542,0.498,0.4828,0.2153,0.8869,0.3066,0.2929
2451,1608,6,2,1,29,1.4,2023-12-25 11:00:00,45.855076,15.963737,1,1,0,0.591,17,1.096,2,2.26,0.4653,0.9033,0.2428,0.6802,0.3546,0.2671,0.3123,0.5905
2452,5108,27,7,1,14,1.1,2023-08-06 20:00:00,45.852738,15.950527,1,0,2,0.325,5,0.709,1,2.2,0.5554,0.2747,0.6711,0.5294,0.9054,0.4305,0.3623,0.7016
2453,5685,3,2,1,4,1.7,2024-11-11 18:00:00,45.804891,15.968351,0,1,2,0.326,1,0.647,0,3.69,0.4425,0.9055,0.1966,0.7182,0.2592,0.2582,0.3922,0.4795
2454,7855,10,4,1,8,1.9,2023-07-02 11:00:00,45.798086,16.032039,2,0,0,0.713,6,1.006,1,1.29,0.8535,0.5581,0.694,0.9454,0.2142,0.3808,0.7621,0.4491
2455,935,27,7,0,6,1.0,2024-11-27 19:00:00,45.855424,15.959197,1,3,2,0.568,3,1.361,1,3.97,0.4621,0.4388,0.5449,0.4386,0.8679,0.3427,0.5028,0.6754
2456,2463,13,6,1,9,1.0,2023-09-06 11:00:00,45.792313,16.04752,2,3,0,0.201,2,0.499,0,1.4,0.6804,0.2479,0.2274,0.668,0.1369,0.1606,1.0,0.5622
2457,145,29,1,0,25,1.8,2024-06-09 09:00:00,45.756778,15.974898,3,0,0,0.643,16,0.86,2,3.27,0.8105,0.3185,0.2784,0.3951,0.6253,0.2213,0.5322,0.3152
2458,8317,3,2,0,2,1.5,2024-09-25 09:00:00,45.793182,16.043803,2,3,0,0.104,0,1.481,0,1.37,0.3809,0.9417,0.1573,0.7309,0.3119,0.3384,0.2872,0.5363
2459,223,8,0,1,6,1.2,2023-12-24 18:00:00,45.812749,15.885191,4,0,2,0.345,2,0.548,0,1.22,0.9053,0.276,0.4868,0.4488,0.281,0.9107,0.41,0.4063
2460,4586,30,5,1,11,1.2,2023-01-24 18:00:00,45.789021,16.051149,2,2,2,0.836,9,1.176,2,1.49,0.229,0.5816,0.1436,0.5446,0.3807,0.4903,0.4803,0.3205
2461,823,10,4,2,7,1.8,2024-09-02 19:00:00,45.754063,15.986609,3,1,2,0.739,5,0.399,1,2.96,0.7659,0.6435,0.6792,0.8756,0.1503,0.3783,0.8174,0.4129
2462,2028,15,0,0,7,1.8,2024-09-28 11:00:00,45.826396,15.878522,4,6,0,0.509,4,0.555,1,3.04,0.868,0.2539,0.4034,0.5652,0.2044,0.9226,0.3859,0.2654
2463,4868,5,5,1,15,1.4,2023-11-10 11:00:00,45.754611,15.976308,3,5,0,0.768,12,0.421,2,1.97,0.3793,0.4381,0.025,0.5863,0.3941,0.6212,0.4717,0.3608
2464,5932,13,6,0,9,1.2,2024-06-10 18:00:00,45.814201,15.886151,4,1,2,0.689,6,0.734,1,2.25,0.7352,0.3258,0.3213,0.764,0.2182,0.2088,0.9331,0.5229
2465,3592,29,1,0,6,1.6,2023-03-25 09:00:00,45.795631,15.985421,0,6,0,0.76,5,0.585,1,2.21,0.7904,0.3165,0.3477,0.3708,0.6869,0.1834,0.4724,0.3689
2466,4985,5,5,1,17,1.7,2023-02-26 10:00:00,45.852725,15.95746,1,0,0,0.383,7,1.042,1,2.96,0.3238,0.4819,0.0608,0.5615,0.2935,0.5969,0.388,0.2869
2467,328,0,1,1,5,1.2,2024-08-22 19:00:00,45.751968,15.983309,3,4,2,0.544,3,0.805,1,2.9,0.8175,0.3429,0.3366,0.4342,0.6656,0.2146,0.4703,0.3848
2468,3395,0,1,3,9,1.9,2024-06-03 11:00:00,45.818129,15.998758,0,1,0,0.626,6,0.293,1,3.5,0.7609,0.2449,0.3266,0.4561,0.5289,0.2451,0.4349,0.3892
2469,7494,1,1,0,28,2.0,2024-03-01 18:00:00,45.846155,15.967069,1,5,2,0.723,20,1.396,2,2.98,0.9299,0.3772,0.2768,0.4252,0.5718,0.1945,0.5357,0.3248
2470,7130,8,0,2,8,1.4,2023-04-22 19:00:00,45.825662,15.998347,0,6,2,0.48,4,0.592,1,3.74,0.9583,0.3004,0.4172,0.4295,0.2524,0.8632,0.4105,0.3596
2471,17,0,1,1,12,1.6,2023-02-21 10:00:00,45.789703,16.047356,2,2,0,0.174,2,1.178,0,3.47,0.8244,0.2413,0.2718,0.4875,0.7194,0.1822,0.5057,0.269
2472,5281,5,5,0,3,1.5,2024-01-23 11:00:00,45.809787,16.042616,2,2,0,0.391,1,0.581,0,2.48,0.2801,0.5113,0.0634,0.5809,0.301,0.5819,0.3902,0.2657
2473,8380,2,0,2,4,1.9,2024-09-12 20:00:00,45.855968,15.963593,1,4,2,0.185,1,0.825,0,1.43,0.8682,0.2272,0.491,0.5395,0.2303,0.8776,0.2595,0.2776
2474,7683,4,6,1,11,0.8,2023-03-18 09:00:00,45.813653,15.983022,0,6,0,0.495,5,0.617,1,2.36,0.6956,0.2777,0.2242,0.7375,0.2643,0.2875,0.9836,0.5313
2475,8145,29,1,0,10,0.9,2023-04-23 19:00:00,45.743124,15.977612,3,0,2,0.208,2,0.809,0,2.67,0.7914,0.3101,0.3018,0.3275,0.5801,0.1729,0.4884,0.2176
2476,146,1,1,1,11,1.7,2024-06-15 09:00:00,45.791801,16.036066,2,6,0,0.429,5,0.428,1,2.62,0.8606,0.2822,0.3683,0.3044,0.5792,0.2465,0.4823,0.2903
2477,4535,8,0,1,6,1.8,2023-11-06 10:00:00,45.845749,15.948062,1,1,0,0.389,2,1.375,0,1.46,0.9384,0.304,0.4631,0.4505,0.2371,0.9394,0.4018,0.3111
2478,343,30,5,1,13,0.5,2024-11-25 11:00:00,45.791779,16.059703,2,1,0,0.382,5,1.047,1,1.29,0.2675,0.4701,0.1493,0.5931,0.3572,0.5772,0.2921,0.3211
2479,3211,30,5,0,8,2.0,2023-01-02 20:00:00,45.829845,15.914611,4,1,2,0.71,6,0.191,1,2.35,0.3372,0.5029,0.0583,0.5888,0.2973,0.5949,0.3706,0.2663
2480,5259,18,7,0,4,1.8,2023-06-14 18:00:00,45.805073,15.957959,0,3,2,0.362,1,1.12,0,1.7,0.5343,0.3329,0.5895,0.4166,0.9273,0.2058,0.3947,0.6997
2481,683,4,6,0,29,1.9,2023-09-25 20:00:00,45.791775,16.051527,2,1,2,0.457,13,0.71,2,1.93,0.7733,0.3165,0.3007,0.6187,0.1933,0.1968,0.8433,0.4796
2482,1164,11,3,0,18,1.1,2023-08-22 20:00:00,45.853919,15.963257,1,2,2,0.713,13,1.03,2,2.06,0.4531,0.5042,0.8947,0.5667,0.7861,0.2194,0.5615,0.7624
2483,1801,13,6,1,4,1.2,2024-06-16 18:00:00,45.800337,16.041553,2,0,2,0.629,3,0.691,1,2.37,0.6701,0.3256,0.3167,0.654,0.1961,0.1604,0.8099,0.5026
2484,2085,4,6,0,18,1.9,2024-12-20 10:00:00,45.835457,15.983874,0,5,0,0.753,14,0.531,2,1.08,0.7914,0.2705,0.2933,0.6762,0.2127,0.1772,0.8695,0.5723
2485,6007,15,0,1,6,1.0,2024-04-18 19:00:00,45.791717,16.062138,2,4,2,0.35,2,0.633,0,3.57,0.8714,0.2874,0.5311,0.4637,0.1255,0.8174,0.4836,0.346
2486,5377,28,0,2,4,2.1,2024-03-14 19:00:00,45.844208,15.948617,1,4,2,0.683,3,0.59,1,1.56,0.8905,0.2144,0.605,0.6056,0.1589,0.9158,0.3466,0.3766
2487,2204,10,4,0,11,1.4,2023-04-08 19:00:00,45.801117,15.883517,4,6,2,0.282,3,1.062,1,3.37,0.8502,0.6109,0.6552,0.8833,0.1597,0.4483,0.8118,0.3644
2488,3623,3,2,3,14,1.9,2023-02-16 18:00:00,45.792247,16.039845,2,4,2,0.323,5,1.305,1,2.02,0.3919,0.8276,0.213,0.6277,0.3069,0.296,0.314,0.5823
2489,7816,17,0,1,6,1.3,2024-04-18 18:00:00,45.784632,16.039873,2,4,2,0.262,2,1.104,0,2.42,0.9255,0.347,0.5143,0.4656,0.1945,0.9005,0.4237,0.2952
2490,8566,3,2,0,6,1.0,2023-08-14 11:00:00,45.819606,15.970472,0,1,0,0.36,2,0.979,0,2.32,0.349,0.9408,0.2373,0.5794,0.2689,0.2239,0.3223,0.3772
2491,5030,2,0,0,3,0.8,2024-11-03 18:00:00,45.813983,15.892442,4,0,2,0.44,1,0.547,0,1.58,0.8577,0.2673,0.4823,0.4718,0.2406,0.9586,0.383,0.3146
2492,5541,1,1,2,10,1.1,2023-03-16 10:00:00,45.81402,15.993934,0,4,0,0.665,7,1.161,1,2.11,0.8803,0.273,0.3578,0.4416,0.5877,0.2336,0.507,0.2846
2493,7285,3,2,1,8,2.2,2023-10-10 20:00:00,45.751535,15.951672,3,2,2,0.659,5,0.969,1,2.51,0.3521,0.8731,0.2486,0.6396,0.2796,0.2478,0.3053,0.4875
2494,8965,9,1,1,14,1.6,2024-07-19 18:00:00,45.768586,15.981603,3,5,2,0.564,8,0.794,1,2.41,0.8105,0.2862,0.393,0.3862,0.6387,0.1711,0.4651,0.3108
2495,8928,19,4,0,18,1.8,2024-03-28 19:00:00,45.80721,15.97698,0,4,2,0.381,7,0.466,1,3.02,0.7848,0.6614,0.6689,0.954,0.144,0.431,0.8545,0.4078
2496,5517,10,4,1,7,1.6,2024-05-10 19:00:00,45.754735,15.978974,3,5,2,0.314,2,0.625,0,1.81,0.7613,0.6145,0.6204,0.8127,0.2486,0.4086,0.8449,0.3776
2497,8227,2,0,0,2,0.6,2024-10-24 18:00:00,45.757422,15.959487,3,4,2,0.344,1,1.074,0,1.34,0.9181,0.257,0.5541,0.4588,0.236,0.8763,0.4168,0.2958
2498,792,8,0,1,8,1.3,2023-11-20 10:00:00,45.814165,15.980144,0,1,0,0.308,2,0.256,0,2.99,0.8557,0.3295,0.4225,0.499,0.2751,0.9366,0.3687,0.36
2499,5387,2,0,1,29,1.9,2024-11-03 10:00:00,45.810001,15.885079,4,0,0,0.535,16,0.291,2,2.99,0.8961,0.3069,0.5433,0.4586,0.2958,0.9585,0.4852,0.2095
2500,717,14,5,0,10,3.1,2024-12-01 18:00:00,45.754327,15.964569,3,0,2,0.375,4,0.91,1,3.17,0.2755,0.4799,0.0814,0.6384,0.3691,0.6233,0.4934,0.323
2501,8628,27,7,0,8,2.3,2024-12-16 20:00:00,45.806225,16.05239,2,1,2,0.336,3,1.35,1,3.42,0.4926,0.3173,0.6198,0.5347,0.8095,0.3056,0.3299,0.7075
2502,5360,13,6,1,7,1.7,2023-11-12 11:00:00,45.849223,15.941393,1,0,0,0.514,4,0.556,1,3.79,0.6832,0.2875,0.3176,0.733,0.1905,0.1312,0.9021,0.462
2503,3847,5,5,2,5,2.1,2023-03-06 09:00:00,45.803681,15.884424,4,1,0,0.64,3,1.043,1,1.7,0.3579,0.4688,0.1265,0.6641,0.2615,0.6306,0.4795,0.325
2504,6118,1,1,2,11,1.2,2023-01-14 11:00:00,45.848918,15.944959,1,6,0,0.143,2,0.763,0,1.72,0.814,0.246,0.3235,0.3873,0.5681,0.2246,0.5563,0.2948
2505,4218,15,0,2,6,1.6,2023-02-11 20:00:00,45.79885,15.971747,0,6,2,0.484,3,1.457,1,1.79,0.896,0.2892,0.5088,0.4786,0.2653,0.945,0.4274,0.2963
2506,238,10,4,1,18,0.8,2023-11-16 11:00:00,45.747858,15.970608,3,4,0,0.292,5,0.402,1,3.74,0.8563,0.5644,0.6896,0.8546,0.1847,0.3898,0.785,0.4383
2507,3926,4,6,1,8,1.5,2023-09-05 19:00:00,45.758375,15.969216,3,2,2,0.447,4,0.161,1,2.47,0.6994,0.2759,0.2832,0.6733,0.2398,0.1839,0.8616,0.5494
2508,501,0,1,1,4,2.0,2024-10-25 10:00:00,45.86225,15.948116,1,5,0,0.637,3,1.44,1,3.68,0.7776,0.273,0.2229,0.4202,0.5886,0.1996,0.5615,0.4145
2509,6834,9,1,1,6,0.5,2024-03-04 10:00:00,45.798002,16.04846,2,1,0,0.174,1,0.879,0,3.39,0.7469,0.3555,0.2928,0.4042,0.5685,0.2688,0.5515,0.3362
2510,5452,3,2,0,15,1.6,2023-02-08 10:00:00,45.829946,15.98073,0,3,0,0.415,6,0.894,1,3.26,0.4217,0.8048,0.1374,0.7816,0.2839,0.3957,0.4226,0.5246
2511,7292,1,1,2,11,1.3,2023-06-10 18:00:00,45.752053,15.979211,3,6,2,0.175,2,0.514,0,1.72,0.817,0.2252,0.2651,0.4128,0.5835,0.182,0.5196,0.2768
2512,3166,22,7,2,6,1.9,2024-10-19 20:00:00,45.812438,15.977795,0,6,2,0.295,2,1.002,0,3.53,0.5208,0.3716,0.6088,0.5905,0.9051,0.226,0.4209,0.6962
2513,6420,29,1,1,4,2.6,2023-07-20 09:00:00,45.743226,15.988949,3,4,0,0.159,1,1.029,0,2.62,0.9133,0.3366,0.3299,0.3354,0.599,0.1149,0.5452,0.265
2514,3310,27,7,1,6,0.6,2023-12-29 19:00:00,45.813988,15.976542,0,5,2,0.456,3,0.211,1,3.55,0.5291,0.3571,0.6245,0.5461,0.9885,0.2223,0.49,0.6409
2515,2772,23,3,1,4,0.5,2023-08-17 20:00:00,45.736483,15.979352,3,4,2,0.316,1,0.742,0,2.16,0.4117,0.5414,0.8822,0.6093,0.8222,0.2313,0.4697,0.8201
2516,7756,8,0,0,19,1.7,2024-10-29 11:00:00,45.762934,15.973334,3,2,0,0.414,8,0.815,1,2.91,0.9008,0.3644,0.5477,0.5122,0.223,0.8974,0.3533,0.282
2517,8707,3,2,0,3,0.5,2023-10-11 19:00:00,45.821313,15.987666,0,3,2,0.313,1,0.024,0,1.61,0.4525,0.9588,0.1254,0.5768,0.3075,0.253,0.3855,0.4058
2518,162,27,7,1,7,1.3,2023-01-28 09:00:00,45.750285,15.981534,3,6,0,0.465,3,1.127,1,2.98,0.5542,0.3844,0.5525,0.548,0.9061,0.3846,0.4186,0.6475
2519,6361,1,1,2,18,1.5,2024-06-16 18:00:00,45.796465,15.881704,4,0,2,0.6,11,1.269,2,2.89,0.8329,0.3056,0.2531,0.413,0.5793,0.2313,0.5548,0.3132
2520,927,4,6,1,8,1.4,2023-06-21 20:00:00,45.76746,15.974826,3,3,2,0.327,3,1.257,1,2.9,0.7218,0.3154,0.2667,0.6423,0.2344,0.1934,0.8987,0.4348
2521,930,27,7,0,10,0.6,2024-09-09 18:00:00,45.798413,16.046664,2,1,2,0.29,3,1.193,1,3.06,0.4647,0.3434,0.642,0.5138,0.9512,0.3073,0.4127,0.6408
2522,2588,1,1,0,14,1.3,2024-12-23 10:00:00,45.851126,15.961713,1,1,0,0.511,7,0.777,1,2.52,0.7908,0.2842,0.2744,0.3841,0.5823,0.2451,0.5584,0.3165
2523,289,1,1,0,14,1.9,2024-08-19 19:00:00,45.809141,15.898554,4,1,2,0.306,4,1.113,1,3.2,0.8239,0.3188,0.3146,0.4016,0.5457,0.1971,0.4934,0.272
2524,5210,0,1,2,2,1.8,2023-06-11 19:00:00,45.782319,16.051944,2,0,2,0.565,1,1.191,0,2.63,0.8455,0.312,0.345,0.382,0.5576,0.1907,0.344,0.2965
2525,1501,11,3,0,6,1.0,2023-07-15 18:00:00,45.828133,15.894659,4,6,2,0.301,2,0.624,0,2.43,0.4617,0.4235,0.7616,0.633,0.8579,0.1978,0.4553,0.8122
2526,8608,13,6,1,15,1.1,2023-09-20 11:00:00,45.748917,15.987581,3,3,0,0.765,11,1.252,2,2.01,0.7685,0.3024,0.2421,0.6907,0.1777,0.1992,0.9669,0.5256
2527,2878,0,1,0,6,2.2,2023-12-23 20:00:00,45.855093,15.947907,1,6,2,0.706,4,0.186,1,3.1,0.7435,0.3709,0.2801,0.3584,0.5849,0.1443,0.5135,0.3201
2528,49,1,1,0,9,1.5,2023-12-05 20:00:00,45.754383,15.968312,3,2,2,0.246,2,0.384,0,3.78,0.8515,0.3162,0.236,0.463,0.5696,0.1711,0.5601,0.2782
2529,1520,15,0,2,3,1.2,2024-06-12 09:00:00,45.829926,15.978997,0,3,0,0.153,0,0.406,0,3.6,0.979,0.2942,0.4568,0.5135,0.2507,0.9116,0.3265,0.3432
2530,6284,29,1,0,7,1.5,2023-05-12 19:00:00,45.856742,15.956697,1,5,2,0.735,5,0.777,1,2.18,0.7383,0.267,0.3376,0.4317,0.5486,0.2931,0.5228,0.3155
2531,7202,14,5,0,18,1.3,2024-06-09 18:00:00,45.810619,15.897074,4,0,2,0.877,16,0.192,2,2.86,0.2993,0.5827,0.04,0.6464,0.2347,0.5002,0.3251,0.2673
2532,3959,23,3,2,9,2.0,2024-11-01 10:00:00,45.852518,15.957776,1,5,0,0.756,7,0.331,1,2.41,0.5346,0.5805,0.8763,0.5872,0.742,0.141,0.4269,0.7586
2533,2385,1,1,0,5,2.1,2024-04-14 19:00:00,45.820392,15.96595,0,0,2,0.318,2,0.413,0,3.72,0.6897,0.2092,0.3196,0.4262,0.6251,0.1911,0.4649,0.2918
2534,7461,24,3,2,6,1.3,2023-05-15 11:00:00,45.794415,16.0431,2,1,0,0.621,4,0.547,1,2.28,0.4226,0.4502,0.7845,0.5951,0.8639,0.2255,0.455,0.7811
2535,8052,14,5,1,17,1.6,2023-02-16 09:00:00,45.753787,15.961627,3,4,0,0.039,1,0.237,0,2.28,0.2399,0.5625,0.0488,0.5615,0.2553,0.596,0.3803,0.2376
2536,7096,2,0,2,17,2.4,2024-07-25 20:00:00,45.810697,16.047884,2,4,2,0.502,9,0.07,2,2.66,0.8828,0.3249,0.4605,0.6035,0.1788,0.9101,0.3972,0.254
2537,4722,0,1,1,7,1.3,2023-01-01 20:00:00,45.812663,15.986751,0,0,2,0.286,2,0.964,0,2.7,0.8128,0.2917,0.3066,0.4593,0.5691,0.2037,0.4928,0.3271
2538,6239,2,0,2,19,1.1,2023-04-23 20:00:00,45.837993,15.998652,0,0,2,0.632,12,0.635,2,1.68,0.8644,0.3319,0.474,0.3825,0.1047,0.9107,0.3007,0.2848
2539,7134,24,3,1,10,2.0,2023-01-13 11:00:00,45.7991,16.04227,2,5,0,0.121,1,0.81,0,2.85,0.5082,0.458,0.9081,0.6055,0.8317,0.1029,0.5402,0.7635
2540,7745,9,1,1,12,1.8,2024-07-02 18:00:00,45.822184,15.887909,4,2,2,0.257,3,0.453,1,1.12,0.7367,0.2522,0.2439,0.3383,0.5834,0.1869,0.4831,0.341
2541,747,1,1,0,13,1.7,2023-02-15 20:00:00,45.756833,15.971022,3,3,2,0.301,4,0.556,1,3.72,0.8476,0.3296,0.4055,0.4004,0.5605,0.2683,0.4577,0.3394
2542,4904,27,7,0,12,1.8,2023-10-06 19:00:00,45.812294,15.882043,4,5,2,0.573,7,0.187,1,2.28,0.6069,0.4043,0.6004,0.5139,0.9469,0.2373,0.4355,0.7148
2543,8893,18,7,0,11,1.5,2023-04-12 18:00:00,45.814812,15.965796,0,3,2,0.474,5,0.459,1,1.19,0.5717,0.4135,0.6457,0.5134,0.8944,0.2446,0.3917,0.648
2544,1152,10,4,2,15,1.8,2023-01-11 20:00:00,45.744118,15.985149,3,3,2,0.55,8,0.384,1,2.94,0.8679,0.6285,0.7115,0.9327,0.1736,0.4085,0.8171,0.5131
2545,8928,29,1,1,7,1.0,2024-11-16 18:00:00,45.806306,15.889077,4,6,2,0.186,1,0.2,0,3.0,0.7617,0.2752,0.3045,0.4866,0.6307,0.2028,0.5627,0.2073
2546,1826,29,1,0,13,1.3,2023-08-31 20:00:00,45.842859,15.962221,1,4,2,0.159,2,1.309,0,2.86,0.7599,0.3486,0.321,0.4483,0.5589,0.1465,0.5295,0.2577
2547,7464,27,7,0,7,1.3,2023-08-20 20:00:00,45.820229,15.886142,4,0,2,0.155,1,1.036,0,3.26,0.5423,0.3525,0.5196,0.5417,0.8309,0.3057,0.4083,0.7035
2548,5118,1,1,2,15,0.9,2024-05-25 20:00:00,45.81965,15.966678,0,6,2,0.564,8,0.485,1,2.91,0.7719,0.3438,0.2902,0.4209,0.6311,0.1762,0.5427,0.3115
2549,1505,9,1,0,6,1.7,2023-01-04 09:00:00,45.78592,16.050933,2,3,0,0.514,3,0.483,1,1.57,0.8254,0.3518,0.3355,0.3485,0.6362,0.1372,0.5395,0.2961
2550,3032,5,5,0,13,1.2,2024-12-26 19:00:00,45.809325,16.068097,2,4,2,0.704,9,0.713,2,2.58,0.2796,0.5713,0.1533,0.5151,0.3116,0.5444,0.3487,0.2941
2551,418,13,6,2,3,1.3,2023-09-23 10:00:00,45.799219,15.982061,0,6,0,0.543,2,0.645,0,2.45,0.7352,0.2666,0.2814,0.7132,0.2591,0.197,0.8543,0.4998
2552,4323,9,1,1,4,2.6,2023-02-04 09:00:00,45.810522,15.872871,4,6,0,0.211,1,0.48,0,2.07,0.8257,0.3041,0.209,0.4334,0.5939,0.268,0.6127,0.3137
2553,8345,27,7,0,9,1.3,2024-02-07 19:00:00,45.84816,15.971328,1,3,2,0.209,2,0.564,0,2.93,0.531,0.4284,0.5977,0.4778,0.9122,0.3185,0.4217,0.6648
2554,1472,4,6,1,5,1.1,2024-12-15 20:00:00,45.818133,15.906111,4,0,2,0.261,1,0.183,0,2.78,0.677,0.2629,0.2799,0.6998,0.2216,0.1984,1.0,0.43
2555,2407,0,1,1,8,1.6,2024-06-04 18:00:00,45.749362,15.974602,3,2,2,0.594,5,1.209,1,3.88,0.8165,0.3601,0.2593,0.3859,0.6588,0.1589,0.457,0.2762
2556,4019,7,0,0,10,1.5,2023-05-24 09:00:00,45.805825,15.970508,0,3,0,0.224,2,0.573,0,2.42,0.875,0.324,0.41,0.4694,0.1785,0.8905,0.3723,0.241
2557,194,17,0,2,10,1.4,2023-11-07 20:00:00,45.793103,16.053783,2,2,2,0.202,2,0.29,0,3.28,0.8726,0.303,0.4918,0.4901,0.2726,0.8554,0.4635,0.283
2558,7314,9,1,1,5,1.9,2023-11-20 18:00:00,45.852903,15.962103,1,1,2,0.533,3,0.716,1,2.4,0.8258,0.3433,0.2718,0.4328,0.6005,0.1619,0.4359,0.2987
2559,6383,8,0,0,6,1.9,2024-05-04 09:00:00,45.79866,16.04808,2,6,0,0.217,1,1.27,0,2.79,0.8473,0.2422,0.5258,0.4314,0.2283,0.93,0.3472,0.3184
2560,4278,8,0,3,4,1.6,2023-02-11 20:00:00,45.818526,15.893975,4,6,2,0.71,3,0.391,1,2.87,0.9571,0.3187,0.4775,0.486,0.2391,0.8395,0.3617,0.3181
2561,1486,13,6,0,8,1.6,2023-01-29 11:00:00,45.853192,15.948774,1,0,0,0.288,2,0.34,0,3.33,0.6555,0.3417,0.275,0.7836,0.263,0.1633,0.8323,0.4783
2562,4366,7,0,2,10,2.1,2023-11-02 20:00:00,45.751821,15.967648,3,4,2,0.282,3,0.94,1,3.66,0.9657,0.3494,0.4958,0.4817,0.2742,0.9264,0.4255,0.2739
2563,4563,20,5,0,12,1.3,2024-07-09 18:00:00,45.806995,15.882084,4,2,2,0.565,7,0.177,1,1.83,0.3428,0.6267,0.0592,0.5975,0.2053,0.5922,0.3815,0.2627
2564,3661,23,3,1,3,2.1,2024-12-30 20:00:00,45.810585,15.88202,4,1,2,0.19,1,0.517,0,3.02,0.5305,0.4891,0.9514,0.5686,0.8836,0.1858,0.5108,0.7734
2565,4746,3,2,1,5,1.0,2024-09-29 19:00:00,45.805093,15.974444,0,0,2,0.181,1,0.892,0,2.58,0.36,0.8245,0.2078,0.6606,0.3333,0.3418,0.3255,0.5318
2566,7184,8,0,0,11,1.8,2024-11-09 10:00:00,45.807501,15.877063,4,6,0,0.35,4,1.033,1,1.44,0.7931,0.3443,0.4995,0.4624,0.2262,0.8989,0.4644,0.3514
2567,5799,4,6,1,16,1.1,2023-12-03 18:00:00,45.815612,15.882725,4,0,2,0.364,6,1.27,1,1.46,0.6223,0.2671,0.3466,0.567,0.192,0.1665,0.8197,0.4952
2568,2094,18,7,2,12,1.6,2023-10-18 10:00:00,45.824061,15.880076,4,3,0,0.772,9,0.597,2,2.48,0.52,0.4771,0.6349,0.4182,0.8287,0.2976,0.3743,0.7322
2569,6602,15,0,0,27,1.2,2024-07-04 18:00:00,45.791897,16.050471,2,4,2,0.767,21,0.21,2,2.8,0.902,0.2642,0.4336,0.5082,0.1753,0.764,0.4326,0.3082
2570,5075,8,0,2,5,1.4,2024-08-28 20:00:00,45.813206,15.977235,0,3,2,0.26,1,0.629,0,2.1,0.9296,0.3033,0.4339,0.5015,0.0735,0.8745,0.3716,0.3188
2571,2789,2,0,1,14,1.0,2024-09-27 10:00:00,45.802116,15.897454,4,5,0,0.091,1,0.508,0,2.93,0.8841,0.3311,0.5074,0.4653,0.2273,0.9103,0.3711,0.32
2572,204,2,0,1,5,1.5,2023-07-28 10:00:00,45.814072,15.963459,0,5,0,0.281,1,0.185,0,2.9,0.9882,0.3428,0.5056,0.526,0.2235,0.839,0.4004,0.3196
2573,3357,27,7,1,9,2.0,2023-01-19 19:00:00,45.809227,15.890201,4,4,2,0.592,5,0.666,1,3.92,0.5696,0.4077,0.5772,0.5515,0.9669,0.3034,0.3369,0.6851
2574,1170,22,7,1,8,0.9,2023-03-24 11:00:00,45.825889,15.88324,4,5,0,0.196,2,0.958,0,2.81,0.5518,0.2585,0.561,0.5014,0.8925,0.2948,0.387,0.7251
2575,7131,2,0,1,19,1.3,2024-11-21 09:00:00,45.784716,16.059452,2,4,0,0.522,10,0.428,2,2.88,0.9035,0.3095,0.44,0.5016,0.2098,0.9236,0.3544,0.316
2576,707,1,1,0,12,1.9,2024-09-11 11:00:00,45.743573,15.967159,3,3,0,0.122,1,0.294,0,2.3,0.847,0.3859,0.2597,0.393,0.5207,0.2508,0.3839,0.2672
2577,4241,29,1,0,19,1.9,2023-01-11 09:00:00,45.812587,15.893909,4,3,0,0.244,5,0.661,1,2.86,0.7789,0.3684,0.2387,0.3945,0.5515,0.1676,0.5027,0.2085
2578,2982,10,4,1,5,0.8,2024-06-11 19:00:00,45.804697,15.891207,4,2,2,0.758,4,0.579,1,3.55,0.8285,0.6306,0.6424,0.9899,0.2276,0.3962,0.7611,0.3384
2579,4613,9,1,2,6,1.5,2024-08-21 09:00:00,45.756835,15.983844,3,3,0,0.3,2,0.509,0,2.28,0.7895,0.1997,0.3197,0.4082,0.603,0.1668,0.5452,0.2813
2580,4602,0,1,0,12,1.8,2024-07-03 20:00:00,45.759404,15.963673,3,3,2,0.163,2,1.316,0,2.17,0.7622,0.3277,0.287,0.4263,0.5786,0.2283,0.4703,0.3332
2581,8029,23,3,1,14,1.7,2023-10-09 09:00:00,45.798008,16.034129,2,1,0,0.541,8,1.379,1,1.65,0.4692,0.5662,0.8272,0.5875,0.8098,0.2083,0.5686,0.8528
2582,3555,1,1,0,6,1.8,2024-05-14 10:00:00,45.798032,15.983861,0,2,0,0.479,3,0.926,1,3.15,0.8679,0.3215,0.3378,0.4198,0.5633,0.1533,0.5224,0.2867
2583,2836,2,0,0,15,1.4,2024-02-27 09:00:00,45.848378,15.940225,1,2,0,0.411,6,1.203,1,2.21,0.9082,0.3029,0.5143,0.438,0.2036,0.9592,0.3074,0.3342
2584,2787,15,0,0,7,1.7,2024-04-02 10:00:00,45.814335,15.884993,4,2,0,0.414,3,0.452,1,3.3,0.9504,0.2909,0.4262,0.5475,0.1643,0.9617,0.4222,0.3357
2585,6390,8,0,0,13,1.8,2023-02-01 09:00:00,45.738961,15.966302,3,3,0,0.277,4,0.603,1,2.93,0.9154,0.3952,0.4825,0.5243,0.1493,0.9078,0.2959,0.2689
2586,1012,1,1,1,16,1.8,2024-02-26 10:00:00,45.79832,15.90247,4,1,0,0.188,3,0.128,1,2.71,0.7876,0.2099,0.281,0.3218,0.586,0.2667,0.4759,0.2643
2587,1579,9,1,1,4,0.9,2024-02-02 11:00:00,45.806584,15.892824,4,5,0,0.483,2,0.413,0,2.85,0.7201,0.4093,0.3857,0.3532,0.6413,0.1357,0.4252,0.2884
2588,8888,30,5,1,6,1.8,2024-01-05 19:00:00,45.851416,15.951927,1,5,2,0.232,1,0.851,0,1.62,0.2623,0.5008,0.0627,0.5954,0.4255,0.5249,0.3223,0.281
2589,7533,28,0,2,2,2.5,2024-07-19 19:00:00,45.828036,15.984335,0,5,2,0.561,1,0.315,0,2.66,0.983,0.3297,0.5654,0.444,0.1692,0.9433,0.3206,0.2936
2590,6939,17,0,1,3,1.6,2023-08-02 19:00:00,45.807659,16.055562,2,3,2,0.178,1,0.848,0,2.27,0.9817,0.2886,0.5868,0.4995,0.154,0.8092,0.4275,0.293
2591,883,19,4,0,7,2.7,2023-03-01 09:00:00,45.753771,15.965623,3,3,0,0.201,1,1.028,0,1.92,0.7242,0.6239,0.7022,0.8873,0.2057,0.3589,0.7505,0.3826
2592,4769,30,5,2,14,1.7,2024-12-07 09:00:00,45.815986,15.963574,0,6,0,0.872,12,1.418,2,1.88,0.2628,0.4066,0.1065,0.6274,0.292,0.5843,0.4755,0.2696
2593,368,2,0,0,10,2.1,2024-01-03 11:00:00,45.866395,15.950897,1,3,0,0.136,1,0.644,0,2.86,0.8338,0.2257,0.5311,0.5967,0.211,0.9382,0.426,0.259
2594,8060,4,6,0,9,1.2,2023-06-27 09:00:00,45.757921,15.975338,3,2,0,0.533,5,0.852,1,2.57,0.6358,0.36,0.2837,0.7434,0.2726,0.1308,0.8532,0.4801
2595,8451,5,5,0,4,1.4,2023-10-10 19:00:00,45.744734,15.985233,3,2,2,0.259,1,0.631,0,2.8,0.3181,0.528,0.1182,0.5858,0.2942,0.6416,0.446,0.3256
2596,7186,5,5,1,11,2.5,2024-01-03 19:00:00,45.846994,15.950435,1,3,2,0.657,7,0.978,1,2.28,0.291,0.4464,0.0977,0.5963,0.3295,0.5854,0.504,0.3668
2597,5152,0,1,0,4,1.3,2024-05-03 20:00:00,45.856071,15.959728,1,5,2,0.595,2,0.522,0,0.96,0.8401,0.2862,0.3652,0.409,0.4879,0.1738,0.581,0.288
2598,8738,29,1,0,11,1.8,2024-07-27 09:00:00,45.799227,16.048089,2,6,0,0.725,8,0.66,1,2.35,0.8237,0.3006,0.303,0.3613,0.6034,0.2041,0.4778,0.31
2599,2523,4,6,1,5,1.4,2023-12-18 18:00:00,45.806114,15.885762,4,1,2,0.633,3,0.941,1,2.05,0.6787,0.2809,0.375,0.6282,0.149,0.1138,0.8248,0.4805
2600,6879,25,3,1,7,1.5,2023-08-22 19:00:00,45.742713,15.979367,3,2,2,0.57,4,1.045,1,3.46,0.5057,0.4446,0.9058,0.5973,0.8045,0.2637,0.5607,0.7748
2601,3589,2,0,0,11,0.6,2023-07-19 20:00:00,45.80229,15.889168,4,3,2,0.2,2,1.305,0,3.43,0.9029,0.2848,0.5036,0.4431,0.1967,0.8954,0.2569,0.3899
2602,6192,11,3,1,2,1.2,2023-03-29 09:00:00,45.795196,16.047386,2,3,0,0.287,1,0.138,0,2.7,0.4715,0.5088,0.9538,0.5389,0.8748,0.1642,0.4593,0.8308
2603,2305,10,4,0,3,1.9,2023-10-10 10:00:00,45.804408,16.04176,2,2,0,0.46,1,0.966,0,3.21,0.7512,0.6277,0.7492,0.844,0.2133,0.4473,0.8348,0.4024
2604,5581,27,7,0,10,1.5,2023-10-23 11:00:00,45.804513,16.051034,2,1,0,0.709,7,1.15,1,2.87,0.5805,0.3756,0.5723,0.5105,0.963,0.3454,0.4403,0.7365
2605,135,29,1,2,11,2.6,2023-06-10 20:00:00,45.760368,15.975235,3,6,2,0.204,2,0.176,0,1.19,0.7903,0.1549,0.2884,0.4015,0.6286,0.1827,0.5801,0.3643
2606,6996,20,5,2,11,1.5,2023-05-31 18:00:00,45.735488,15.960953,3,3,2,0.307,3,0.415,1,3.2,0.3264,0.4911,0.1105,0.6144,0.376,0.5759,0.4435,0.3708
2607,2856,2,0,1,21,2.1,2023-03-29 09:00:00,45.786942,16.052016,2,3,0,0.91,19,0.582,2,3.23,0.8512,0.2722,0.5123,0.4859,0.2022,0.9347,0.3502,0.325
2608,5492,26,7,1,9,1.5,2023-01-16 11:00:00,45.800141,15.981035,0,1,0,0.546,5,0.658,1,2.87,0.4786,0.4724,0.6128,0.5307,0.9379,0.2849,0.3052,0.6778
2609,7525,24,3,0,20,1.5,2024-06-09 18:00:00,45.795816,16.063657,2,0,2,0.335,7,1.138,1,3.4,0.5627,0.4068,0.869,0.5749,0.7427,0.1372,0.464,0.827
2610,1920,4,6,0,2,1.3,2024-01-26 18:00:00,45.761274,15.979547,3,5,2,0.364,1,1.37,0,2.77,0.682,0.4282,0.3507,0.7139,0.2262,0.2465,0.924,0.5028
2611,3407,0,1,0,8,0.5,2024-04-15 09:00:00,45.816451,15.891922,4,1,0,0.25,2,1.381,0,2.07,0.7702,0.3191,0.2811,0.3869,0.6163,0.1398,0.4924,0.2673
2612,2071,13,6,1,3,1.8,2023-06-09 18:00:00,45.815241,15.970944,0,5,2,0.292,1,1.366,0,2.01,0.811,0.3463,0.246,0.7022,0.2065,0.2032,0.8956,0.5789
2613,5497,26,7,1,7,0.7,2023-10-15 09:00:00,45.742952,15.973941,3,0,0,0.192,1,0.606,0,3.16,0.4697,0.4398,0.615,0.4824,0.9254,0.2052,0.3411,0.6299
2614,1476,2,0,0,16,0.9,2024-06-02 18:00:00,45.745268,15.971513,3,0,2,0.059,1,0.948,0,3.56,0.8511,0.3402,0.5636,0.5395,0.2248,1.0,0.3534,0.253
2615,6419,14,5,0,8,1.0,2024-03-03 20:00:00,45.801244,16.055329,2,0,2,0.288,2,0.997,0,1.5,0.308,0.5235,0.0584,0.5855,0.2759,0.604,0.4524,0.2747
2616,3935,10,4,1,3,1.3,2023-01-12 18:00:00,45.742212,15.977017,3,4,2,0.092,0,1.189,0,2.49,0.7421,0.6798,0.7298,0.919,0.3299,0.4138,0.7872,0.4951
2617,3459,2,0,0,3,2.0,2023-11-17 20:00:00,45.866756,15.957465,1,5,2,0.444,1,1.271,0,1.24,0.8591,0.2335,0.4688,0.5408,0.2081,0.8052,0.4152,0.3627
2618,4220,27,7,1,46,2.1,2024-02-03 09:00:00,45.796228,15.889906,4,6,0,0.291,13,1.209,2,1.64,0.4843,0.3602,0.6941,0.3805,0.9236,0.337,0.4052,0.8119
2619,3054,11,3,0,50,0.5,2024-01-28 19:00:00,45.81,15.897951,4,0,2,0.268,13,1.069,2,3.23,0.4068,0.4765,0.8787,0.5038,0.8366,0.1638,0.5448,0.8689
2620,2497,29,1,1,7,1.5,2023-10-03 10:00:00,45.81333,15.886017,4,2,0,0.674,5,1.177,1,2.77,0.7244,0.3593,0.3653,0.4129,0.504,0.2072,0.5582,0.1535
2621,3587,3,2,2,8,1.3,2024-06-19 09:00:00,45.80571,15.883819,4,3,0,0.308,2,0.193,0,2.8,0.3364,0.8403,0.1675,0.6494,0.2587,0.3304,0.2662,0.481
2622,5235,17,0,0,3,1.4,2023-11-04 18:00:00,45.789428,16.038467,2,6,2,0.431,1,0.749,0,1.45,0.8793,0.2656,0.4867,0.5287,0.2558,0.9094,0.4103,0.2532
2623,8803,0,1,2,3,1.9,2024-08-23 20:00:00,45.746082,15.974364,3,5,2,0.778,2,0.594,0,2.31,0.7944,0.2369,0.2519,0.3112,0.5956,0.0999,0.5086,0.2474
2624,2232,12,0,0,5,1.6,2024-02-16 10:00:00,45.750971,15.975744,3,5,0,0.489,2,0.897,0,3.68,0.8449,0.2905,0.4945,0.4667,0.2318,0.8463,0.418,0.3441
2625,4926,3,2,1,12,1.8,2023-06-28 18:00:00,45.79413,16.035983,2,3,2,0.18,2,0.173,0,3.12,0.4267,0.8579,0.1965,0.5993,0.2403,0.3153,0.292,0.408
2626,3279,2,0,1,9,1.4,2023-05-30 18:00:00,45.753999,15.983795,3,2,2,0.539,5,0.837,1,3.68,0.9481,0.2838,0.5411,0.5602,0.2018,1.0,0.3968,0.377
2627,1404,8,0,1,4,1.5,2024-06-22 20:00:00,45.829664,15.869832,4,6,2,0.243,1,0.94,0,3.07,0.8682,0.3099,0.4879,0.5364,0.1159,0.9082,0.4856,0.3069
2628,5928,6,2,1,3,1.5,2023-09-15 19:00:00,45.813458,16.025403,2,5,2,0.291,1,1.164,0,2.59,0.43,0.8433,0.1484,0.5986,0.188,0.2726,0.2515,0.4391
2629,2464,3,2,1,5,1.4,2023-07-02 09:00:00,45.846916,15.95431,1,0,0,0.694,3,0.475,1,3.39,0.4171,0.9716,0.2359,0.6562,0.2697,0.2712,0.3217,0.6053
2630,6407,7,0,1,7,1.6,2024-03-16 10:00:00,45.814066,15.976849,0,6,0,0.187,1,0.904,0,2.96,0.8787,0.2787,0.4914,0.5255,0.222,0.9828,0.4948,0.3812
2631,2192,11,3,3,21,1.7,2024-04-11 11:00:00,45.802602,15.974549,0,4,0,0.149,3,0.944,1,1.58,0.4965,0.5304,0.9497,0.6198,0.7531,0.1847,0.4493,0.8808
2632,5115,1,1,2,8,1.3,2023-12-23 09:00:00,45.797474,15.984428,0,6,0,0.531,4,0.714,1,3.65,0.86,0.2613,0.3026,0.5197,0.5588,0.2208,0.5002,0.3717
2633,4041,13,6,1,7,1.7,2024-09-17 18:00:00,45.799824,16.025856,2,2,2,0.749,5,0.319,1,3.06,0.6579,0.3464,0.2372,0.698,0.2178,0.2144,0.9543,0.4659
2634,2188,8,0,0,2,1.5,2023-01-06 19:00:00,45.816445,15.967703,0,5,2,0.352,1,0.439,0,1.13,0.898,0.2827,0.516,0.5063,0.1935,0.8591,0.374,0.3009
2635,1228,1,1,1,8,1.4,2023-02-15 18:00:00,45.826025,15.991073,0,3,2,0.327,3,0.732,1,2.71,0.875,0.3667,0.3668,0.4435,0.5817,0.2563,0.4672,0.2101
2636,850,4,6,1,5,1.2,2023-10-29 20:00:00,45.818041,15.896063,4,0,2,0.246,1,1.226,0,2.33,0.7566,0.3208,0.343,0.6449,0.2505,0.1767,0.88,0.5542
2637,8106,15,0,3,4,2.1,2023-11-06 09:00:00,45.747113,15.984898,3,1,0,0.546,2,0.729,0,3.11,0.9267,0.2213,0.6067,0.5426,0.1608,0.9278,0.4213,0.2402
2638,6975,22,7,1,4,1.3,2023-03-14 09:00:00,45.756433,15.98293,3,2,0,0.247,1,0.02,0,3.7,0.4867,0.3851,0.5132,0.6065,0.9128,0.2992,0.4361,0.6795
2639,1208,9,1,1,25,0.9,2024-10-27 09:00:00,45.794522,16.054407,2,0,0,0.464,12,1.238,2,1.7,0.6519,0.2271,0.2047,0.3818,0.6457,0.2239,0.5952,0.3058
2640,4025,14,5,1,4,1.7,2023-07-14 20:00:00,45.739584,15.985046,3,5,2,0.19,1,1.152,0,1.75,0.2928,0.4499,0.189,0.5811,0.3015,0.6532,0.4562,0.2678
2641,1114,29,1,0,3,2.7,2024-03-09 10:00:00,45.812278,15.992959,0,6,0,0.309,1,0.492,0,3.08,0.8542,0.2897,0.2756,0.3035,0.5964,0.2546,0.5903,0.3246
2642,250,9,1,2,12,1.6,2024-12-27 18:00:00,45.792456,16.060699,2,5,2,0.155,2,0.284,0,3.12,0.7394,0.439,0.2916,0.3257,0.7452,0.2686,0.5428,0.3128
2643,2412,1,1,0,17,2.2,2024-06-04 09:00:00,45.830746,15.978808,0,2,0,0.48,8,0.994,1,1.48,0.8043,0.2418,0.304,0.3604,0.6778,0.1514,0.552,0.2511
2644,3386,8,0,2,14,1.2,2023-07-11 18:00:00,45.751447,15.981087,3,2,2,0.647,9,1.284,2,2.62,0.9488,0.3101,0.5493,0.4834,0.2371,0.886,0.4162,0.2906
2645,8595,19,4,3,5,1.1,2024-10-20 19:00:00,45.801522,15.894543,4,0,2,0.192,1,0.047,0,2.14,0.8385,0.6016,0.6747,0.8974,0.1795,0.3958,0.8,0.4251
2646,1940,28,0,0,8,1.6,2023-04-29 19:00:00,45.808646,15.972951,0,6,2,0.642,5,1.063,1,3.39,0.8881,0.3736,0.4385,0.5351,0.2248,0.7948,0.3325,0.2808
2647,7875,1,1,0,4,2.3,2023-03-27 18:00:00,45.854679,15.96418,1,1,2,0.075,0,0.52,0,3.25,0.753,0.2437,0.2732,0.4286,0.5263,0.2194,0.5074,0.2966
2648,7876,2,0,0,29,1.4,2023-09-23 10:00:00,45.835139,15.994676,0,6,0,0.489,14,0.895,2,3.47,0.8558,0.3206,0.5193,0.5365,0.2806,0.8631,0.396,0.2891
2649,2313,5,5,0,8,1.5,2023-01-15 20:00:00,45.760395,15.965988,3,0,2,0.368,3,0.567,1,2.65,0.3842,0.5291,0.0608,0.5764,0.3134,0.5164,0.3334,0.2496
2650,4245,15,0,0,10,2.0,2024-09-29 18:00:00,45.758688,15.978283,3,0,2,0.09,1,1.058,0,2.76,0.9293,0.2523,0.5225,0.4552,0.201,0.9166,0.3748,0.3531
2651,1802,1,1,2,2,1.2,2024-04-04 19:00:00,45.81816,15.883736,4,4,2,0.245,0,0.832,0,3.03,0.8823,0.2905,0.288,0.382,0.615,0.2904,0.5432,0.2746
2652,1267,1,1,1,14,1.5,2023-05-03 18:00:00,45.809304,15.980591,0,3,2,0.6,8,0.324,1,2.26,0.8245,0.3028,0.323,0.3709,0.6202,0.2066,0.506,0.324
2653,114,1,1,1,5,1.0,2023-06-28 09:00:00,45.858902,15.959763,1,3,0,0.501,3,0.858,1,2.46,0.8394,0.2356,0.3895,0.4254,0.5788,0.2388,0.4304,0.2744
2654,1900,0,1,0,21,1.3,2023-06-05 18:00:00,45.784069,15.969024,0,1,2,0.425,9,0.966,2,2.76,0.7877,0.2687,0.297,0.4207,0.5275,0.2074,0.4943,0.3266
2655,8811,11,3,2,15,2.3,2024-10-26 11:00:00,45.807665,15.979283,0,6,0,0.434,7,0.286,1,2.38,0.4819,0.4914,0.9736,0.7524,0.7699,0.1402,0.4533,0.8139
2656,5323,14,5,0,2,1.6,2023-11-04 09:00:00,45.78751,16.047761,2,6,0,0.234,0,0.005,0,1.06,0.3732,0.5451,0.1377,0.6776,0.3097,0.5165,0.4121,0.348
2657,7877,24,3,1,5,0.9,2023-10-16 18:00:00,45.813531,15.888244,4,1,2,0.359,2,0.771,0,1.96,0.5158,0.5545,0.87,0.5666,0.8524,0.2106,0.5433,0.8368
2658,6936,29,1,2,11,1.2,2023-02-19 11:00:00,45.805081,16.060513,2,0,0,0.422,5,0.927,1,3.45,0.7055,0.3048,0.2747,0.4187,0.6034,0.1004,0.5095,0.3059
2659,2142,13,6,1,4,1.8,2023-01-19 19:00:00,45.818092,15.894823,4,4,2,0.322,1,1.064,0,3.06,0.6621,0.3079,0.2988,0.661,0.2102,0.2135,0.7871,0.5012
2660,8224,1,1,0,2,0.9,2023-05-18 19:00:00,45.750832,15.9738,3,4,2,0.499,1,0.508,0,3.16,0.7631,0.2657,0.315,0.4051,0.6081,0.1727,0.5218,0.2855
2661,2970,6,2,1,15,1.1,2024-08-17 19:00:00,45.814366,15.883519,4,6,2,0.165,2,1.167,0,3.29,0.3263,0.9476,0.2139,0.6413,0.2582,0.3236,0.3376,0.5767
2662,5152,10,4,0,12,1.8,2023-01-17 19:00:00,45.759607,15.962292,3,2,2,0.11,1,1.071,0,1.71,0.7248,0.5966,0.6894,0.7826,0.1384,0.397,0.8314,0.4045
2663,6670,11,3,0,8,1.1,2023-04-03 10:00:00,45.795358,16.048296,2,1,0,0.09,1,0.405,0,2.33,0.4556,0.493,0.9472,0.5671,0.8723,0.1722,0.6167,0.81
2664,1455,27,7,2,13,1.2,2024-06-13 11:00:00,45.818035,15.966078,0,4,0,0.259,3,1.244,1,2.53,0.4343,0.3049,0.5552,0.4811,0.8631,0.2246,0.3843,0.6651
2665,8664,9,1,1,6,1.7,2024-06-24 20:00:00,45.83634,15.970438,0,1,2,0.27,2,0.208,0,3.89,0.7945,0.3105,0.2795,0.3115,0.6614,0.2243,0.4736,0.3082
2666,1433,3,2,0,13,1.9,2023-12-04 10:00:00,45.814724,15.959907,0,1,0,0.445,6,0.915,1,1.38,0.4311,0.9035,0.2144,0.7237,0.3639,0.2715,0.3445,0.537
2667,3867,2,0,1,2,1.8,2024-11-24 10:00:00,45.807639,15.885077,4,0,0,0.825,2,0.589,0,2.57,0.8599,0.2108,0.5204,0.4811,0.1839,0.895,0.4231,0.3334
2668,5403,19,4,2,12,1.3,2024-01-02 19:00:00,45.805206,15.888084,4,2,2,0.253,3,0.406,1,3.16,0.7562,0.5101,0.6247,0.9249,0.1152,0.4319,0.86,0.4097
2669,1900,1,1,0,10,1.3,2023-07-14 20:00:00,45.816957,15.974004,0,5,2,0.328,3,1.047,1,3.54,0.7409,0.2471,0.4178,0.3946,0.5405,0.2583,0.5292,0.3465
2670,3229,8,0,0,10,0.6,2023-06-07 20:00:00,45.858835,15.956767,1,3,2,0.555,6,1.128,1,1.84,0.8843,0.2672,0.5873,0.5306,0.1837,0.8401,0.3677,0.3495
2671,420,1,1,1,9,2.3,2024-11-16 18:00:00,45.853935,15.928614,1,6,2,0.365,3,0.43,1,2.99,0.8646,0.2109,0.3346,0.3365,0.6277,0.1969,0.4954,0.283
2672,5602,17,0,0,12,1.5,2023-05-06 19:00:00,45.734573,15.981658,3,6,2,0.409,5,0.584,1,2.27,0.9426,0.2862,0.4801,0.5212,0.3097,0.9115,0.3337,0.224
2673,7683,0,1,0,9,1.9,2023-01-08 20:00:00,45.863166,15.939653,1,0,2,0.49,4,0.82,1,3.17,0.7612,0.2589,0.4018,0.3409,0.6864,0.3013,0.4343,0.2994
2674,4764,10,4,1,2,3.1,2023-06-29 11:00:00,45.813432,15.97523,0,4,0,0.347,1,0.444,0,2.8,0.747,0.6081,0.8121,0.87,0.2701,0.3654,0.846,0.44
2675,2618,2,0,0,14,1.0,2023-05-14 18:00:00,45.847451,15.943522,1,0,2,0.578,8,0.242,1,2.24,0.9711,0.3623,0.4827,0.4492,0.1316,0.8645,0.3757,0.2507
2676,3196,2,0,2,7,1.9,2024-05-29 09:00:00,45.805044,15.978517,0,3,0,0.466,3,0.542,1,3.15,0.8359,0.3411,0.5286,0.5541,0.1903,0.8816,0.3403,0.2838
2677,7665,9,1,2,9,1.7,2023-01-28 19:00:00,45.75989,15.977286,3,6,2,0.444,4,1.498,1,2.92,0.7681,0.1865,0.3409,0.3839,0.5612,0.2207,0.5286,0.2579
2678,2265,10,4,0,9,1.8,2023-06-07 10:00:00,45.852264,15.97008,1,3,0,0.742,7,0.563,1,3.69,0.6917,0.6164,0.6623,0.8888,0.2911,0.3769,0.7807,0.3591
2679,8599,4,6,1,5,1.7,2023-02-01 18:00:00,45.845803,15.941764,1,3,2,0.303,2,0.908,0,2.56,0.7271,0.299,0.3536,0.7767,0.2146,0.2673,0.9101,0.5173
2680,1164,15,0,0,4,1.2,2024-05-27 18:00:00,45.815375,15.98879,0,1,2,0.563,2,1.373,0,2.67,0.8824,0.3074,0.5348,0.5041,0.2201,0.9519,0.3378,0.208
2681,3758,16,2,0,22,1.8,2023-07-07 18:00:00,45.812714,15.892145,4,5,2,0.337,7,1.045,1,2.1,0.3085,0.8316,0.2882,0.7171,0.301,0.2917,0.319,0.455
2682,76,4,6,0,6,1.8,2024-01-22 18:00:00,45.811302,15.886362,4,1,2,0.441,3,0.128,1,3.83,0.652,0.3078,0.265,0.6601,0.2201,0.279,0.9625,0.5283
2683,6479,3,2,2,11,1.6,2024-01-26 11:00:00,45.803602,15.978409,0,5,0,0.233,3,0.678,1,1.63,0.5024,0.9842,0.2494,0.6755,0.2578,0.3065,0.3274,0.5387
2684,4733,26,7,1,3,1.4,2023-10-07 11:00:00,45.803495,16.042573,2,6,0,0.783,2,1.11,0,2.45,0.4621,0.3955,0.6375,0.5025,0.9667,0.303,0.4523,0.7542
2685,2466,2,0,0,8,1.7,2024-06-18 19:00:00,45.780522,16.03996,2,2,2,0.828,7,1.372,1,2.45,0.9091,0.3364,0.4947,0.4937,0.2126,0.81,0.3731,0.248
2686,4670,1,1,1,6,1.5,2024-03-01 20:00:00,45.821723,15.877446,4,5,2,0.129,1,0.164,0,2.06,0.7683,0.2506,0.3123,0.4196,0.538,0.216,0.3635,0.2919
2687,6585,29,1,2,9,1.7,2023-08-29 19:00:00,45.811978,15.970667,0,2,2,0.278,3,0.889,1,1.09,0.8186,0.2878,0.2296,0.4294,0.6055,0.1541,0.5366,0.2853
2688,2021,6,2,0,10,1.2,2023-11-20 19:00:00,45.749362,15.977961,3,1,2,0.364,4,1.259,1,2.12,0.3903,0.9354,0.1027,0.7589,0.3447,0.3511,0.3635,0.5071
2689,5518,13,6,0,22,1.9,2023-03-29 11:00:00,45.822075,15.880523,4,3,0,0.04,1,0.839,0,1.31,0.643,0.3397,0.3019,0.7136,0.1065,0.2536,0.8918,0.5428
2690,5265,21,0,1,40,1.5,2023-08-17 10:00:00,45.837533,15.951088,1,4,0,0.225,9,0.541,2,2.98,0.7649,0.3251,0.4677,0.5033,0.2278,0.8628,0.3452,0.2826
2691,300,25,3,2,6,1.9,2023-08-27 10:00:00,45.814392,15.967899,0,0,0,0.393,2,0.552,0,1.61,0.4654,0.5328,0.9787,0.5768,0.7557,0.2023,0.4287,0.6835
2692,2006,10,4,0,13,2.0,2023-03-26 18:00:00,45.846489,15.963512,1,0,2,0.333,4,0.699,1,3.76,0.808,0.5306,0.6849,0.9535,0.1828,0.4364,0.7333,0.4301
2693,884,1,1,1,15,2.3,2024-12-14 09:00:00,45.732936,15.975816,3,6,0,0.49,7,0.719,1,2.97,0.7257,0.3047,0.3093,0.4181,0.6274,0.1661,0.5499,0.3743
2694,3098,1,1,0,10,2.0,2024-02-05 09:00:00,45.816367,15.893745,4,1,0,0.3,3,0.869,1,2.51,0.7771,0.3102,0.2956,0.437,0.5885,0.2484,0.4995,0.2936
2695,4607,8,0,0,11,2.2,2024-03-08 18:00:00,45.749626,15.964349,3,5,2,0.281,3,0.772,1,2.15,0.8972,0.3338,0.5123,0.4795,0.1787,0.8671,0.3963,0.3602
2696,1896,6,2,1,4,3.1,2023-04-19 10:00:00,45.741443,15.972146,3,3,0,0.142,1,1.034,0,1.88,0.4091,0.8648,0.2066,0.6731,0.2563,0.352,0.3183,0.4646
2697,3129,1,1,0,6,1.5,2023-01-31 20:00:00,45.751801,15.9626,3,2,2,0.668,4,0.52,1,2.98,0.785,0.2837,0.3343,0.4301,0.6657,0.2476,0.4691,0.3834
2698,3543,12,0,1,10,1.7,2024-02-25 20:00:00,45.799298,16.04509,2,0,2,0.565,6,0.867,1,2.69,0.9268,0.3334,0.5459,0.4598,0.2426,0.854,0.3501,0.3645
2699,2376,6,2,2,22,1.5,2024-08-31 18:00:00,45.813151,15.957551,0,6,2,0.338,7,1.222,1,3.78,0.3669,0.8344,0.1313,0.7625,0.2215,0.2682,0.2365,0.459
2700,4470,12,0,1,7,1.2,2023-11-28 09:00:00,45.738316,15.970793,3,2,0,0.448,3,1.072,1,1.36,0.8677,0.3439,0.5284,0.5752,0.2485,0.9441,0.3154,0.3569
2701,4804,2,0,1,3,1.7,2023-07-15 19:00:00,45.793711,16.029417,2,6,2,0.132,0,0.715,0,3.51,0.9022,0.3297,0.5853,0.4139,0.2792,0.9302,0.3881,0.3873
2702,2584,29,1,0,9,1.8,2024-02-12 20:00:00,45.827488,15.979909,0,1,2,0.263,2,0.472,0,3.85,0.8721,0.3581,0.2246,0.4233,0.5876,0.2257,0.5031,0.2959
2703,1008,5,5,2,4,1.3,2023-02-18 18:00:00,45.747481,15.963142,3,6,2,0.443,2,1.181,0,1.43,0.2277,0.4492,0.1402,0.6925,0.3011,0.555,0.353,0.278
2704,4494,22,7,0,10,1.9,2024-10-30 11:00:00,45.864752,15.947893,1,3,0,0.642,6,0.113,1,3.65,0.5046,0.3608,0.6337,0.5527,0.9656,0.3197,0.3573,0.6956
2705,8041,13,6,1,6,1.5,2024-03-11 09:00:00,45.851732,15.95684,1,1,0,0.222,1,0.615,0,2.27,0.6864,0.2733,0.2726,0.6866,0.2081,0.2103,0.9014,0.4356
2706,1337,4,6,1,9,3.2,2023-03-31 10:00:00,45.740903,15.98808,3,5,0,0.496,4,0.821,1,3.47,0.6062,0.3133,0.3216,0.5408,0.2181,0.2114,0.9748,0.4463
2707,8448,15,0,0,28,1.1,2023-01-24 20:00:00,45.823937,16.005868,0,2,2,0.466,13,0.664,2,2.35,0.8655,0.3169,0.5159,0.5708,0.186,0.8864,0.4429,0.3127
2708,5918,1,1,0,31,1.5,2023-06-03 20:00:00,45.865322,15.95978,1,6,2,0.589,18,0.394,2,2.14,0.9289,0.3747,0.2214,0.5025,0.6282,0.1042,0.5449,0.3169
2709,8511,3,2,1,15,1.4,2024-12-01 18:00:00,45.796755,16.043985,2,0,2,0.861,13,0.903,2,3.37,0.3813,0.9535,0.2026,0.7136,0.3784,0.259,0.2699,0.5477
2710,2273,1,1,0,9,1.3,2024-11-22 18:00:00,45.843574,15.959155,1,5,2,0.278,3,0.084,1,2.8,0.8165,0.3881,0.3293,0.3879,0.577,0.1632,0.4137,0.3677
2711,2049,24,3,1,9,1.0,2024-05-10 18:00:00,45.819229,15.991381,0,5,2,0.363,3,0.641,1,2.79,0.5148,0.5534,0.8703,0.5597,0.7686,0.2007,0.4436,0.7831
2712,1740,19,4,3,7,1.3,2024-05-06 10:00:00,45.759425,15.977408,3,1,0,0.802,6,0.891,1,2.58,0.8417,0.6115,0.7523,0.9055,0.1984,0.3935,0.8549,0.4495
2713,559,1,1,1,5,1.2,2024-01-02 18:00:00,45.810342,15.983438,0,2,2,0.457,2,0.3,0,2.59,0.8391,0.2411,0.3475,0.5366,0.704,0.2271,0.4232,0.3359
2714,3735,19,4,2,3,0.5,2023-02-18 18:00:00,45.832977,15.89091,4,6,2,0.51,2,1.283,0,3.25,0.7754,0.5763,0.6725,0.8873,0.1376,0.3388,0.7821,0.3969
2715,5573,29,1,2,20,0.5,2023-09-10 10:00:00,45.738826,15.966881,3,0,0,0.513,10,0.657,2,2.39,0.7582,0.3151,0.3599,0.4618,0.6227,0.2255,0.4862,0.3163
2716,6505,27,7,1,6,1.4,2023-03-27 10:00:00,45.846651,15.945916,1,1,0,0.109,1,1.191,0,3.21,0.4108,0.4818,0.6296,0.4529,0.8961,0.2813,0.3492,0.6923
2717,8478,0,1,0,21,2.2,2023-11-02 09:00:00,45.853378,15.957366,1,4,0,0.563,12,0.287,2,3.03,0.8558,0.2715,0.3137,0.3948,0.598,0.1991,0.4185,0.3539
2718,6190,27,7,1,26,1.8,2023-05-09 18:00:00,45.822903,15.983547,0,2,2,0.545,14,0.917,2,2.06,0.4701,0.3858,0.6503,0.4441,0.8525,0.2829,0.2334,0.7259
2719,1675,9,1,0,13,1.4,2024-11-03 19:00:00,45.80627,16.03974,2,0,2,0.198,3,0.401,1,2.08,0.7849,0.208,0.349,0.416,0.6467,0.2176,0.4432,0.3954
2720,1075,29,1,0,11,2.0,2023-10-21 19:00:00,45.818767,15.879836,4,6,2,0.124,1,0.837,0,3.48,0.7924,0.3018,0.3087,0.3841,0.5516,0.1995,0.4294,0.3525
2721,4996,3,2,0,5,1.9,2023-07-14 20:00:00,45.854864,15.936354,1,5,2,0.325,2,1.058,0,1.65,0.4909,0.839,0.2221,0.7022,0.3174,0.268,0.321,0.4829
2722,2010,16,2,0,11,1.4,2023-05-16 11:00:00,45.751821,15.976856,3,2,0,0.583,6,0.474,1,2.23,0.3905,0.8648,0.2552,0.6468,0.2901,0.2262,0.2458,0.5155
2723,8959,9,1,2,8,1.9,2024-07-30 18:00:00,45.85839,15.957955,1,2,2,0.401,3,0.26,1,2.23,0.8104,0.3685,0.3856,0.4314,0.5901,0.1729,0.5842,0.3233
2724,4749,4,6,1,6,1.4,2023-04-01 11:00:00,45.820146,15.891788,4,6,0,0.203,1,1.029,0,2.71,0.668,0.2665,0.2774,0.719,0.2421,0.1875,1.0,0.4684
2725,6517,1,1,1,4,0.5,2023-04-20 09:00:00,45.799081,16.05241,2,4,0,0.46,2,1.126,0,1.82,0.7773,0.2501,0.2028,0.4274,0.5778,0.214,0.4806,0.2098
2726,1701,1,1,1,7,1.8,2024-10-16 18:00:00,45.796706,15.876819,4,3,2,0.36,3,1.352,1,1.75,0.9011,0.2558,0.2951,0.4294,0.5851,0.1883,0.5165,0.311
2727,8560,17,0,1,3,2.0,2024-06-04 18:00:00,45.810907,15.866628,4,2,2,0.326,1,0.403,0,2.94,0.8723,0.3019,0.5273,0.5649,0.1583,0.8452,0.3817,0.3681
2728,8102,4,6,2,15,0.8,2023-06-16 19:00:00,45.760317,15.976282,3,5,2,0.532,8,0.942,1,1.97,0.7447,0.3031,0.329,0.7808,0.2403,0.2512,0.9381,0.4224
2729,4132,30,5,1,6,2.2,2024-03-06 20:00:00,45.805338,15.901653,4,3,2,0.729,4,0.732,1,3.34,0.2895,0.5039,0.0913,0.5658,0.3588,0.696,0.3607,0.2456
2730,5913,8,0,1,8,2.3,2023-12-04 19:00:00,45.749191,15.975882,3,1,2,0.119,1,0.509,0,3.38,0.9015,0.2863,0.5007,0.4496,0.2341,0.8121,0.4301,0.3551
2731,6529,4,6,1,3,1.6,2024-01-25 11:00:00,45.810604,15.962899,0,4,0,0.423,1,0.589,0,2.82,0.7191,0.2698,0.3513,0.6758,0.1925,0.198,0.9889,0.5634
2732,7270,3,2,1,6,1.6,2024-05-07 09:00:00,45.843951,15.956348,1,2,0,0.33,2,0.348,0,2.39,0.4089,0.8624,0.1449,0.6201,0.2586,0.2636,0.3226,0.5403
2733,2741,2,0,0,26,1.2,2024-06-27 18:00:00,45.823895,16.00393,0,4,2,0.16,4,0.757,1,1.25,0.9199,0.2885,0.5046,0.5148,0.1429,0.9483,0.338,0.325
2734,6620,4,6,0,5,2.2,2024-04-30 19:00:00,45.830015,15.97529,0,2,2,0.235,1,1.061,0,2.99,0.696,0.1833,0.3586,0.6622,0.2347,0.1388,0.8479,0.486
2735,8846,30,5,0,3,0.7,2024-04-12 20:00:00,45.854046,15.948227,1,5,2,0.715,2,0.42,0,3.18,0.297,0.4949,0.0933,0.6387,0.283,0.5935,0.431,0.3569
2736,1125,9,1,2,12,2.0,2023-05-25 09:00:00,45.802251,16.044863,2,4,0,0.18,2,0.363,0,3.31,0.7306,0.3533,0.2624,0.3978,0.6744,0.2655,0.5464,0.3508
2737,7510,8,0,0,12,2.4,2024-05-23 10:00:00,45.811694,15.887892,4,4,0,0.554,7,0.647,1,2.52,0.861,0.248,0.5422,0.5476,0.2229,0.8727,0.36,0.259
2738,3586,2,0,1,5,1.5,2023-08-02 11:00:00,45.774659,16.029777,2,3,0,0.417,2,0.284,0,2.61,0.9843,0.3348,0.5876,0.4869,0.2148,0.9079,0.3488,0.2947
2739,7903,2,0,0,10,1.8,2023-03-13 11:00:00,45.75915,15.962399,3,1,0,0.158,2,0.449,0,3.55,0.911,0.2991,0.5101,0.5682,0.1269,0.9943,0.3382,0.2532
2740,2721,29,1,0,4,1.1,2024-12-16 19:00:00,45.851268,15.963781,1,1,2,0.284,1,0.616,0,2.18,0.7336,0.3278,0.3636,0.4038,0.649,0.1655,0.4784,0.3911
2741,7836,14,5,1,10,1.1,2024-10-11 10:00:00,45.816363,15.875548,4,5,0,0.235,2,0.448,0,2.76,0.2948,0.4926,0.0644,0.5809,0.362,0.6446,0.3569,0.2963
2742,1845,1,1,1,7,1.3,2023-09-26 10:00:00,45.815384,15.993523,0,2,0,0.218,2,0.821,0,3.4,0.7926,0.2666,0.2871,0.4139,0.5987,0.1657,0.5782,0.3951
2743,7500,6,2,1,7,1.3,2023-09-11 20:00:00,45.812377,15.987393,0,1,2,0.286,2,0.423,0,3.42,0.3956,0.9264,0.1776,0.6613,0.2604,0.2984,0.343,0.5153
2744,5648,30,5,2,3,1.6,2024-03-05 10:00:00,45.7445,15.9708,3,2,0,0.333,1,0.024,0,3.27,0.2491,0.3795,0.1512,0.6333,0.26,0.5922,0.4093,0.332
2745,1839,3,2,0,2,0.5,2023-08-07 20:00:00,45.814627,15.993075,0,1,2,0.287,1,0.598,0,3.37,0.3309,0.9098,0.1618,0.706,0.272,0.3128,0.3161,0.5184
2746,3992,6,2,0,6,1.0,2023-02-12 19:00:00,45.822823,15.970474,0,0,2,0.14,1,1.222,0,3.39,0.3388,0.8306,0.1728,0.645,0.3625,0.3972,0.2806,0.5476
2747,6663,29,1,1,18,1.7,2024-09-25 09:00:00,45.817355,15.972996,0,3,0,0.657,12,0.4,2,2.98,0.7753,0.2665,0.2387,0.4465,0.6485,0.2371,0.5246,0.2764
2748,3850,1,1,2,10,1.4,2024-01-12 19:00:00,45.786107,16.042404,2,5,2,0.407,4,0.734,1,2.55,0.7987,0.3027,0.2666,0.3484,0.641,0.1046,0.4363,0.3139
2749,6303,9,1,0,13,1.3,2024-02-07 09:00:00,45.845552,15.948628,1,3,0,0.622,8,1.265,1,2.69,0.8717,0.2505,0.2659,0.3894,0.6045,0.2232,0.4659,0.2115
2750,2650,6,2,1,7,1.2,2023-09-12 09:00:00,45.748107,15.976498,3,2,0,0.33,2,0.463,0,1.44,0.4313,0.9408,0.1023,0.7453,0.3211,0.3242,0.2755,0.3631
2751,5625,4,6,1,5,1.5,2024-03-10 10:00:00,45.804686,15.977825,0,0,0,0.369,2,1.088,0,2.64,0.6987,0.2444,0.1931,0.7222,0.1587,0.1193,0.9663,0.6052
2752,389,3,2,0,11,2.4,2023-05-14 18:00:00,45.750987,15.984478,3,0,2,0.553,6,1.106,1,2.78,0.355,0.8524,0.2446,0.6395,0.3062,0.2716,0.333,0.5557
2753,7678,13,6,1,9,2.2,2024-06-24 19:00:00,45.85373,15.960736,1,1,2,0.812,7,0.405,1,3.47,0.6455,0.3195,0.2522,0.6536,0.103,0.1916,0.9491,0.4719
2754,1864,10,4,2,7,2.3,2024-10-01 18:00:00,45.805446,15.970599,0,2,2,0.232,2,1.015,0,2.51,0.8056,0.6582,0.7102,0.9056,0.2569,0.3571,0.8659,0.4401
2755,4081,10,4,1,4,1.7,2024-09-02 09:00:00,45.74857,15.96844,3,1,0,0.19,1,0.436,0,2.76,0.8426,0.6133,0.7281,0.9313,0.2316,0.4801,0.8249,0.4281
2756,3700,3,2,1,6,1.2,2024-07-06 18:00:00,45.848709,15.947325,1,6,2,0.716,4,1.079,1,3.62,0.3301,0.9175,0.1853,0.6792,0.3095,0.2509,0.2833,0.5052
2757,2992,24,3,0,6,1.1,2023-08-02 10:00:00,45.815386,15.980816,0,3,0,0.291,2,0.038,0,3.19,0.545,0.4658,0.912,0.5292,0.7896,0.2476,0.5236,0.796
2758,8306,2,0,0,3,1.0,2024-02-22 10:00:00,45.800836,15.971103,0,4,0,0.454,1,0.83,0,2.82,0.9699,0.3433,0.449,0.5058,0.1359,0.875,0.4445,0.3535
2759,457,2,0,0,18,1.2,2024-02-18 20:00:00,45.810988,15.973069,0,0,2,0.33,6,1.127,1,3.2,0.92,0.3106,0.4145,0.4852,0.2268,0.9002,0.4279,0.2933
2760,4157,15,0,0,6,0.5,2023-02-18 19:00:00,45.812489,15.983121,0,6,2,0.578,3,0.578,1,3.44,0.9741,0.3117,0.4899,0.525,0.2718,0.826,0.4828,0.2696
2761,7237,2,0,1,7,1.9,2023-02-06 19:00:00,45.753612,15.970841,3,1,2,0.451,3,0.373,1,2.07,0.9719,0.2714,0.5612,0.4353,0.1683,0.9101,0.4886,0.2858
2762,7517,30,5,0,2,2.8,2023-04-19 18:00:00,45.819612,15.895975,4,3,2,0.172,0,0.634,0,3.15,0.3178,0.5786,0.0466,0.6037,0.1724,0.6339,0.4044,0.3454
2763,3357,5,5,1,12,2.3,2024-05-01 18:00:00,45.767594,15.97694,3,3,2,0.408,5,1.101,1,2.06,0.3332,0.486,0.1144,0.5158,0.2762,0.6554,0.4059,0.2815
2764,333,4,6,0,19,1.7,2024-02-01 19:00:00,45.748336,15.966437,3,4,2,0.16,3,1.024,1,3.65,0.6842,0.2473,0.2919,0.6833,0.135,0.1682,0.7898,0.527
2765,1161,29,1,0,14,1.3,2024-07-09 10:00:00,45.743926,15.983768,3,2,0,0.424,6,0.59,1,3.44,0.7755,0.2901,0.312,0.291,0.5985,0.1833,0.5589,0.3593
2766,7324,19,4,0,5,1.7,2023-11-21 18:00:00,45.809076,15.900601,4,2,2,0.262,1,1.202,0,2.28,0.8755,0.688,0.6849,0.8904,0.1138,0.4236,0.8027,0.4454
2767,7691,28,0,1,11,1.4,2024-07-13 10:00:00,45.810278,15.907263,4,6,0,0.173,2,1.28,0,1.89,0.907,0.2928,0.4565,0.4794,0.3237,0.8873,0.4769,0.31
2768,1474,1,1,0,5,2.1,2024-10-03 18:00:00,45.798016,16.049294,2,4,2,0.839,4,0.735,1,3.54,0.8404,0.2459,0.2691,0.367,0.6479,0.2175,0.446,0.2758
2769,1240,4,6,1,4,1.6,2023-06-15 11:00:00,45.822871,15.893163,4,4,0,0.226,1,0.78,0,3.8,0.6964,0.2982,0.371,0.7025,0.228,0.2173,0.8759,0.5238
2770,2369,0,1,2,13,1.5,2023-09-11 20:00:00,45.807707,15.895099,4,1,2,0.337,4,0.422,1,1.27,0.8239,0.2672,0.299,0.3956,0.711,0.2107,0.471,0.292
2771,1001,2,0,1,8,1.7,2024-07-06 09:00:00,45.808846,15.898384,4,6,0,0.699,6,0.968,1,1.62,0.8767,0.2731,0.4522,0.5453,0.1426,0.9371,0.4834,0.2012
2772,5147,0,1,2,4,1.3,2024-02-11 18:00:00,45.835207,15.960548,1,0,2,0.562,2,1.354,0,3.72,0.7385,0.2688,0.3203,0.3087,0.6713,0.1048,0.4999,0.2616
2773,3217,3,2,2,3,1.3,2024-10-16 19:00:00,45.80953,15.890807,4,3,2,0.128,0,1.229,0,3.51,0.4188,0.8687,0.1206,0.7284,0.3017,0.3169,0.2647,0.4914
2774,4433,13,6,0,6,1.7,2023-06-26 18:00:00,45.794374,16.043715,2,1,2,0.083,0,0.603,0,1.55,0.7717,0.2212,0.1726,0.6944,0.1434,0.1869,0.8414,0.4838
2775,389,27,7,0,8,1.5,2024-03-20 20:00:00,45.791332,16.049319,2,3,2,0.735,6,0.39,1,3.78,0.5518,0.3992,0.6089,0.4342,0.8476,0.234,0.4133,0.6042
2776,4291,13,6,1,4,1.8,2023-07-25 20:00:00,45.85468,15.951643,1,2,2,0.53,2,0.961,0,3.81,0.6178,0.2684,0.2408,0.6778,0.2472,0.1561,0.9336,0.478
2777,6558,6,2,0,8,2.1,2024-10-20 18:00:00,45.816167,15.997047,0,0,2,0.194,2,0.34,0,3.05,0.3938,0.8386,0.2182,0.6233,0.3535,0.4142,0.2921,0.5628
2778,3863,5,5,2,4,2.0,2024-09-05 18:00:00,45.870422,15.950549,1,4,2,0.481,2,1.135,0,2.51,0.2811,0.5078,0.0206,0.5503,0.2496,0.623,0.3741,0.3006
2779,1577,30,5,0,12,0.9,2024-12-22 11:00:00,45.806853,16.044418,2,0,0,0.282,3,0.698,1,1.93,0.2676,0.5189,0.1442,0.5641,0.3274,0.6017,0.2949,0.3041
2780,8712,8,0,2,4,1.5,2024-04-10 18:00:00,45.8135,15.984413,0,3,2,0.449,2,0.62,0,2.74,0.8188,0.2842,0.5604,0.4823,0.2752,0.9076,0.3887,0.3133
2781,3888,27,7,0,18,2.2,2024-11-16 19:00:00,45.793849,16.037957,2,6,2,0.314,6,0.333,1,2.43,0.4892,0.392,0.5613,0.547,0.868,0.343,0.3609,0.7356
2782,8179,1,1,1,4,1.5,2023-09-27 10:00:00,45.856204,15.960694,1,3,0,0.236,1,0.68,0,3.68,0.7731,0.3319,0.2998,0.4059,0.6008,0.2626,0.4796,0.2059
2783,7418,29,1,2,5,1.6,2023-02-19 10:00:00,45.810137,15.885714,4,0,0,0.349,2,0.356,0,2.72,0.7826,0.2823,0.2809,0.4988,0.6157,0.1585,0.4754,0.3704
2784,8664,1,1,2,10,1.5,2024-10-24 19:00:00,45.817436,15.866821,4,4,2,0.475,5,1.401,1,2.2,0.7395,0.2661,0.339,0.3959,0.5778,0.1378,0.4927,0.2677
2785,4803,3,2,1,7,2.0,2024-03-31 20:00:00,45.756575,15.964654,3,0,2,0.326,2,1.082,0,3.51,0.3918,0.8058,0.2252,0.7111,0.2407,0.3285,0.2603,0.5808
2786,313,11,3,1,13,2.2,2024-11-29 18:00:00,45.822266,15.978241,0,5,2,0.198,3,0.752,1,2.19,0.5374,0.6224,0.8952,0.5758,0.7792,0.2514,0.5319,0.8193
2787,4137,19,4,0,13,1.8,2023-02-07 09:00:00,45.822457,15.89539,4,2,0,0.236,3,0.112,1,2.9,0.8213,0.5861,0.7645,0.9451,0.1993,0.4092,0.735,0.4338
2788,7081,4,6,1,11,1.7,2023-02-02 09:00:00,45.814962,15.901942,4,4,0,0.248,3,0.359,1,2.69,0.7149,0.2766,0.278,0.6873,0.2666,0.2942,0.8738,0.5184
2789,6379,14,5,0,7,1.7,2024-02-29 20:00:00,45.747361,15.96855,3,4,2,0.219,2,0.522,0,3.41,0.2546,0.5381,0.1121,0.6123,0.3114,0.5899,0.4038,0.2789
2790,1327,4,6,0,25,1.3,2024-04-14 18:00:00,45.852149,15.971469,1,0,2,0.602,15,0.612,2,2.27,0.6322,0.3181,0.3535,0.8002,0.3035,0.1961,0.8868,0.5722
2791,4279,2,0,1,7,1.2,2023-07-24 19:00:00,45.828763,15.992891,0,1,2,0.319,2,0.229,0,1.93,0.7996,0.3079,0.4075,0.499,0.2526,0.887,0.3699,0.228
2792,6750,4,6,1,26,1.9,2023-06-13 18:00:00,45.838226,15.951256,1,2,2,0.453,12,0.584,2,3.2,0.7337,0.3294,0.2607,0.7007,0.2313,0.1679,0.9716,0.4413
2793,4962,20,5,0,5,1.3,2023-05-19 09:00:00,45.75532,15.976863,3,5,0,0.561,3,0.348,1,3.09,0.2615,0.4173,0.1879,0.5441,0.3677,0.5689,0.4135,0.3269
2794,3088,1,1,0,12,1.7,2023-08-22 09:00:00,45.808624,15.960867,0,2,0,0.164,2,0.256,0,3.38,0.7512,0.235,0.3259,0.4328,0.6459,0.2929,0.5486,0.2775
2795,7382,8,0,0,5,0.7,2024-01-04 18:00:00,45.807262,15.880945,4,4,2,0.161,1,0.56,0,1.92,0.9602,0.3855,0.5511,0.4253,0.1829,0.9204,0.436,0.3725
2796,8320,15,0,1,3,1.3,2024-03-15 18:00:00,45.789773,16.051066,2,5,2,0.233,1,0.384,0,1.76,0.8838,0.3652,0.4409,0.536,0.2177,0.8592,0.4563,0.2766
2797,815,17,0,0,3,1.2,2024-04-10 19:00:00,45.815471,15.97383,0,3,2,0.534,2,0.437,0,2.77,0.7879,0.2091,0.5181,0.5285,0.2001,0.8654,0.3792,0.2638
2798,8576,24,3,1,6,0.8,2024-02-13 09:00:00,45.841657,15.943478,1,2,0,0.207,1,0.208,0,2.79,0.5358,0.4946,0.8609,0.5743,0.8549,0.1551,0.498,0.8921
2799,7820,0,1,0,14,1.6,2023-03-20 20:00:00,45.819332,15.977632,0,1,2,0.133,2,0.564,0,3.07,0.8574,0.1615,0.2933,0.3839,0.546,0.321,0.5543,0.3331
2800,7493,2,0,1,7,0.8,2024-09-09 09:00:00,45.803602,15.888991,4,1,0,0.551,4,0.711,1,3.28,0.8434,0.2865,0.5296,0.5044,0.1839,0.9474,0.3886,0.3075
2801,8793,1,1,1,18,1.5,2023-01-06 20:00:00,45.747176,15.969649,3,5,2,0.354,6,0.508,1,2.1,0.7714,0.2411,0.3504,0.4012,0.6335,0.154,0.4718,0.327
2802,3129,2,0,1,12,1.6,2023-02-02 19:00:00,45.793194,16.055245,2,4,2,0.14,2,0.748,0,2.39,0.8915,0.3043,0.4732,0.4505,0.2304,0.8606,0.347,0.4491
2803,1817,9,1,1,10,1.1,2023-04-21 18:00:00,45.751516,15.97149,3,5,2,0.442,4,0.246,1,2.97,0.7941,0.3745,0.3239,0.4022,0.554,0.2249,0.5446,0.347
2804,8286,9,1,0,5,0.5,2023-07-07 11:00:00,45.809055,15.874797,4,5,0,0.84,4,1.163,1,1.75,0.8803,0.2944,0.2937,0.3087,0.5965,0.1549,0.4804,0.2548
2805,1493,24,3,0,7,1.3,2023-03-01 11:00:00,45.757342,15.970132,3,3,0,0.435,3,1.305,1,3.8,0.4864,0.4854,0.887,0.62,0.7524,0.2822,0.4953,0.7784
2806,18,10,4,2,6,2.1,2024-06-24 20:00:00,45.803988,16.05639,2,1,2,0.388,2,0.435,0,2.15,0.7433,0.6153,0.7467,0.9699,0.1241,0.3007,0.7948,0.2767
2807,483,16,2,1,7,1.5,2024-07-30 19:00:00,45.85151,15.95518,1,2,2,0.713,5,1.337,1,1.65,0.4122,0.8841,0.1577,0.6957,0.3982,0.3961,0.1616,0.5062
2808,2866,8,0,0,6,1.5,2024-09-10 18:00:00,45.795007,16.043571,2,2,2,0.412,2,1.038,0,3.56,0.9012,0.3283,0.4907,0.4569,0.2537,0.829,0.3535,0.3442
2809,2229,1,1,0,11,1.9,2023-08-24 10:00:00,45.797754,16.057251,2,4,0,0.283,3,0.434,1,2.06,0.7896,0.2723,0.3421,0.4448,0.5993,0.0938,0.4864,0.324
2810,253,22,7,1,10,2.5,2023-06-26 11:00:00,45.796389,16.04972,2,1,0,0.32,3,0.928,1,2.95,0.4562,0.3857,0.5994,0.5705,0.8748,0.3695,0.4467,0.691
2811,5526,27,7,0,16,2.1,2024-09-04 20:00:00,45.852176,15.950473,1,3,2,0.335,5,0.755,1,2.79,0.4879,0.3974,0.6636,0.417,0.9846,0.2871,0.444,0.6795
2812,7626,3,2,0,8,1.0,2024-03-15 11:00:00,45.760993,15.973794,3,5,0,0.486,4,0.369,1,1.93,0.4362,0.9149,0.199,0.7104,0.2896,0.3106,0.2679,0.4052
2813,7682,8,0,0,5,1.5,2024-12-13 18:00:00,45.8165,15.978677,0,5,2,0.419,2,1.205,0,3.44,0.8569,0.2814,0.5213,0.5642,0.1818,0.9002,0.3945,0.2948
2814,8707,1,1,0,5,1.9,2023-10-08 10:00:00,45.787345,16.056474,2,0,0,0.308,2,1.43,0,2.33,0.7793,0.297,0.2937,0.3581,0.6498,0.2263,0.5227,0.2747
2815,7874,2,0,1,5,1.7,2024-07-23 09:00:00,45.798821,16.040287,2,2,0,0.816,4,1.347,1,2.89,0.8935,0.3062,0.5145,0.4803,0.2374,0.9861,0.3141,0.3053
2816,4559,3,2,2,7,1.6,2024-10-14 20:00:00,45.790836,16.061762,2,1,2,0.111,1,1.237,0,2.87,0.4175,0.8797,0.0713,0.6865,0.3889,0.378,0.2786,0.4788
2817,4106,3,2,2,7,2.1,2023-11-11 18:00:00,45.793929,16.03875,2,6,2,0.202,1,0.939,0,2.15,0.423,0.8513,0.2022,0.6887,0.2475,0.3936,0.2642,0.5257
2818,7984,28,0,2,7,1.4,2023-05-04 18:00:00,45.795701,15.971156,0,4,2,0.603,4,0.415,1,2.37,0.8205,0.3218,0.5511,0.4602,0.2367,0.8804,0.4252,0.2792
2819,3777,9,1,1,2,1.2,2024-08-13 19:00:00,45.800929,16.059472,2,2,2,0.209,0,0.556,0,3.64,0.7567,0.2625,0.2394,0.4573,0.613,0.0774,0.5327,0.2967
2820,2664,29,1,1,8,1.8,2023-11-09 18:00:00,45.809605,16.037408,2,4,2,0.43,3,1.086,1,2.73,0.8215,0.2489,0.31,0.4255,0.5862,0.1936,0.5946,0.3049
2821,7379,5,5,0,6,1.8,2024-07-14 20:00:00,45.7917,16.058369,2,0,2,0.595,4,0.848,1,2.23,0.3468,0.5509,0.1143,0.4923,0.3536,0.5144,0.3511,0.2368
2822,2763,1,1,1,10,2.3,2023-12-02 19:00:00,45.806081,15.974221,0,6,2,0.525,5,1.079,1,2.39,0.7955,0.267,0.3077,0.415,0.6079,0.1915,0.5011,0.2884
2823,2314,2,0,0,10,1.5,2024-01-13 10:00:00,45.81297,15.990404,0,6,0,0.694,7,0.501,1,2.79,0.8622,0.2698,0.6001,0.4922,0.1953,0.8404,0.4353,0.3071
2824,1352,11,3,2,7,0.9,2024-08-02 09:00:00,45.809364,15.894715,4,5,0,0.64,4,0.995,1,2.19,0.5012,0.4226,0.896,0.5907,0.843,0.161,0.4919,0.8088
2825,1093,20,5,0,7,1.6,2024-02-04 20:00:00,45.821893,15.892111,4,0,2,0.198,1,1.386,0,1.82,0.3136,0.4859,0.075,0.7061,0.3211,0.6015,0.3765,0.3326
2826,2642,17,0,0,10,2.1,2024-03-13 19:00:00,45.84188,15.955433,1,3,2,0.115,1,0.652,0,2.14,0.8908,0.2596,0.4455,0.5658,0.1707,0.9016,0.3953,0.2902
2827,7630,21,0,0,8,2.4,2023-03-04 20:00:00,45.85884,15.947151,1,6,2,0.59,5,0.28,1,2.67,0.8615,0.2921,0.5537,0.4988,0.1279,0.8458,0.4,0.3398
2828,930,4,6,0,9,1.9,2023-12-26 19:00:00,45.794246,16.04377,2,2,2,0.099,1,1.048,0,2.41,0.6463,0.2961,0.3865,0.7647,0.1614,0.2427,0.937,0.5194
2829,416,26,7,2,16,1.2,2024-09-03 20:00:00,45.796945,16.055646,2,2,2,0.587,9,0.438,2,3.52,0.598,0.4877,0.5589,0.5092,0.9044,0.2967,0.4274,0.7859
2830,7199,26,7,1,12,1.6,2024-11-26 19:00:00,45.797612,16.047828,2,2,2,0.326,4,0.852,1,2.74,0.5279,0.4472,0.5242,0.5432,0.9273,0.4077,0.3801,0.8308
2831,6525,10,4,0,5,1.4,2023-08-16 20:00:00,45.826169,15.893087,4,3,2,0.414,2,0.949,0,2.33,0.7959,0.6628,0.7252,0.8879,0.1981,0.3941,0.8097,0.4424
2832,1381,25,3,1,7,1.5,2023-08-24 18:00:00,45.746417,15.97906,3,4,2,0.059,0,1.066,0,2.78,0.5131,0.5015,0.8872,0.5626,0.7588,0.18,0.5455,0.7939
2833,3531,10,4,1,7,0.7,2023-01-14 20:00:00,45.849382,15.942729,1,6,2,0.103,1,0.511,0,3.35,0.777,0.6755,0.7073,0.8855,0.1985,0.4611,0.7867,0.3907
2834,2291,5,5,1,11,1.0,2023-09-10 18:00:00,45.850159,15.95,1,0,2,0.351,4,1.096,1,1.14,0.3851,0.4678,0.0794,0.6151,0.2536,0.6043,0.4508,0.3057
2835,1614,15,0,1,12,2.1,2024-04-04 19:00:00,45.812834,15.896783,4,4,2,0.168,2,1.336,0,2.95,0.9196,0.1914,0.4831,0.4605,0.1695,0.8982,0.3842,0.2281
2836,4028,1,1,0,3,1.3,2023-06-22 11:00:00,45.801863,15.969585,0,4,0,0.771,2,1.134,0,1.99,0.735,0.3118,0.301,0.3647,0.5964,0.1709,0.3648,0.2983
2837,860,30,5,1,9,0.8,2023-11-18 20:00:00,45.856772,15.963947,1,6,2,0.381,3,0.828,1,2.27,0.2609,0.5006,0.0687,0.648,0.3395,0.5503,0.4396,0.2277
2838,2494,29,1,0,5,1.5,2023-07-10 09:00:00,45.845534,15.95461,1,1,0,0.186,1,0.489,0,2.02,0.7695,0.2669,0.2478,0.4577,0.5669,0.1689,0.5105,0.2593
2839,4909,15,0,1,6,1.1,2023-08-04 20:00:00,45.75483,15.979474,3,5,2,0.246,1,0.092,0,3.05,0.9529,0.2208,0.5214,0.4643,0.2607,0.9607,0.3621,0.3435
2840,5681,0,1,1,18,0.8,2023-03-25 18:00:00,45.854142,15.960623,1,6,2,0.49,9,0.54,2,1.61,0.8325,0.243,0.2793,0.4028,0.6715,0.1718,0.5877,0.2723
2841,6552,14,5,1,6,2.0,2024-04-03 10:00:00,45.784284,16.046072,2,3,0,0.394,2,0.668,0,2.84,0.3294,0.4569,0.0815,0.5461,0.3514,0.5451,0.371,0.2974
2842,1989,1,1,1,2,2.2,2023-05-22 19:00:00,45.816665,15.884256,4,1,2,0.607,1,0.672,0,3.11,0.7747,0.3566,0.2797,0.3524,0.5709,0.1967,0.5555,0.1425
2843,4237,27,7,0,9,1.3,2023-03-06 19:00:00,45.818024,15.988017,0,1,2,0.486,4,0.546,1,3.22,0.4785,0.4355,0.5723,0.635,0.9151,0.1964,0.4603,0.7032
2844,3232,2,0,2,12,2.0,2024-01-14 10:00:00,45.813924,15.97158,0,0,0,0.121,1,0.344,0,2.19,0.8986,0.3007,0.5189,0.4483,0.1995,0.9114,0.4466,0.3124
2845,5281,29,1,0,9,2.1,2023-07-08 18:00:00,45.870994,15.950386,1,6,2,0.223,2,0.483,0,2.28,0.8524,0.3196,0.4296,0.3344,0.5999,0.2058,0.5641,0.3271
2846,6697,0,1,0,20,1.9,2024-04-24 11:00:00,45.84992,15.965403,1,3,0,0.464,9,1.157,2,3.65,0.7743,0.2896,0.2802,0.418,0.6906,0.1692,0.4628,0.2596
2847,2217,2,0,1,5,2.4,2023-03-20 19:00:00,45.741244,15.975403,3,1,2,0.072,0,0.832,0,3.27,0.9276,0.3085,0.4943,0.5026,0.2025,0.8575,0.3374,0.3457
2848,4132,25,3,0,2,0.9,2023-07-24 19:00:00,45.854366,15.955945,1,1,2,0.24,0,0.105,0,3.02,0.5572,0.5009,0.8662,0.5855,0.8291,0.2144,0.4501,0.7964
2849,3389,10,4,2,9,1.4,2024-04-02 11:00:00,45.744237,15.962049,3,2,0,0.31,3,1.087,1,2.37,0.7882,0.6035,0.7126,0.919,0.1917,0.4569,0.7784,0.4854
2850,6999,17,0,1,6,2.0,2024-12-08 19:00:00,45.805392,16.03228,2,0,2,0.302,2,0.491,0,3.54,0.9108,0.32,0.5113,0.532,0.2296,0.8607,0.4548,0.294
2851,8864,13,6,0,13,1.0,2024-01-09 19:00:00,45.739578,15.971897,3,2,2,0.427,6,0.483,1,2.69,0.8212,0.2691,0.2911,0.6394,0.2074,0.188,0.8518,0.4798
2852,7763,1,1,0,10,1.0,2023-12-08 18:00:00,45.801569,15.892403,4,5,2,0.482,5,1.26,1,0.99,0.803,0.355,0.3564,0.3663,0.7331,0.1966,0.5735,0.2029
2853,1396,12,0,0,4,0.5,2024-06-09 11:00:00,45.814571,15.970133,0,0,0,0.313,1,0.712,0,3.21,0.8748,0.3027,0.5913,0.5205,0.225,0.9693,0.4189,0.2615
2854,2756,2,0,1,3,1.7,2023-08-17 18:00:00,45.790041,16.034606,2,4,2,0.49,1,1.348,0,3.4,1.0,0.3126,0.5269,0.5297,0.1186,0.945,0.3809,0.336
2855,5231,15,0,0,10,1.8,2024-12-06 09:00:00,45.849671,15.946471,1,5,0,0.599,6,0.79,1,3.67,1.0,0.2048,0.5098,0.4997,0.2339,0.9008,0.4257,0.3106
2856,1316,4,6,1,6,1.8,2024-01-05 18:00:00,45.848986,15.955693,1,5,2,0.12,1,1.15,0,2.29,0.685,0.2051,0.3367,0.7891,0.167,0.1938,0.9932,0.5701
2857,8474,14,5,1,10,2.0,2023-11-23 20:00:00,45.845668,15.956596,1,4,2,0.202,2,0.43,0,2.94,0.3401,0.4833,0.1654,0.5684,0.3058,0.5577,0.4893,0.3901
2858,495,29,1,1,9,1.1,2024-09-29 09:00:00,45.790907,16.027397,2,0,0,0.766,7,0.631,1,3.65,0.8929,0.2458,0.2595,0.4361,0.5935,0.2246,0.4885,0.3057
2859,3026,8,0,0,9,0.5,2023-09-08 20:00:00,45.745687,15.979097,3,5,2,0.538,5,0.061,1,2.87,0.8508,0.3483,0.4206,0.4964,0.1685,0.9944,0.4721,0.3419
2860,3671,1,1,2,7,1.8,2024-06-12 18:00:00,45.824323,15.897145,4,3,2,0.46,3,0.667,1,3.09,0.7736,0.253,0.2062,0.369,0.6413,0.1782,0.5142,0.2005
2861,6250,8,0,0,3,1.7,2024-09-15 20:00:00,45.759681,15.980229,3,0,2,0.543,2,0.158,0,2.88,0.7868,0.2859,0.4247,0.4449,0.1742,0.9464,0.3886,0.3025
2862,323,4,6,2,7,2.3,2024-05-17 19:00:00,45.795701,15.974099,0,5,2,0.222,2,1.295,0,3.69,0.6478,0.3001,0.2961,0.7206,0.1788,0.2304,0.8964,0.4845
2863,4608,11,3,0,3,1.3,2024-03-11 11:00:00,45.849099,15.955057,1,1,0,0.364,1,0.152,0,3.36,0.5041,0.5183,0.893,0.5727,0.7764,0.155,0.5159,0.8524
2864,3446,8,0,3,2,1.7,2024-10-04 20:00:00,45.810892,16.041297,2,5,2,0.708,1,0.925,0,3.6,0.9599,0.3872,0.4762,0.5276,0.1849,0.8031,0.4588,0.3061
2865,7455,6,2,1,4,1.2,2024-08-21 19:00:00,45.745813,15.974551,3,3,2,0.622,2,0.396,0,3.07,0.3528,0.8314,0.1443,0.7439,0.3041,0.2608,0.3042,0.4839
2866,1832,30,5,1,7,0.5,2024-10-22 11:00:00,45.817274,15.966855,0,2,0,0.375,3,0.453,1,2.56,0.3453,0.513,0.163,0.5303,0.3105,0.5093,0.3944,0.2863
2867,8081,2,0,1,5,0.9,2024-11-25 18:00:00,45.836555,15.948129,1,1,2,0.756,4,1.385,1,2.9,0.9519,0.3128,0.5082,0.4448,0.1823,0.9656,0.4219,0.3118
2868,75,4,6,1,7,1.5,2024-08-03 20:00:00,45.818532,15.982618,0,6,2,0.509,4,0.643,1,2.9,0.6847,0.2368,0.3215,0.7293,0.2079,0.153,0.9118,0.4064
2869,3059,1,1,0,8,1.9,2023-02-05 09:00:00,45.83343,15.954163,1,0,0,0.38,3,0.458,1,2.72,0.8902,0.2617,0.2409,0.4307,0.629,0.2162,0.4457,0.1949
2870,676,25,3,2,7,1.4,2024-09-04 20:00:00,45.813795,15.976302,0,3,2,0.192,1,0.61,0,3.45,0.4926,0.5542,0.8907,0.5961,0.8114,0.3103,0.4345,0.837
2871,8608,27,7,0,11,2.0,2024-07-12 09:00:00,45.828104,15.97761,0,5,0,0.695,8,0.653,1,2.2,0.4712,0.417,0.6098,0.5003,0.96,0.246,0.3304,0.6968
2872,2402,5,5,0,5,1.3,2023-09-02 10:00:00,45.809993,15.980841,0,6,0,0.21,1,0.515,0,2.15,0.2219,0.4735,0.1874,0.5648,0.3427,0.5942,0.4369,0.3776
2873,244,2,0,0,42,1.8,2023-09-18 11:00:00,45.791395,16.048544,2,1,0,0.595,25,0.696,2,3.37,0.8419,0.2825,0.3838,0.4991,0.2742,0.9787,0.4943,0.3465
2874,185,4,6,0,7,1.9,2023-09-15 20:00:00,45.800715,15.98343,0,5,2,0.329,2,1.022,0,2.84,0.6348,0.2934,0.2846,0.7098,0.2207,0.2014,0.862,0.4797
2875,2602,1,1,0,28,1.1,2023-04-22 11:00:00,45.813718,15.98383,0,6,0,0.793,22,0.372,2,3.51,0.7782,0.3341,0.4103,0.4482,0.6099,0.264,0.5641,0.3347
2876,7743,10,4,2,12,1.1,2023-09-15 11:00:00,45.857902,15.962295,1,5,0,0.262,3,0.193,1,2.8,0.8427,0.5255,0.6328,0.8832,0.1792,0.3408,0.7477,0.392
2877,3020,4,6,0,7,0.6,2023-05-20 11:00:00,45.740399,15.979316,3,6,0,0.664,5,0.877,1,2.23,0.722,0.328,0.3137,0.6799,0.2429,0.2037,0.8396,0.573
2878,6881,30,5,2,8,1.8,2023-05-04 09:00:00,45.850588,15.957132,1,4,0,0.449,4,0.581,1,2.81,0.4377,0.4596,0.1093,0.5542,0.273,0.5422,0.4332,0.2977
2879,3459,1,1,0,21,2.4,2023-05-30 10:00:00,45.852593,15.962437,1,2,0,0.073,2,0.883,0,1.59,0.7003,0.3357,0.2511,0.4255,0.566,0.198,0.5019,0.3007
2880,6155,17,0,0,12,1.0,2024-03-17 09:00:00,45.815036,15.972322,0,0,0,0.433,5,0.344,1,2.29,0.8888,0.2613,0.5106,0.5509,0.214,0.8986,0.4439,0.3296
2881,2363,27,7,2,24,1.7,2023-04-02 19:00:00,45.810921,15.888004,4,0,2,0.652,16,1.365,2,3.44,0.3499,0.409,0.6375,0.511,0.9517,0.2458,0.343,0.7088
2882,3819,0,1,0,4,1.1,2024-12-18 11:00:00,45.753562,15.975199,3,3,0,0.476,2,0.567,0,3.31,0.774,0.3253,0.2129,0.4374,0.6886,0.1494,0.4621,0.2013
2883,7599,3,2,0,4,1.1,2024-03-27 19:00:00,45.747278,15.970833,3,3,2,0.408,2,1.2,0,3.5,0.4062,0.8456,0.1983,0.66,0.2517,0.2373,0.2704,0.472
2884,8280,16,2,2,6,1.9,2023-03-26 09:00:00,45.736763,15.970137,3,0,0,0.464,3,0.146,1,1.18,0.41,0.8675,0.2437,0.7309,0.2998,0.3502,0.3583,0.5257
2885,2126,15,0,1,14,2.2,2024-02-07 10:00:00,45.748114,15.985852,3,3,0,0.131,2,0.653,0,3.15,0.8968,0.3451,0.489,0.4635,0.1779,0.8266,0.4908,0.2875
2886,3360,29,1,2,13,0.9,2023-07-27 18:00:00,45.746289,15.983625,3,4,2,0.583,8,1.465,1,2.76,0.8183,0.3695,0.3081,0.32,0.5953,0.2349,0.5266,0.2553
2887,4284,20,5,0,10,2.7,2023-09-22 18:00:00,45.795009,16.036478,2,5,2,0.348,3,0.149,1,1.72,0.2656,0.465,0.1198,0.6294,0.2982,0.5292,0.4689,0.2677
2888,1028,1,1,1,4,1.7,2023-04-03 19:00:00,45.812475,15.888621,4,1,2,0.858,3,1.355,1,3.58,0.8088,0.354,0.4069,0.416,0.474,0.1507,0.4869,0.4027
2889,4899,27,7,0,10,1.5,2023-12-20 18:00:00,45.797872,16.042048,2,3,2,0.847,8,1.093,1,3.52,0.4766,0.333,0.5761,0.5382,0.9313,0.3227,0.4233,0.7265
2890,8348,30,5,0,6,0.9,2023-01-07 19:00:00,45.835502,15.912283,4,6,2,0.809,5,0.63,1,2.65,0.3543,0.5848,0.0653,0.6093,0.3803,0.6245,0.4721,0.4155
2891,3941,11,3,0,6,2.5,2023-03-17 18:00:00,45.753442,15.989134,3,5,2,0.319,2,1.159,0,1.36,0.4627,0.5079,0.8825,0.6071,0.7432,0.2362,0.4184,0.7934
2892,6358,6,2,1,9,1.4,2024-02-21 11:00:00,45.798584,16.042854,2,3,0,0.294,3,0.518,1,2.19,0.457,0.9368,0.2327,0.7026,0.3702,0.2324,0.2219,0.6046
2893,5578,3,2,2,11,1.4,2023-04-15 11:00:00,45.747383,15.974067,3,6,0,0.596,7,0.651,1,1.61,0.416,0.8737,0.1726,0.5883,0.3269,0.2726,0.3278,0.4841
2894,1633,13,6,1,5,1.3,2024-05-30 11:00:00,45.757836,15.98534,3,4,0,0.045,0,0.739,0,1.43,0.6722,0.3302,0.2426,0.784,0.1463,0.2655,0.9384,0.5047
2895,2986,25,3,0,6,1.9,2024-08-23 20:00:00,45.789402,16.05185,2,5,2,0.183,1,0.451,0,2.83,0.4873,0.4624,0.9033,0.6342,0.7468,0.1849,0.4946,0.8236
2896,6688,5,5,0,11,2.0,2023-06-05 20:00:00,45.851403,15.960723,1,1,2,0.385,4,1.235,1,1.89,0.2647,0.4829,0.1015,0.5984,0.3068,0.602,0.4294,0.2867
2897,4713,1,1,0,13,1.5,2024-07-04 18:00:00,45.810101,15.982851,0,4,2,0.239,3,0.57,1,1.77,0.7184,0.2776,0.2994,0.3528,0.7104,0.2345,0.436,0.359
2898,5664,1,1,0,8,2.0,2024-04-28 20:00:00,45.745699,15.977808,3,0,2,0.536,4,1.226,1,2.64,0.842,0.3866,0.1979,0.5229,0.6261,0.2254,0.6018,0.3278
2899,204,1,1,2,11,1.7,2024-07-13 18:00:00,45.852328,15.949573,1,6,2,0.626,7,0.116,1,2.94,0.7195,0.3339,0.2865,0.418,0.655,0.1553,0.4741,0.2155
2900,5519,22,7,2,30,1.0,2024-10-29 20:00:00,45.81596,15.984215,0,2,2,0.675,20,0.074,2,2.32,0.5863,0.4444,0.5821,0.4538,0.8721,0.2259,0.3973,0.7418
2901,496,5,5,1,9,1.7,2023-04-19 19:00:00,45.746153,15.979068,3,3,2,0.389,4,0.23,1,2.37,0.2821,0.4901,0.1542,0.5268,0.2924,0.443,0.466,0.2829
2902,7942,19,4,1,15,2.2,2023-04-24 20:00:00,45.816444,15.884745,4,1,2,0.408,6,0.49,1,1.02,0.7879,0.6242,0.7351,0.8831,0.1562,0.3416,0.8196,0.3276
2903,2174,2,0,1,16,1.4,2024-12-02 18:00:00,45.806669,15.893715,4,1,2,0.168,3,1.06,1,2.23,0.9206,0.4032,0.4204,0.4836,0.1655,0.8798,0.3979,0.3702
2904,2718,8,0,1,6,1.3,2024-12-08 19:00:00,45.816969,16.044981,2,0,2,0.15,1,1.028,0,3.19,0.8601,0.4076,0.5246,0.5185,0.2243,0.7924,0.4374,0.3884
2905,6585,4,6,2,4,2.2,2023-05-25 20:00:00,45.819014,15.881274,4,4,2,0.65,3,0.904,1,2.15,0.688,0.3026,0.3215,0.6998,0.2578,0.2435,0.9002,0.5641
2906,107,16,2,0,7,1.2,2023-07-20 11:00:00,45.81694,15.877584,4,4,0,0.667,5,1.346,1,2.9,0.2891,0.8246,0.1968,0.6979,0.3564,0.2832,0.3188,0.5507
2907,4053,7,0,0,5,1.8,2024-12-14 18:00:00,45.803665,15.883875,4,6,2,0.163,1,0.903,0,3.36,0.9721,0.3124,0.5356,0.5497,0.1666,0.8719,0.3847,0.2262
2908,859,25,3,3,3,0.8,2023-10-28 20:00:00,45.799018,16.040355,2,6,2,0.444,1,0.554,0,2.61,0.4331,0.4624,1.0,0.6016,0.8273,0.14,0.5394,0.8073
2909,5634,3,2,3,8,1.6,2023-04-01 09:00:00,45.818295,15.98571,0,6,0,0.67,5,0.565,1,2.45,0.4385,0.8481,0.233,0.6668,0.1924,0.3244,0.3014,0.5367
2910,8955,17,0,0,4,2.1,2023-07-03 18:00:00,45.848695,15.954183,1,1,2,0.288,1,0.44,0,2.59,0.8512,0.3047,0.4906,0.4461,0.1279,0.9079,0.2408,0.2553
2911,8660,4,6,0,9,2.5,2023-12-25 18:00:00,45.800815,16.044867,2,1,2,0.153,1,0.633,0,2.62,0.7221,0.2756,0.2807,0.6633,0.1929,0.2191,0.9254,0.5081
2912,7248,2,0,0,4,1.7,2023-04-07 18:00:00,45.788489,16.045096,2,5,2,0.688,3,1.114,1,0.95,0.9096,0.2261,0.4887,0.504,0.2063,0.8852,0.4309,0.1843
2913,7111,15,0,0,6,1.6,2023-06-14 18:00:00,45.745301,15.973,3,3,2,0.868,5,1.045,1,2.68,0.9612,0.3111,0.4841,0.4632,0.2245,0.8475,0.3819,0.4024
2914,6004,21,0,0,18,0.9,2024-12-26 19:00:00,45.820228,15.888047,4,4,2,0.235,4,0.591,1,2.29,0.8789,0.3321,0.3847,0.4456,0.3295,0.8603,0.3219,0.2498
2915,5274,14,5,1,5,1.3,2023-02-24 19:00:00,45.828395,15.872675,4,5,2,0.444,2,1.291,0,2.68,0.2453,0.5185,0.0746,0.5363,0.2838,0.6727,0.3467,0.3567
2916,8314,13,6,0,12,2.1,2023-08-18 11:00:00,45.812968,15.878554,4,5,0,0.474,6,0.412,1,3.13,0.6248,0.2921,0.3694,0.7173,0.2445,0.2282,0.8802,0.5038
2917,6665,13,6,1,7,2.1,2023-08-05 11:00:00,45.792133,16.023387,2,6,0,0.554,4,1.105,1,2.04,0.7515,0.2898,0.3086,0.7793,0.2291,0.13,0.9625,0.5188
2918,4357,1,1,0,8,1.7,2024-07-15 18:00:00,45.803831,15.974501,0,1,2,0.638,5,0.94,1,1.65,0.8037,0.2939,0.386,0.4714,0.6375,0.1948,0.4941,0.3469
2919,4530,16,2,1,5,2.2,2023-10-01 11:00:00,45.819748,15.969031,0,0,0,0.557,3,0.877,1,2.3,0.4376,0.9008,0.238,0.6374,0.3844,0.2663,0.1897,0.6145
2920,4613,6,2,0,5,2.1,2023-11-06 09:00:00,45.757178,15.957253,3,1,0,0.192,1,1.019,0,2.15,0.3024,0.9513,0.1614,0.6807,0.1987,0.3305,0.2755,0.3575
2921,1619,24,3,2,13,1.2,2023-03-28 19:00:00,45.755507,15.958478,3,2,2,0.541,7,0.603,1,2.44,0.4626,0.543,0.8908,0.6178,0.788,0.1183,0.5242,0.8568
2922,4439,28,0,1,23,2.0,2023-12-30 10:00:00,45.788624,16.057,2,6,0,0.246,6,0.756,1,2.86,0.83,0.2772,0.4661,0.5314,0.2381,0.9772,0.436,0.1857
2923,825,2,0,1,8,0.7,2023-12-27 09:00:00,45.864234,15.956456,1,3,0,0.375,3,0.599,1,2.52,0.8989,0.3475,0.5395,0.5626,0.2659,0.8609,0.4357,0.3302
2924,7303,2,0,0,7,1.8,2024-04-08 10:00:00,45.859977,15.950656,1,1,0,0.371,3,0.588,1,3.35,0.8667,0.3718,0.4621,0.5043,0.2002,0.8833,0.3918,0.4029
2925,4382,11,3,1,7,2.1,2023-07-18 19:00:00,45.798147,15.884159,4,2,2,0.265,2,0.906,0,3.42,0.418,0.4781,0.832,0.7074,0.8055,0.1819,0.5727,0.8216
2926,7288,5,5,0,10,1.7,2023-12-06 10:00:00,45.849274,15.953531,1,3,0,0.771,8,0.614,1,2.87,0.2212,0.4687,0.1798,0.5214,0.3242,0.6089,0.3166,0.3358
2927,2508,13,6,2,8,0.5,2024-11-07 19:00:00,45.797506,16.042969,2,4,2,0.184,1,0.029,0,2.58,0.703,0.3364,0.3232,0.7241,0.1467,0.2076,0.8122,0.4964
2928,8876,1,1,0,9,2.1,2023-02-28 11:00:00,45.752125,15.983914,3,2,0,0.254,2,0.129,0,2.67,0.7744,0.2831,0.3909,0.382,0.5374,0.2123,0.5148,0.3272
2929,7219,5,5,2,4,1.1,2023-02-17 18:00:00,45.850247,15.958527,1,5,2,0.094,0,0.474,0,3.0,0.3224,0.5238,0.1544,0.681,0.41,0.5219,0.3636,0.3044
2930,319,15,0,1,6,2.0,2023-10-08 19:00:00,45.746246,15.974069,3,0,2,0.415,2,0.799,0,2.13,0.9049,0.265,0.5293,0.461,0.2104,0.8093,0.3695,0.2726
2931,1680,8,0,2,17,1.7,2023-12-09 19:00:00,45.859644,15.946266,1,6,2,0.283,5,0.847,1,3.76,0.9175,0.3253,0.5394,0.4944,0.12,0.9293,0.3736,0.3517
2932,8249,24,3,1,12,1.9,2023-11-03 18:00:00,45.84226,15.945933,1,5,2,0.51,6,1.368,1,2.88,0.5296,0.5184,0.9571,0.619,0.7368,0.2615,0.4943,0.811
2933,5975,0,1,0,12,1.7,2024-05-25 20:00:00,45.818647,15.891467,4,6,2,0.537,6,0.039,1,2.98,0.8177,0.3294,0.3774,0.4803,0.5268,0.2491,0.6229,0.2925
2934,582,19,4,0,6,1.9,2023-11-25 09:00:00,45.814159,15.968954,0,6,0,0.541,3,1.381,1,3.13,0.7401,0.6889,0.8135,0.8503,0.1972,0.3006,0.8107,0.3662
2935,1317,17,0,1,10,1.8,2024-11-26 11:00:00,45.818522,15.880402,4,2,0,0.56,6,0.474,1,2.65,1.0,0.2956,0.4562,0.6587,0.1675,0.9307,0.349,0.2424
2936,6368,13,6,1,9,1.6,2023-08-25 20:00:00,45.818082,15.895945,4,5,2,0.116,1,0.904,0,3.37,0.7948,0.3053,0.347,0.8054,0.1231,0.2598,0.9214,0.4706
2937,6760,2,0,1,6,1.7,2023-06-05 20:00:00,45.798168,15.894432,4,1,2,0.705,4,1.407,1,2.56,0.9261,0.2699,0.5127,0.5353,0.177,0.9293,0.3772,0.2872
2938,143,4,6,2,10,1.5,2024-11-03 18:00:00,45.855209,15.950338,1,0,2,0.247,2,0.949,0,2.31,0.7833,0.2748,0.3955,0.7255,0.098,0.1727,0.872,0.4594
2939,4427,7,0,2,13,2.0,2024-02-29 10:00:00,45.809649,15.971212,0,4,0,0.45,6,0.475,1,3.57,0.9317,0.2723,0.4532,0.4398,0.2701,0.9382,0.5074,0.2645
2940,2170,1,1,2,10,1.3,2024-07-22 09:00:00,45.824316,15.890183,4,1,0,0.075,1,0.804,0,2.32,0.7579,0.3213,0.2989,0.3965,0.489,0.1978,0.553,0.3097
2941,6171,6,2,0,15,1.4,2023-04-27 11:00:00,45.802294,16.039609,2,4,0,0.153,2,0.544,0,2.73,0.3945,0.9112,0.2484,0.7847,0.27,0.2532,0.3506,0.4814
2942,7068,28,0,1,20,1.3,2023-06-18 10:00:00,45.795509,15.975317,0,0,0,0.595,12,1.497,2,2.62,0.9034,0.3202,0.4872,0.5453,0.2422,0.8334,0.4398,0.3017
2943,991,2,0,2,7,0.5,2024-11-13 10:00:00,45.79047,16.043806,2,3,0,0.497,3,1.06,1,3.77,0.859,0.2714,0.5348,0.5042,0.2508,0.8907,0.4528,0.3207
2944,2594,4,6,2,5,2.0,2023-01-03 18:00:00,45.847625,15.952874,1,2,2,0.628,3,1.387,1,3.49,0.7298,0.3285,0.3176,0.7255,0.1912,0.2301,0.9071,0.4679
2945,3586,8,0,1,15,1.4,2023-05-10 10:00:00,45.788007,16.044276,2,3,0,0.15,2,1.349,0,1.99,0.9304,0.3376,0.4124,0.4652,0.2239,0.8535,0.3372,0.2805
2946,7915,1,1,0,13,1.3,2023-05-03 10:00:00,45.79661,16.047604,2,3,0,0.234,3,1.44,1,2.29,0.8268,0.2969,0.2137,0.4071,0.541,0.1675,0.4921,0.3145
2947,8993,14,5,1,19,0.9,2023-12-25 19:00:00,45.861056,15.960506,1,1,2,0.233,4,1.176,1,2.71,0.2555,0.512,0.177,0.596,0.3381,0.582,0.3768,0.294
2948,1665,15,0,1,7,2.3,2023-01-05 11:00:00,45.795053,15.887827,4,4,0,0.513,4,1.175,1,2.3,0.882,0.2871,0.5633,0.476,0.1962,0.8802,0.4418,0.3074
2949,6759,8,0,2,8,2.2,2023-10-16 18:00:00,45.782046,16.037969,2,1,2,0.074,1,0.512,0,2.24,0.8718,0.2203,0.4503,0.5547,0.2036,0.8314,0.4281,0.2668
2950,4753,20,5,2,2,1.8,2024-08-27 11:00:00,45.845503,15.957097,1,2,0,0.254,1,0.84,0,1.98,0.2678,0.5113,0.099,0.6256,0.327,0.5878,0.3945,0.2525
2951,5677,10,4,0,4,0.5,2023-11-05 19:00:00,45.813242,15.9728,0,0,2,0.612,2,1.349,0,2.4,0.7783,0.6128,0.6706,0.7863,0.1544,0.4629,0.7593,0.395
2952,2217,0,1,1,13,1.8,2024-02-10 09:00:00,45.830304,15.978452,0,6,0,0.323,4,0.938,1,1.32,0.8671,0.2465,0.3734,0.3875,0.6257,0.2415,0.4715,0.3655
2953,2878,1,1,1,50,1.6,2023-03-07 09:00:00,45.843255,15.961016,1,2,0,0.346,17,0.294,2,1.56,0.8278,0.3508,0.3286,0.4482,0.5671,0.1892,0.4871,0.2859
2954,8769,2,0,0,6,0.5,2024-03-01 18:00:00,45.816531,15.90229,4,5,2,0.619,4,0.543,1,3.31,0.92,0.3543,0.5602,0.4799,0.2357,0.8948,0.3261,0.2416
2955,3721,16,2,0,17,1.7,2024-08-23 11:00:00,45.791854,15.975879,0,5,0,0.226,4,0.851,1,1.76,0.4273,0.8998,0.2122,0.6239,0.2999,0.294,0.2841,0.4847
2956,7362,3,2,1,6,1.7,2024-12-02 09:00:00,45.749564,15.976519,3,1,0,0.738,4,0.855,1,3.63,0.4409,0.9447,0.2204,0.7087,0.3021,0.2377,0.3299,0.4461
2957,4085,1,1,0,2,1.4,2024-09-06 19:00:00,45.811384,15.878071,4,5,2,0.516,1,0.324,0,2.26,0.8154,0.1985,0.3115,0.3966,0.5747,0.1791,0.4122,0.3456
2958,2290,6,2,1,5,1.0,2023-12-27 10:00:00,45.782487,16.025693,2,3,0,0.236,1,0.999,0,1.68,0.4067,0.9225,0.3192,0.6792,0.2196,0.3757,0.3495,0.4838
2959,4202,4,6,1,6,1.2,2023-01-28 18:00:00,45.84801,15.964408,1,6,2,0.419,3,1.379,1,3.31,0.783,0.181,0.403,0.7468,0.2322,0.1738,0.9326,0.4463
2960,3041,26,7,1,10,0.8,2024-05-09 10:00:00,45.782041,16.034221,2,4,0,0.452,5,1.42,1,2.43,0.5319,0.3692,0.6755,0.6164,0.9011,0.2827,0.4224,0.6714
2961,3748,24,3,0,9,1.0,2024-04-20 10:00:00,45.823841,15.967728,0,6,0,0.805,7,1.085,1,2.71,0.4267,0.5041,0.8944,0.5243,0.8796,0.1529,0.5288,0.9184
2962,8302,30,5,1,15,1.8,2024-11-29 20:00:00,45.741325,15.956638,3,5,2,0.379,6,0.895,1,1.62,0.3152,0.5495,0.0217,0.7108,0.2989,0.4647,0.398,0.3508
2963,5421,1,1,0,10,1.3,2024-08-24 11:00:00,45.80631,15.889837,4,6,0,0.719,7,0.671,1,0.37,0.8424,0.2181,0.3691,0.3566,0.6191,0.2756,0.4584,0.2312
2964,3893,9,1,0,10,1.2,2023-06-14 09:00:00,45.85636,15.965066,1,3,0,0.514,5,0.192,1,2.97,0.7887,0.3467,0.1756,0.3223,0.6227,0.1995,0.5679,0.2738
2965,8895,1,1,0,8,0.9,2023-10-24 20:00:00,45.799443,16.040302,2,2,2,0.291,2,0.693,0,3.64,0.7971,0.2503,0.3468,0.3698,0.572,0.1958,0.4501,0.2986
2966,5723,1,1,3,5,1.4,2023-10-16 19:00:00,45.805468,15.893465,4,1,2,0.534,3,1.067,1,1.95,0.7328,0.3033,0.3097,0.3522,0.6609,0.1065,0.4403,0.3097
2967,3546,4,6,0,5,1.8,2024-01-08 18:00:00,45.824886,15.973166,0,1,2,0.429,2,0.88,0,1.89,0.6889,0.1911,0.2911,0.6616,0.2497,0.1709,0.8792,0.5334
2968,1297,20,5,2,4,0.7,2024-04-26 09:00:00,45.812326,15.877658,4,5,0,0.074,0,1.172,0,3.18,0.2487,0.4842,0.0459,0.6261,0.1959,0.6228,0.3483,0.2968
2969,7888,0,1,0,9,1.1,2023-02-26 11:00:00,45.81692,15.965676,0,0,0,0.441,4,0.174,1,2.65,0.8475,0.3976,0.2752,0.4347,0.5824,0.1602,0.5216,0.2518
2970,7312,1,1,2,3,1.3,2023-02-06 19:00:00,45.856014,15.948485,1,1,2,0.816,2,0.379,0,2.4,0.7721,0.3412,0.2474,0.43,0.5781,0.2065,0.5254,0.2781
2971,1454,17,0,0,20,2.5,2023-09-28 20:00:00,45.757123,15.977567,3,4,2,0.225,4,0.918,1,2.84,0.8857,0.2556,0.527,0.441,0.2051,0.8781,0.4434,0.2621
2972,1604,10,4,2,6,2.4,2024-09-18 10:00:00,45.822227,15.975326,0,3,0,0.328,2,1.153,0,2.51,0.8867,0.6248,0.7173,0.8817,0.1991,0.5046,0.8042,0.446
2973,8064,0,1,0,13,2.1,2024-11-12 18:00:00,45.748985,15.968156,3,2,2,0.164,2,0.662,0,3.43,0.7877,0.3132,0.3292,0.4228,0.5056,0.2127,0.4695,0.3685
2974,6411,2,0,2,9,0.9,2024-08-21 18:00:00,45.857707,15.956952,1,3,2,0.14,1,0.681,0,3.22,0.8563,0.2582,0.4963,0.4541,0.1857,0.8538,0.345,0.3478
2975,790,2,0,0,14,0.7,2023-02-27 19:00:00,45.786303,16.050591,2,1,2,0.631,9,0.605,2,2.57,0.9127,0.2656,0.4311,0.4831,0.2117,0.8528,0.4235,0.3318
2976,8133,0,1,0,6,0.8,2023-07-16 11:00:00,45.819712,15.883918,4,0,0,0.436,3,0.313,1,3.22,0.7254,0.2022,0.2523,0.3045,0.5924,0.1938,0.5663,0.2615
2977,3442,1,1,1,9,0.8,2024-01-18 18:00:00,45.792613,16.049126,2,4,2,0.275,2,1.231,0,3.39,0.7741,0.3113,0.2727,0.4018,0.644,0.2441,0.5394,0.319
2978,5166,2,0,1,6,1.1,2023-08-19 20:00:00,45.850247,15.949588,1,6,2,0.225,1,1.33,0,2.73,0.8906,0.3734,0.5626,0.4982,0.1146,0.8877,0.43,0.3456
2979,485,13,6,0,6,1.7,2024-04-11 11:00:00,45.814414,15.964946,0,4,0,0.797,5,0.369,1,3.8,0.726,0.286,0.2857,0.6357,0.2685,0.1506,0.8569,0.4803
2980,3429,25,3,1,8,2.0,2023-01-02 11:00:00,45.808257,16.068476,2,1,0,0.343,3,0.091,1,2.03,0.5354,0.4922,0.9144,0.5578,0.8476,0.1554,0.5529,0.8488
2981,3913,1,1,2,26,1.1,2024-11-17 19:00:00,45.745348,15.964587,3,0,2,0.799,21,1.101,2,3.41,0.6968,0.3602,0.2802,0.3414,0.6052,0.216,0.5532,0.3451
2982,2405,1,1,0,7,1.9,2024-12-27 18:00:00,45.808813,15.974429,0,5,2,0.192,1,0.422,0,2.89,0.754,0.2971,0.3062,0.4338,0.5751,0.1648,0.5829,0.3362
2983,2361,13,6,0,14,1.5,2024-11-06 20:00:00,45.767273,15.97295,3,3,2,0.42,6,1.21,1,2.93,0.6554,0.2469,0.2916,0.7282,0.1412,0.2605,0.8693,0.4368
2984,39,28,0,1,5,1.6,2024-01-15 19:00:00,45.802521,16.048818,2,1,2,0.488,2,1.256,0,3.46,0.9001,0.414,0.5406,0.4109,0.2034,0.949,0.3852,0.2799
2985,2297,23,3,1,11,1.8,2024-05-09 18:00:00,45.804679,15.874999,4,4,2,0.045,0,0.048,0,2.48,0.5902,0.5064,0.8929,0.6791,0.7563,0.2592,0.5138,0.8076
2986,6824,10,4,0,7,0.9,2023-06-22 20:00:00,45.803729,16.038706,2,4,2,0.379,3,0.182,1,2.32,0.7381,0.672,0.7604,0.9024,0.2072,0.4305,0.8768,0.4122
2987,8583,30,5,1,14,1.1,2023-09-11 10:00:00,45.841011,15.955473,1,1,0,0.306,4,0.762,1,3.13,0.264,0.5172,0.0192,0.6308,0.3101,0.6446,0.3806,0.2409
2988,8554,19,4,1,5,1.4,2023-09-09 11:00:00,45.861664,15.959655,1,6,0,0.143,1,0.82,0,1.68,0.8672,0.5619,0.6366,0.9087,0.1802,0.4092,0.8219,0.367
2989,7900,8,0,0,38,2.1,2024-07-04 18:00:00,45.788641,16.050315,2,4,2,0.73,28,1.102,2,2.22,0.9197,0.2714,0.5185,0.5001,0.2502,0.9449,0.3179,0.3385
2990,6205,19,4,0,16,1.3,2024-08-30 19:00:00,45.798832,16.048566,2,5,2,0.378,6,0.728,1,3.89,0.7468,0.6419,0.6923,0.9346,0.2634,0.2648,0.8599,0.3565
2991,2101,26,7,0,4,1.6,2023-04-03 09:00:00,45.840762,15.948553,1,1,0,0.048,0,0.728,0,2.21,0.5986,0.3989,0.6632,0.4973,0.9614,0.299,0.3754,0.701
2992,628,11,3,0,4,1.5,2024-08-31 09:00:00,45.81176,15.979291,0,6,0,0.763,3,0.951,1,2.94,0.5424,0.4978,0.9123,0.6646,0.8402,0.2827,0.4151,0.8435
2993,5793,2,0,0,11,2.1,2023-01-22 11:00:00,45.779549,16.038809,2,0,0,0.35,4,1.252,1,2.12,0.8963,0.2936,0.5505,0.5542,0.1881,0.9043,0.397,0.3662
2994,2707,2,0,1,9,0.5,2024-08-26 20:00:00,45.744651,15.9749,3,1,2,0.493,4,0.744,1,2.04,0.8507,0.264,0.5194,0.4741,0.2208,0.8901,0.3698,0.3339
2995,5955,9,1,2,11,1.1,2023-07-11 18:00:00,45.806381,15.887069,4,2,2,0.167,2,0.989,0,3.67,0.8613,0.2828,0.34,0.4016,0.6707,0.1901,0.5135,0.3189
2996,661,10,4,1,6,1.4,2024-05-09 09:00:00,45.743936,15.961524,3,4,0,0.39,2,0.23,0,2.34,0.7761,0.5334,0.6461,0.9666,0.2374,0.3658,0.8255,0.3586
2997,6567,0,1,0,6,0.5,2023-05-02 18:00:00,45.828401,15.971273,0,2,2,0.623,4,1.116,1,2.34,0.7956,0.3938,0.3479,0.4153,0.5815,0.216,0.4458,0.313
2998,5216,7,0,0,16,0.5,2024-01-29 19:00:00,45.807452,15.96145,0,1,2,0.512,8,0.971,1,3.0,0.8785,0.3391,0.4647,0.5011,0.2207,0.9945,0.4309,0.3469
2999,4684,29,1,2,5,0.9,2024-02-19 09:00:00,45.838007,15.974749,0,1,0,0.378,2,0.68,0,2.25,0.8091,0.2581,0.385,0.3627,0.5379,0.1681,0.4877,0.2155
3000,3459,22,7,2,8,2.1,2024-02-18 10:00:00,45.81306,15.96638,0,0,0,0.414,3,1.3,1,2.69,0.5277,0.4404,0.6379,0.5196,0.9554,0.3275,0.4323,0.6918
3001,1382,3,2,2,11,1.4,2024-04-12 19:00:00,45.791551,16.056093,2,5,2,0.391,4,0.912,1,3.39,0.4914,0.8949,0.2291,0.5894,0.2288,0.3468,0.2709,0.5231
3002,763,1,1,1,10,1.5,2023-12-21 10:00:00,45.800617,15.877649,4,4,0,0.716,7,1.317,1,2.79,0.8395,0.3522,0.3346,0.3912,0.5912,0.2292,0.49,0.3077
3003,4539,3,2,0,5,1.5,2023-06-14 20:00:00,45.808306,15.889485,4,3,2,0.232,1,0.412,0,3.31,0.385,0.9007,0.2058,0.7473,0.3242,0.2459,0.3238,0.5279
3004,2029,21,0,0,5,1.9,2023-02-25 09:00:00,45.857644,15.960233,1,6,0,0.113,1,1.242,0,3.4,0.9571,0.2711,0.4992,0.5032,0.1278,0.9322,0.3618,0.3279
3005,1611,3,2,2,18,1.9,2023-12-26 10:00:00,45.746157,15.96636,3,2,0,0.626,11,0.329,2,1.66,0.4396,0.9283,0.1295,0.7195,0.2757,0.2811,0.3108,0.4296
3006,8963,30,5,1,8,0.5,2023-05-23 20:00:00,45.850932,15.946936,1,2,2,0.428,3,0.752,1,3.37,0.2038,0.5266,0.1487,0.5499,0.259,0.5454,0.3174,0.296
3007,5211,28,0,3,6,1.2,2023-11-21 20:00:00,45.854889,15.954963,1,2,2,0.063,0,0.274,0,3.89,0.9038,0.2648,0.5489,0.5367,0.269,0.8665,0.4254,0.3379
3008,1121,27,7,0,6,0.9,2023-03-03 11:00:00,45.754248,15.97169,3,5,0,0.321,2,0.113,0,3.85,0.4934,0.4186,0.5393,0.5297,0.8936,0.2924,0.3897,0.748
3009,4379,11,3,1,7,1.0,2023-05-14 09:00:00,45.799924,16.034502,2,0,0,0.252,2,0.763,0,2.88,0.5071,0.5629,0.9001,0.5862,0.7615,0.3524,0.497,0.8399
3010,4388,8,0,0,3,1.4,2023-08-15 19:00:00,45.797557,16.029853,2,2,2,0.425,1,1.2,0,1.08,0.9027,0.3223,0.516,0.5975,0.2275,0.9303,0.3927,0.2527
3011,2410,1,1,2,7,2.1,2023-01-27 20:00:00,45.866131,15.954691,1,5,2,0.51,4,0.291,1,1.31,0.8252,0.3149,0.2939,0.3935,0.7263,0.2596,0.5245,0.3175
3012,4767,7,0,1,9,2.0,2023-03-20 20:00:00,45.833128,15.976371,0,1,2,0.492,4,0.272,1,3.44,0.9878,0.3092,0.4321,0.5942,0.1647,0.9435,0.3326,0.3418
3013,4676,14,5,0,6,1.4,2023-01-27 09:00:00,45.754767,15.989493,3,5,0,0.378,2,1.281,0,2.6,0.3178,0.4218,0.0306,0.5517,0.2899,0.6082,0.3669,0.2985
3014,8991,14,5,1,4,0.7,2024-08-24 19:00:00,45.802982,15.884813,4,6,2,0.122,0,1.043,0,3.01,0.2982,0.5415,0.1024,0.6213,0.3349,0.7311,0.388,0.2902
3015,2953,5,5,1,9,1.4,2024-04-01 19:00:00,45.805657,15.962651,0,1,2,0.722,6,1.04,1,2.26,0.3139,0.5598,0.0324,0.5318,0.239,0.6363,0.3581,0.257
3016,2729,2,0,0,14,1.6,2023-01-19 10:00:00,45.808,15.875255,4,4,0,0.514,7,1.01,1,3.19,0.8951,0.3419,0.443,0.5296,0.1746,0.9404,0.3699,0.3292
3017,5775,8,0,0,10,1.9,2023-05-13 11:00:00,45.758735,15.981288,3,6,0,0.523,5,0.621,1,3.57,0.8341,0.2848,0.5288,0.5082,0.2205,0.9824,0.4698,0.203
3018,8117,18,7,2,5,2.1,2023-07-11 19:00:00,45.746473,15.95968,3,2,2,0.674,3,0.351,1,2.89,0.44,0.3933,0.5314,0.4725,0.907,0.2659,0.3954,0.7316
3019,5944,15,0,1,13,1.9,2023-01-12 10:00:00,45.808925,15.991323,0,4,0,0.695,9,0.341,2,3.08,0.8612,0.3343,0.4902,0.4728,0.2607,0.8937,0.4356,0.3532
3020,2707,2,0,1,4,2.5,2023-12-10 20:00:00,45.734643,15.978361,3,0,2,0.364,1,1.128,0,1.69,0.964,0.3283,0.5467,0.5235,0.2232,0.8965,0.4303,0.2941
3021,4588,1,1,0,10,1.2,2024-05-17 18:00:00,45.806709,15.997149,0,5,2,0.163,2,0.964,0,2.59,0.8134,0.3451,0.2849,0.3809,0.6226,0.2102,0.4657,0.3068
3022,7666,4,6,3,5,1.1,2023-02-28 19:00:00,45.810719,15.970505,0,2,2,0.06,0,1.408,0,2.93,0.7888,0.3214,0.3358,0.6986,0.1872,0.221,0.9732,0.4255
3023,318,6,2,1,6,1.8,2024-01-06 20:00:00,45.756141,15.969852,3,6,2,0.397,2,1.362,0,2.6,0.3483,0.8681,0.1816,0.7497,0.3399,0.2118,0.2625,0.4859
3024,5882,30,5,0,12,1.8,2024-02-03 19:00:00,45.795827,15.872301,4,6,2,0.425,5,0.7,1,2.95,0.2861,0.4854,0.0302,0.6277,0.2514,0.6008,0.4154,0.3526
3025,1011,8,0,0,21,1.6,2023-12-05 10:00:00,45.799824,16.033429,2,2,0,0.324,7,0.512,1,1.74,0.9271,0.2986,0.4134,0.4421,0.2664,0.9055,0.4527,0.2439
3026,5641,2,0,1,21,1.2,2024-03-14 09:00:00,45.795812,15.980531,0,4,0,0.786,17,0.662,2,3.47,0.9299,0.3016,0.4891,0.4588,0.211,0.9269,0.3517,0.3408
3027,3096,16,2,1,3,1.4,2023-04-04 10:00:00,45.857181,15.953962,1,2,0,0.319,1,0.807,0,3.02,0.4426,0.8687,0.1574,0.6911,0.3385,0.3257,0.1834,0.5652
3028,5319,29,1,1,9,1.3,2024-10-27 19:00:00,45.785895,16.051729,2,0,2,0.746,7,0.267,1,2.23,0.7622,0.3495,0.3328,0.4223,0.62,0.2057,0.54,0.2164
3029,1168,1,1,1,10,1.5,2024-04-20 19:00:00,45.808484,16.044145,2,6,2,0.163,2,0.34,0,2.29,0.9347,0.2442,0.2936,0.4496,0.5981,0.2811,0.4354,0.3844
3030,4660,6,2,0,21,1.5,2023-05-28 19:00:00,45.742402,15.985551,3,0,2,0.255,5,1.332,1,2.24,0.4623,0.8926,0.2243,0.685,0.3158,0.2472,0.2327,0.5157
3031,1178,13,6,1,6,1.0,2023-12-24 10:00:00,45.814899,15.898807,4,0,0,0.057,0,1.02,0,2.23,0.7143,0.2772,0.2821,0.6718,0.2013,0.2719,0.8311,0.5236
3032,2720,29,1,2,9,0.7,2024-01-09 20:00:00,45.804346,15.971151,0,2,2,0.198,2,0.704,0,2.12,0.7921,0.3202,0.3432,0.5302,0.4794,0.2023,0.5054,0.1994
3033,6425,6,2,0,2,1.2,2024-02-18 19:00:00,45.822085,15.985965,0,0,2,0.225,0,0.481,0,1.6,0.3533,0.861,0.1186,0.6693,0.2615,0.318,0.2533,0.4679
3034,2428,2,0,0,16,1.6,2024-08-19 20:00:00,45.811705,15.968195,0,1,2,0.191,3,0.435,1,2.76,0.8544,0.2947,0.5641,0.4923,0.2367,0.8638,0.4263,0.2781
3035,1870,11,3,1,5,1.5,2024-12-20 09:00:00,45.743519,15.975365,3,5,0,0.623,3,0.228,1,3.25,0.4987,0.5034,0.9479,0.5637,0.7673,0.1519,0.5229,0.8172
3036,3784,24,3,2,18,1.7,2023-07-21 18:00:00,45.871094,15.959492,1,5,2,0.419,8,1.229,1,2.65,0.4387,0.6555,0.8152,0.635,0.8046,0.1731,0.4712,0.7262
3037,3154,4,6,1,6,1.1,2023-06-24 10:00:00,45.81431,15.96521,0,6,0,0.129,1,0.901,0,0.87,0.679,0.3574,0.2592,0.6993,0.1661,0.1762,0.9078,0.5163
3038,1587,25,3,0,17,2.5,2023-09-22 19:00:00,45.812009,15.969935,0,5,2,0.101,2,1.165,0,2.45,0.5972,0.5745,0.8079,0.6381,0.7747,0.1921,0.4768,0.933
3039,5003,4,6,0,5,1.1,2024-11-27 19:00:00,45.744114,15.999603,3,3,2,0.524,3,1.381,1,1.88,0.6163,0.3828,0.273,0.6865,0.1573,0.2212,0.9406,0.435
3040,6361,2,0,1,2,1.8,2023-12-20 10:00:00,45.841274,15.951979,1,3,0,0.541,1,0.175,0,1.07,0.9658,0.3726,0.6007,0.3416,0.1644,0.9542,0.4758,0.3495
3041,8828,20,5,2,18,1.1,2023-08-19 10:00:00,45.85456,15.955634,1,6,0,0.525,9,0.295,2,3.73,0.2566,0.4648,0.0923,0.5834,0.2781,0.6475,0.4138,0.2837
3042,2456,2,0,1,8,1.9,2023-05-30 20:00:00,45.815154,15.896041,4,2,2,0.662,5,1.001,1,3.62,0.8132,0.2277,0.5334,0.5505,0.1139,0.9758,0.4274,0.3997
3043,4398,8,0,2,5,1.5,2023-06-23 09:00:00,45.800926,15.886257,4,5,0,0.259,1,1.395,0,2.69,0.8984,0.2751,0.5224,0.486,0.1901,0.9549,0.4058,0.2946
3044,4613,14,5,0,18,1.6,2024-08-21 20:00:00,45.795505,16.056956,2,3,2,0.607,11,0.921,2,2.99,0.306,0.6261,0.0878,0.6075,0.3443,0.5573,0.404,0.2612
3045,1954,9,1,0,21,1.2,2023-12-27 20:00:00,45.8011,15.895476,4,3,2,0.465,10,0.564,2,2.72,0.839,0.3056,0.2415,0.4525,0.6585,0.1865,0.4933,0.265
3046,549,1,1,1,4,1.6,2023-12-06 18:00:00,45.814443,15.977688,0,3,2,0.367,1,0.434,0,3.18,0.765,0.2666,0.3027,0.4359,0.5824,0.1989,0.4465,0.2348
3047,2649,6,2,1,3,1.3,2024-05-16 10:00:00,45.751384,15.972891,3,4,0,0.635,2,0.762,0,2.27,0.4102,0.8538,0.1863,0.7429,0.2988,0.26,0.2607,0.5645
3048,7248,4,6,0,6,1.2,2024-09-13 18:00:00,45.77812,16.043768,2,5,2,0.625,4,1.286,1,2.4,0.6953,0.3106,0.406,0.6236,0.3069,0.1531,0.8796,0.53
3049,1105,25,3,2,13,1.6,2023-10-21 19:00:00,45.818842,15.984015,0,6,2,0.115,1,0.202,0,0.59,0.4056,0.4132,0.9438,0.5717,0.869,0.2189,0.449,0.7962
3050,6636,16,2,0,4,1.7,2023-06-05 18:00:00,45.816393,15.979917,0,1,2,0.112,0,0.484,0,2.77,0.3669,0.8742,0.2596,0.7303,0.2522,0.1536,0.2942,0.5321
3051,8175,19,4,1,42,1.6,2024-02-20 10:00:00,45.800095,16.036966,2,2,0,0.119,5,0.704,1,2.44,0.7583,0.5353,0.7558,0.9205,0.1482,0.3428,0.8573,0.3884
3052,904,27,7,0,19,2.7,2024-07-27 20:00:00,45.755144,15.974291,3,6,2,0.544,10,1.382,2,3.53,0.5021,0.3742,0.598,0.5127,0.878,0.3013,0.4141,0.6725
3053,4979,17,0,1,10,1.6,2024-01-16 20:00:00,45.82785,15.878321,4,2,2,0.331,3,1.117,1,1.62,0.939,0.292,0.5082,0.5683,0.2147,0.9756,0.4547,0.2739
3054,3679,8,0,0,6,0.7,2024-03-11 11:00:00,45.811002,15.881592,4,1,0,0.45,3,0.43,1,2.53,0.9081,0.3007,0.5889,0.4956,0.1189,0.9111,0.4871,0.3605
3055,7501,1,1,2,7,1.8,2023-03-24 20:00:00,45.748032,15.979276,3,5,2,0.397,3,0.128,1,2.6,0.8034,0.2767,0.3748,0.389,0.6497,0.1613,0.4792,0.364
3056,3850,4,6,0,5,1.7,2024-07-26 11:00:00,45.815365,15.974231,0,5,0,0.791,4,1.117,1,3.03,0.6571,0.3077,0.2951,0.6932,0.2295,0.1732,0.9238,0.5046
3057,7431,19,4,0,8,1.2,2024-03-08 09:00:00,45.845215,15.943436,1,5,0,0.57,5,0.906,1,3.19,0.8353,0.6186,0.706,0.8571,0.167,0.4199,0.7766,0.451
3058,6402,1,1,1,12,2.2,2023-07-17 18:00:00,45.813696,15.974405,0,1,2,0.351,4,0.393,1,2.38,0.7558,0.3147,0.3323,0.3604,0.5438,0.2087,0.573,0.2982
3059,7529,14,5,1,6,0.9,2024-09-03 09:00:00,45.74978,15.969575,3,2,0,0.372,2,1.2,0,0.9,0.3431,0.4969,0.0938,0.5877,0.2668,0.584,0.436,0.3106
3060,8597,28,0,1,20,1.9,2024-03-06 20:00:00,45.817438,15.961461,0,3,2,0.42,8,1.078,1,2.22,0.9183,0.388,0.4876,0.4798,0.2801,0.9344,0.3808,0.3173
3061,458,25,3,1,6,1.6,2023-06-26 18:00:00,45.810827,15.990743,0,1,2,0.257,2,0.812,0,3.23,0.5109,0.4959,0.8935,0.627,0.7818,0.2061,0.538,0.8971
3062,3691,1,1,0,9,1.3,2023-09-09 18:00:00,45.79245,15.987621,0,6,2,0.062,1,1.096,0,2.32,0.8307,0.2275,0.3631,0.4193,0.6743,0.2443,0.4839,0.2602
3063,8496,9,1,1,16,2.6,2023-03-06 18:00:00,45.856244,15.954488,1,1,2,0.328,5,0.041,1,2.67,0.7725,0.348,0.3751,0.3743,0.582,0.1756,0.4295,0.286
3064,1362,1,1,0,4,1.0,2023-09-10 09:00:00,45.808431,15.968108,0,0,0,0.589,2,0.712,0,2.77,0.7657,0.3657,0.2331,0.4074,0.5978,0.2144,0.4448,0.259
3065,687,2,0,1,15,1.8,2024-05-26 20:00:00,45.821664,15.882584,4,0,2,0.487,7,0.782,1,2.42,0.8493,0.2932,0.5168,0.4282,0.1785,0.904,0.4289,0.2812
3066,5448,4,6,1,30,2.1,2024-05-14 18:00:00,45.813035,15.89875,4,2,2,0.092,3,0.422,1,2.54,0.7512,0.2708,0.3896,0.6884,0.2183,0.1647,0.8931,0.4771
3067,2892,23,3,1,7,0.7,2024-03-20 20:00:00,45.846441,15.958351,1,3,2,0.193,1,0.359,0,1.13,0.4914,0.4618,0.9032,0.6008,0.8255,0.3168,0.572,0.8089
3068,8536,29,1,0,8,1.5,2024-09-09 19:00:00,45.752519,15.97827,3,1,2,0.168,1,1.054,0,3.03,0.7869,0.4071,0.2337,0.4373,0.5065,0.2657,0.5495,0.2997
3069,4975,12,0,2,3,1.4,2024-09-16 09:00:00,45.752353,15.974076,3,1,0,0.385,1,1.28,0,3.73,0.9098,0.3443,0.5111,0.5454,0.2407,0.8908,0.4164,0.3013
3070,2004,1,1,1,10,1.0,2024-01-30 20:00:00,45.804223,15.984613,0,2,2,0.556,6,0.758,1,3.35,0.7862,0.2906,0.3543,0.3754,0.5165,0.1778,0.4782,0.3389
3071,4608,14,5,1,5,0.7,2024-09-05 20:00:00,45.744848,15.969628,3,4,2,0.792,4,0.962,1,3.37,0.2447,0.4903,0.1383,0.5999,0.274,0.5362,0.3747,0.3519
3072,275,23,3,1,5,1.9,2023-03-30 10:00:00,45.805778,15.986,0,4,0,0.098,0,0.726,0,2.78,0.5459,0.541,0.8876,0.596,0.7081,0.1825,0.4698,0.7092
3073,1490,13,6,3,5,2.3,2023-06-24 10:00:00,45.788251,16.032177,2,6,0,0.24,1,0.844,0,2.62,0.7437,0.1692,0.3309,0.7234,0.1616,0.1491,0.7482,0.5688
3074,4901,3,2,1,6,1.3,2023-09-14 11:00:00,45.813777,15.965954,0,4,0,0.402,2,0.404,0,3.69,0.3978,0.9491,0.3142,0.6786,0.3374,0.2749,0.3615,0.4655
3075,6143,1,1,0,6,1.0,2024-07-28 20:00:00,45.742501,15.980852,3,0,2,0.393,2,1.218,0,3.33,0.9343,0.2521,0.3196,0.4086,0.5762,0.2056,0.509,0.2989
3076,3161,30,5,0,8,0.9,2024-10-27 20:00:00,45.737946,15.975049,3,0,2,0.465,4,1.268,1,3.25,0.321,0.4804,0.0033,0.5625,0.2533,0.5878,0.3992,0.2968
3077,2535,3,2,1,12,1.5,2024-11-27 11:00:00,45.798518,15.874391,4,3,0,0.133,2,0.953,0,3.17,0.4076,0.91,0.151,0.6369,0.1907,0.2675,0.1621,0.51
3078,3157,29,1,2,23,1.6,2024-04-20 19:00:00,45.810976,15.885137,4,6,2,0.512,12,1.02,2,3.63,0.7717,0.3173,0.348,0.3899,0.6462,0.1618,0.4637,0.2392
3079,3076,0,1,1,21,1.6,2023-01-12 20:00:00,45.780711,16.050227,2,4,2,0.19,4,0.889,1,1.25,0.7723,0.333,0.3033,0.3398,0.5946,0.2059,0.5454,0.2159
3080,7961,3,2,0,4,1.7,2024-05-05 20:00:00,45.789301,16.035294,2,0,2,0.205,1,0.424,0,2.65,0.375,0.8842,0.2549,0.6608,0.3131,0.2572,0.3351,0.434
3081,3127,29,1,1,5,1.2,2024-08-16 19:00:00,45.735536,15.974382,3,5,2,0.733,4,0.54,1,3.09,0.8336,0.1934,0.2645,0.4309,0.6137,0.2987,0.5735,0.3243
3082,5272,4,6,2,6,0.8,2023-10-05 19:00:00,45.789955,15.993203,0,4,2,0.753,5,0.722,1,3.33,0.7381,0.2484,0.2805,0.6729,0.1249,0.0831,0.8873,0.5293
3083,5328,4,6,1,5,2.2,2024-02-11 19:00:00,45.740015,15.970357,3,0,2,0.263,1,0.438,0,3.08,0.7221,0.3158,0.181,0.7841,0.1498,0.1801,0.9414,0.5308
3084,3666,3,2,0,6,1.8,2024-05-20 20:00:00,45.756037,15.968487,3,1,2,0.181,1,0.934,0,3.44,0.3502,0.9346,0.223,0.6663,0.2156,0.3097,0.33,0.5228
3085,2118,27,7,1,5,1.1,2023-02-07 11:00:00,45.808334,16.04515,2,2,0,0.187,1,0.598,0,2.62,0.4447,0.4542,0.5454,0.5212,0.8792,0.3409,0.448,0.7234
3086,5847,10,4,0,10,1.7,2023-11-28 20:00:00,45.847429,15.942824,1,2,2,0.49,5,0.431,1,2.51,0.7715,0.5505,0.7726,0.9177,0.2297,0.3811,0.7921,0.4289
3087,8769,15,0,1,2,2.0,2024-05-09 20:00:00,45.801266,15.982521,0,4,2,0.322,1,0.104,0,1.55,0.8435,0.3085,0.4287,0.4791,0.2208,1.0,0.2958,0.4039
3088,5959,29,1,1,7,1.4,2024-10-07 19:00:00,45.841305,15.949434,1,1,2,0.371,3,0.424,1,2.65,0.8507,0.3019,0.2867,0.3665,0.5706,0.3067,0.5068,0.2707
3089,5757,26,7,2,5,0.8,2023-05-09 19:00:00,45.817068,15.889294,4,2,2,0.267,1,1.046,0,2.47,0.5367,0.4493,0.6058,0.4796,0.8764,0.2883,0.3916,0.6455
3090,5993,7,0,0,8,0.9,2023-05-23 09:00:00,45.842618,15.969965,1,2,0,0.206,2,0.569,0,3.18,0.8719,0.3322,0.5663,0.5134,0.198,0.8915,0.4016,0.2334
3091,3762,29,1,1,12,0.9,2023-04-07 20:00:00,45.816604,15.974642,0,5,2,0.151,2,1.089,0,3.42,0.8693,0.362,0.2694,0.3438,0.6017,0.1768,0.4715,0.3386
3092,8643,19,4,0,3,0.5,2024-01-12 20:00:00,45.798948,15.883667,4,5,2,0.464,1,1.339,0,1.19,0.7549,0.5998,0.6567,0.8854,0.3102,0.4921,0.885,0.4965
3093,739,17,0,0,5,2.2,2024-11-29 19:00:00,45.78748,16.043136,2,5,2,0.712,4,0.167,1,3.34,0.9081,0.1928,0.4135,0.6061,0.2494,0.7267,0.3675,0.2439
3094,5394,2,0,0,6,1.2,2024-11-23 10:00:00,45.806898,15.986708,0,6,0,0.245,1,0.207,0,2.7,0.9029,0.2598,0.5129,0.5533,0.2784,0.8374,0.376,0.2824
3095,8292,25,3,1,17,1.7,2023-09-15 11:00:00,45.806711,15.866299,4,5,0,0.676,11,0.841,2,3.38,0.3772,0.4752,0.9358,0.727,0.7983,0.2731,0.4855,0.8364
3096,2597,2,0,0,16,1.5,2024-07-05 20:00:00,45.809218,15.888977,4,5,2,0.886,14,1.143,2,3.62,0.8732,0.287,0.5232,0.4886,0.1402,0.8762,0.4623,0.2638
3097,216,19,4,0,6,1.4,2024-04-15 20:00:00,45.813482,15.958156,0,1,2,0.494,3,1.153,1,3.3,0.822,0.6046,0.75,0.8866,0.1672,0.3735,0.8026,0.4369
3098,8645,17,0,2,8,1.5,2023-12-24 19:00:00,45.763676,15.977778,3,0,2,0.129,1,0.249,0,2.07,0.9163,0.2324,0.5164,0.4543,0.1532,0.9414,0.3293,0.199
3099,2132,25,3,2,10,1.7,2023-01-30 10:00:00,45.764691,15.967666,3,1,0,0.18,2,0.659,0,1.05,0.5433,0.5246,0.8575,0.6347,0.735,0.1655,0.5672,0.8439
3100,6985,19,4,0,10,1.2,2024-06-03 20:00:00,45.804347,15.979629,0,1,2,0.19,2,0.277,0,3.46,0.7703,0.5833,0.6258,0.8754,0.17,0.4034,0.8215,0.2826
3101,2266,4,6,2,9,1.5,2024-10-17 18:00:00,45.811079,15.881291,4,4,2,0.322,3,1.446,1,0.91,0.635,0.3024,0.3093,0.7067,0.1818,0.1242,0.9336,0.4831
3102,8702,5,5,0,5,1.2,2024-04-03 18:00:00,45.774974,16.051018,2,3,2,0.104,1,0.731,0,2.53,0.3293,0.4341,0.0,0.55,0.226,0.6409,0.4546,0.251
3103,7319,30,5,2,50,1.1,2023-06-29 09:00:00,45.807729,16.035143,2,4,0,0.474,24,1.096,2,3.63,0.3162,0.4496,0.0828,0.5013,0.2663,0.5217,0.4167,0.3103
3104,6221,1,1,1,2,1.8,2023-05-28 19:00:00,45.85577,15.943193,1,0,2,0.612,1,1.274,0,2.59,0.7761,0.3124,0.2965,0.3706,0.5514,0.144,0.4884,0.3213
3105,1168,24,3,2,12,1.9,2024-12-22 19:00:00,45.858045,15.943025,1,0,2,0.726,9,1.261,2,3.51,0.5573,0.4674,0.9176,0.6618,0.8073,0.2035,0.4636,0.7544
3106,2367,1,1,2,5,1.0,2024-10-20 09:00:00,45.818175,15.892687,4,0,0,0.392,2,0.374,0,2.88,0.8322,0.2782,0.2823,0.3819,0.6074,0.1765,0.4715,0.3124
3107,7065,1,1,0,4,1.0,2024-12-25 19:00:00,45.748577,15.978134,3,3,2,0.532,2,0.211,0,2.77,0.8289,0.3012,0.2372,0.5218,0.6074,0.2126,0.5851,0.3111
3108,1017,17,0,0,6,1.6,2024-08-27 09:00:00,45.741622,15.975878,3,2,0,0.639,4,0.564,1,3.25,0.9014,0.2512,0.468,0.5008,0.2813,0.897,0.379,0.3348
3109,979,4,6,2,3,1.9,2023-07-14 19:00:00,45.799424,15.997885,0,5,2,0.51,2,0.253,0,1.3,0.726,0.36,0.2709,0.7463,0.1625,0.1718,0.8989,0.5379
3110,8262,29,1,0,9,1.8,2024-04-04 19:00:00,45.858086,15.956348,1,4,2,0.397,4,0.555,1,3.12,0.7076,0.2544,0.2584,0.4538,0.6143,0.2186,0.4708,0.2765
3111,3617,9,1,0,4,1.1,2024-02-21 11:00:00,45.861903,15.956824,1,3,0,0.52,2,1.214,0,2.02,0.692,0.3587,0.2938,0.4323,0.6443,0.211,0.4882,0.3341
3112,1143,8,0,1,13,1.0,2024-06-07 19:00:00,45.810651,15.975229,0,5,2,0.418,5,1.066,1,2.35,0.8823,0.2641,0.602,0.4584,0.2302,0.8707,0.4927,0.2632
3113,7433,3,2,0,7,1.3,2024-06-30 11:00:00,45.754917,15.976783,3,0,0,0.403,3,0.219,1,3.19,0.4109,0.9641,0.0832,0.6511,0.3089,0.2778,0.2999,0.4758
3114,6009,11,3,0,16,2.3,2024-01-30 18:00:00,45.747866,15.98261,3,2,2,0.179,3,1.201,1,1.28,0.4365,0.4569,0.8395,0.6,0.7326,0.2145,0.635,0.8428
3115,3461,6,2,2,4,1.9,2023-09-27 09:00:00,45.826344,15.964937,0,3,0,0.297,1,1.428,0,3.11,0.3598,0.8983,0.2041,0.7666,0.2864,0.2695,0.338,0.4487
3116,1774,5,5,1,11,1.5,2023-12-23 10:00:00,45.804258,15.978202,0,6,0,0.629,7,0.352,1,1.97,0.2434,0.5233,0.1501,0.739,0.3446,0.5685,0.4284,0.2751
3117,3850,3,2,1,11,2.2,2024-01-12 20:00:00,45.800596,15.880521,4,5,2,0.056,1,0.597,0,3.78,0.4182,0.8103,0.1757,0.6322,0.3079,0.378,0.2699,0.463
3118,8430,27,7,0,8,2.0,2024-04-12 20:00:00,45.806344,15.973497,0,5,2,0.499,4,1.069,1,1.65,0.538,0.3856,0.519,0.4522,0.9306,0.2545,0.4004,0.7382
3119,8142,30,5,0,9,1.8,2023-08-07 18:00:00,45.811593,15.891912,4,1,2,0.597,5,0.25,1,2.47,0.3124,0.4564,0.0666,0.6064,0.344,0.5607,0.4003,0.3168
3120,562,15,0,1,6,1.3,2023-08-11 19:00:00,45.85424,15.952238,1,5,2,0.394,2,0.526,0,2.66,0.8846,0.2926,0.5281,0.4544,0.2129,0.9103,0.388,0.2082
3121,2722,1,1,0,20,1.8,2024-06-25 18:00:00,45.816398,15.891559,4,2,2,0.519,10,0.811,2,3.54,0.7892,0.3602,0.2948,0.367,0.6729,0.1962,0.5195,0.3065
3122,2016,30,5,0,19,1.4,2024-09-18 18:00:00,45.787624,16.051149,2,3,2,0.212,4,0.795,1,3.14,0.229,0.5255,0.1341,0.6257,0.2675,0.6736,0.4026,0.3682
3123,7206,4,6,0,13,1.9,2024-04-10 18:00:00,45.798068,15.888742,4,3,2,0.024,0,1.319,0,3.34,0.7911,0.229,0.3414,0.7572,0.1773,0.1192,0.9341,0.4444
3124,1008,2,0,0,15,1.2,2024-05-30 11:00:00,45.845825,15.954052,1,4,0,0.09,1,1.162,0,2.4,0.8697,0.2957,0.4974,0.5569,0.2443,0.9107,0.4918,0.2612
3125,4773,22,7,2,2,1.1,2023-10-29 11:00:00,45.850681,15.957311,1,0,0,0.494,1,1.142,0,3.53,0.4909,0.4922,0.6031,0.5513,0.9644,0.2611,0.4412,0.6818
3126,7142,1,1,2,10,1.2,2023-05-04 10:00:00,45.816899,15.88897,4,4,0,0.697,7,0.017,1,3.06,0.8217,0.2887,0.2358,0.4382,0.5609,0.2264,0.5368,0.3657
3127,3853,1,1,1,7,2.2,2024-02-10 20:00:00,45.84871,15.956152,1,6,2,0.353,2,1.273,0,2.36,0.7711,0.29,0.2689,0.4712,0.6079,0.224,0.5252,0.2494
3128,3164,5,5,1,6,1.0,2024-11-12 10:00:00,45.855979,15.953749,1,2,0,0.246,1,0.827,0,1.65,0.1915,0.5184,0.1186,0.6488,0.1587,0.5725,0.4245,0.3198
3129,7390,2,0,0,5,1.9,2023-10-06 11:00:00,45.847656,15.94812,1,5,0,0.779,4,1.092,1,2.78,0.9109,0.2944,0.504,0.5392,0.1249,0.9045,0.3383,0.2496
3130,5082,4,6,0,4,0.6,2024-01-22 20:00:00,45.823347,15.986224,0,1,2,0.383,2,0.659,0,1.29,0.6828,0.3067,0.3787,0.6865,0.0968,0.1966,0.9162,0.5641
3131,1571,8,0,2,6,1.8,2024-06-08 11:00:00,45.846169,15.942024,1,6,0,0.578,3,0.754,1,2.92,0.7715,0.2949,0.4558,0.4749,0.0905,0.8969,0.3533,0.309
3132,2361,21,0,2,2,1.6,2023-07-09 18:00:00,45.749399,15.964627,3,0,2,0.362,1,1.244,0,2.85,0.8698,0.2845,0.5537,0.361,0.2128,0.9551,0.4072,0.3688
3133,830,6,2,2,7,1.9,2024-10-21 18:00:00,45.810521,15.988926,0,1,2,0.867,6,0.642,1,3.21,0.3026,0.9489,0.2743,0.776,0.3735,0.3148,0.3316,0.4718
3134,8783,9,1,2,28,2.0,2023-08-19 18:00:00,45.793145,16.051614,2,6,2,0.506,14,0.124,2,3.82,0.7791,0.317,0.3419,0.3149,0.5765,0.2395,0.5509,0.2785
3135,3517,8,0,1,26,1.6,2023-10-21 20:00:00,45.750931,15.982893,3,6,2,0.745,19,0.95,2,2.48,0.8689,0.298,0.4634,0.4831,0.2935,0.9609,0.3598,0.2816
3136,6997,26,7,2,5,2.4,2024-01-17 18:00:00,45.856545,15.963841,1,3,2,0.834,4,0.105,1,3.05,0.5823,0.3543,0.5992,0.4916,1.0,0.285,0.4552,0.6263
3137,1839,1,1,0,14,2.2,2023-03-25 19:00:00,45.811574,16.025611,2,6,2,0.115,2,0.854,0,3.69,0.7124,0.3037,0.3206,0.3948,0.7019,0.0818,0.531,0.3615
3138,3255,2,0,0,22,1.8,2024-11-24 20:00:00,45.798387,16.047813,2,0,2,0.534,12,0.219,2,2.68,0.8886,0.2954,0.5192,0.4318,0.1191,1.0,0.4061,0.3327
3139,2430,30,5,0,9,1.2,2024-12-08 09:00:00,45.813544,15.971383,0,0,0,0.621,6,0.162,1,1.06,0.1988,0.5227,0.0737,0.702,0.2352,0.5449,0.4175,0.2659
3140,7468,2,0,0,3,1.3,2024-05-30 10:00:00,45.756094,15.971836,3,4,0,0.587,2,0.579,0,3.34,0.9147,0.2781,0.5096,0.5065,0.1886,0.8865,0.422,0.2825
3141,5182,4,6,0,7,1.4,2023-05-21 20:00:00,45.854434,15.946491,1,0,2,0.595,4,0.851,1,2.66,0.7178,0.3223,0.2535,0.6539,0.1961,0.1911,0.8238,0.4915
3142,1138,27,7,2,12,1.3,2024-05-26 10:00:00,45.8079,15.961736,0,0,0,0.382,5,1.295,1,2.69,0.4465,0.4132,0.6779,0.524,0.9124,0.2928,0.4528,0.6734
3143,3464,29,1,1,9,2.0,2023-03-08 10:00:00,45.846455,15.944781,1,3,0,0.521,5,0.481,1,3.54,0.7157,0.227,0.2384,0.3918,0.7021,0.1719,0.5512,0.2943
3144,6981,19,4,0,5,1.3,2023-05-15 19:00:00,45.80008,16.026298,2,1,2,0.33,2,0.354,0,2.65,0.7493,0.5723,0.6825,0.8072,0.2195,0.4536,0.795,0.4729
3145,7685,6,2,1,15,1.3,2023-06-22 20:00:00,45.858219,15.947882,1,4,2,0.307,5,0.156,1,1.29,0.3738,0.8731,0.1762,0.6714,0.3252,0.2411,0.3369,0.4529
3146,2850,2,0,0,8,2.8,2023-08-16 19:00:00,45.865884,15.967313,1,3,2,0.216,2,0.301,0,1.86,0.9026,0.2852,0.4914,0.4921,0.2713,0.8844,0.4345,0.2858
3147,3224,29,1,0,12,1.2,2024-08-29 18:00:00,45.810859,16.005134,0,4,2,0.207,2,0.198,0,3.86,0.7718,0.2573,0.357,0.3938,0.5387,0.1894,0.4098,0.3259
3148,6674,29,1,1,6,1.3,2024-10-15 19:00:00,45.862679,15.956129,1,2,2,0.251,2,0.485,0,2.78,0.7386,0.2803,0.2836,0.3804,0.621,0.2167,0.3448,0.3701
3149,7618,5,5,1,4,1.4,2024-10-26 19:00:00,45.744342,15.975067,3,6,2,0.273,1,1.166,0,3.44,0.2406,0.5184,0.0872,0.555,0.24,0.5919,0.3049,0.2816
3150,1383,16,2,1,4,1.4,2024-01-12 11:00:00,45.841715,15.949104,1,5,0,0.404,2,0.906,0,1.67,0.3567,0.9049,0.2313,0.7405,0.2813,0.283,0.2712,0.5611
3151,28,3,2,0,3,1.9,2023-05-16 11:00:00,45.828529,15.900638,4,2,0,0.605,2,0.706,0,3.35,0.4616,0.8873,0.2211,0.7009,0.3324,0.2286,0.2922,0.4889
3152,1232,10,4,1,49,0.6,2024-01-13 10:00:00,45.782718,16.03153,2,6,0,0.122,6,1.02,1,1.29,0.8286,0.5924,0.8327,1.0,0.1655,0.4305,0.8112,0.4424
3153,488,29,1,1,12,1.3,2023-08-23 20:00:00,45.806851,15.885374,4,3,2,0.327,4,1.017,1,3.61,0.791,0.3155,0.2799,0.4273,0.6166,0.3121,0.4288,0.3591
3154,5423,1,1,2,9,1.1,2024-01-19 09:00:00,45.813629,15.878126,4,5,0,0.156,1,1.16,0,2.18,0.9179,0.3566,0.3045,0.4323,0.5321,0.1688,0.5313,0.2509
3155,5793,18,7,1,14,1.4,2023-09-12 10:00:00,45.800193,15.884318,4,2,0,0.415,6,0.848,1,2.18,0.4836,0.4316,0.581,0.5307,0.9771,0.2939,0.4127,0.6527
3156,6249,29,1,2,14,0.6,2024-12-02 20:00:00,45.786117,16.040498,2,1,2,0.223,3,1.1,1,2.0,0.6883,0.4334,0.318,0.3739,0.6588,0.2047,0.5194,0.2678
3157,2295,1,1,1,11,1.2,2024-01-21 18:00:00,45.819878,15.984369,0,0,2,0.545,6,1.038,1,2.0,0.7962,0.303,0.2043,0.3785,0.5823,0.1219,0.4086,0.426
3158,2575,7,0,1,35,1.6,2024-06-15 18:00:00,45.743283,15.973352,3,6,2,0.536,19,0.833,2,3.64,0.9061,0.2783,0.386,0.449,0.1722,0.8388,0.4005,0.2347
3159,2578,2,0,0,2,1.9,2024-02-10 19:00:00,45.791472,16.042755,2,6,2,0.183,0,1.08,0,3.02,0.9005,0.2814,0.4684,0.4407,0.2917,0.8708,0.3848,0.2827
3160,2839,30,5,1,4,1.6,2023-01-12 19:00:00,45.807856,15.883088,4,4,2,0.624,2,0.889,0,3.31,0.2924,0.5479,0.1195,0.4994,0.274,0.5658,0.3593,0.2949
3161,7465,20,5,1,5,1.5,2023-12-12 18:00:00,45.756751,15.960817,3,2,2,0.135,1,1.027,0,3.66,0.3513,0.5191,0.1268,0.6456,0.2962,0.6459,0.4172,0.2869
3162,1993,27,7,0,19,2.2,2023-05-23 10:00:00,45.740026,15.966592,3,2,0,0.247,5,0.708,1,1.01,0.4106,0.4047,0.5495,0.4942,0.9085,0.2465,0.3533,0.7449
3163,8795,8,0,0,3,0.9,2023-06-11 09:00:00,45.814563,15.955627,0,0,0,0.798,2,0.527,0,2.88,0.9329,0.3532,0.5412,0.5537,0.2298,0.9151,0.3705,0.1554
3164,5548,17,0,0,11,2.2,2023-01-14 18:00:00,45.822559,15.894385,4,6,2,0.231,3,0.46,1,0.6,0.8593,0.3335,0.5513,0.5285,0.2406,0.8609,0.3077,0.4115
3165,6784,19,4,0,13,1.4,2023-01-01 18:00:00,45.817329,15.985792,0,0,2,0.275,4,0.513,1,3.57,0.8113,0.68,0.6443,0.8677,0.2735,0.2824,0.8518,0.4247
3166,7467,12,0,1,3,2.5,2024-02-24 09:00:00,45.812941,15.97091,0,6,0,0.317,1,0.779,0,2.96,0.968,0.3407,0.5039,0.554,0.2489,0.9101,0.2688,0.3192
3167,7120,2,0,2,3,2.1,2023-09-06 19:00:00,45.788159,16.03122,2,3,2,0.23,1,1.109,0,1.51,0.8411,0.3146,0.6272,0.4588,0.1578,0.9585,0.3655,0.2381
3168,6060,20,5,0,8,1.9,2023-06-18 19:00:00,45.81089,16.04596,2,0,2,0.27,2,0.625,0,2.92,0.2609,0.4455,0.0395,0.6137,0.314,0.6687,0.315,0.2656
3169,1224,8,0,1,7,1.5,2023-12-31 09:00:00,45.817403,15.874245,4,0,0,0.286,2,0.436,0,3.51,0.942,0.2307,0.5878,0.5505,0.2346,0.9631,0.4469,0.3516
3170,8218,14,5,1,13,1.7,2023-09-30 10:00:00,45.846804,15.942918,1,6,0,0.488,6,0.432,1,1.83,0.3655,0.5786,0.13,0.5562,0.2757,0.5471,0.3665,0.2413
3171,4199,6,2,0,13,0.5,2024-07-14 20:00:00,45.805504,15.890151,4,0,2,0.12,2,0.601,0,1.12,0.3475,0.9537,0.2077,0.6011,0.3055,0.2231,0.2956,0.4533
3172,1683,3,2,1,4,1.3,2023-05-27 09:00:00,45.783663,16.027758,2,6,0,0.473,2,0.524,0,3.06,0.4407,0.8696,0.1877,0.6743,0.316,0.2396,0.2763,0.5474
3173,7921,1,1,1,6,1.4,2023-03-09 11:00:00,45.798099,15.952405,0,4,0,0.269,2,0.759,0,2.59,0.9037,0.3315,0.3175,0.3598,0.7156,0.1406,0.4866,0.2692
3174,3156,10,4,0,4,1.8,2023-09-02 20:00:00,45.8206,15.976767,0,6,2,0.514,2,0.407,0,3.76,0.8171,0.5951,0.7766,0.9941,0.2366,0.2467,0.7739,0.3598
3175,1897,29,1,0,9,1.3,2023-04-25 18:00:00,45.802098,15.983457,0,2,2,0.547,5,0.274,1,2.14,0.7969,0.3146,0.3627,0.4642,0.5452,0.1527,0.4287,0.2684
3176,6358,5,5,1,22,1.8,2023-08-28 19:00:00,45.790729,16.049199,2,1,2,0.337,7,0.224,1,1.12,0.3617,0.5358,0.1187,0.4979,0.326,0.577,0.3358,0.2972
3177,4784,9,1,0,10,1.0,2024-10-26 20:00:00,45.801885,16.003691,0,6,2,0.361,4,0.829,1,3.68,0.8876,0.3107,0.2866,0.3501,0.5928,0.1881,0.5431,0.3051
3178,4151,27,7,0,8,1.2,2024-02-18 19:00:00,45.861524,15.963559,1,0,2,0.32,3,0.83,1,3.12,0.4918,0.3581,0.643,0.5007,0.8581,0.2534,0.4298,0.6195
3179,3562,1,1,1,5,1.4,2024-01-21 18:00:00,45.850405,15.951592,1,0,2,0.64,3,0.107,1,1.27,0.782,0.2593,0.3043,0.3892,0.5697,0.1859,0.4952,0.2325
3180,6219,28,0,1,5,1.9,2024-04-06 19:00:00,45.813393,15.884098,4,6,2,0.638,3,1.062,1,2.68,0.8782,0.2438,0.4945,0.4748,0.2287,0.8836,0.4191,0.3459
3181,8128,15,0,0,3,1.0,2023-01-07 19:00:00,45.827087,15.995077,0,6,2,0.4,1,1.053,0,3.03,0.8348,0.3788,0.527,0.4908,0.2213,0.9063,0.3889,0.2283
3182,1322,8,0,1,17,1.1,2023-11-25 11:00:00,45.79088,15.983322,0,6,0,0.044,1,0.338,0,2.43,0.873,0.4072,0.5721,0.4579,0.1135,0.9104,0.3983,0.2841
3183,4839,1,1,0,12,1.5,2024-12-14 18:00:00,45.811307,15.972568,0,6,2,0.473,6,1.241,1,2.24,0.7834,0.3582,0.2865,0.4284,0.6041,0.1679,0.4443,0.3605
3184,2558,1,1,0,5,2.1,2023-06-16 09:00:00,45.823634,15.977203,0,5,0,0.515,3,1.227,1,2.53,0.7977,0.2317,0.288,0.312,0.6393,0.2355,0.525,0.2974
3185,8725,15,0,0,19,1.2,2023-04-13 20:00:00,45.809504,15.966058,0,4,2,0.261,5,0.368,1,1.94,0.8487,0.2889,0.4701,0.4254,0.1849,0.9277,0.4032,0.3874
3186,3543,5,5,3,13,1.5,2023-02-07 18:00:00,45.738159,15.981182,3,2,2,0.677,9,0.713,2,3.26,0.242,0.5896,0.0927,0.6471,0.3024,0.552,0.3754,0.3357
3187,947,27,7,0,6,1.2,2024-07-07 19:00:00,45.851616,15.952322,1,0,2,0.492,3,0.664,1,1.81,0.4454,0.4207,0.5474,0.5285,0.9319,0.3358,0.457,0.6878
3188,5043,15,0,0,9,1.7,2024-01-01 19:00:00,45.839715,15.961274,1,1,2,0.574,5,1.03,1,3.62,0.9347,0.3836,0.4864,0.5318,0.2555,0.8529,0.4571,0.3182
3189,2610,16,2,2,5,1.9,2023-11-04 18:00:00,45.849261,15.954536,1,6,2,0.289,1,1.143,0,2.64,0.3753,0.9252,0.1801,0.6577,0.3404,0.3354,0.2525,0.5124
3190,5893,10,4,1,6,2.7,2023-11-25 20:00:00,45.795046,16.046298,2,6,2,0.709,4,0.743,1,3.18,0.7935,0.6175,0.8184,0.9944,0.1612,0.4227,0.7738,0.3741
3191,6776,1,1,2,14,0.7,2023-12-09 19:00:00,45.804366,16.040632,2,6,2,0.368,5,0.15,1,2.34,0.8291,0.3054,0.2616,0.339,0.6275,0.1471,0.5499,0.3241
3192,7351,7,0,1,2,2.0,2024-12-11 09:00:00,45.821272,15.880932,4,3,0,0.289,1,0.4,0,3.8,1.0,0.27,0.4935,0.552,0.1852,0.8289,0.4234,0.2895
3193,6806,27,7,1,12,1.6,2024-09-24 09:00:00,45.853254,15.957157,1,2,0,0.638,8,0.786,1,3.52,0.5411,0.3922,0.6704,0.5709,0.8749,0.2459,0.355,0.7449
3194,2008,28,0,0,5,2.0,2023-04-19 09:00:00,45.819496,15.895392,4,3,0,0.222,1,1.271,0,3.29,0.9076,0.2703,0.5065,0.5223,0.1749,0.9041,0.3928,0.2545
3195,4004,20,5,1,8,1.4,2024-12-02 20:00:00,45.753974,15.985083,3,1,2,0.295,2,0.693,0,3.7,0.262,0.5481,0.0601,0.578,0.2193,0.6447,0.5054,0.2715
3196,7471,28,0,0,10,1.9,2024-03-22 10:00:00,45.846433,15.938479,1,5,0,0.524,5,0.082,1,3.43,0.9218,0.2602,0.5035,0.4725,0.141,0.845,0.3619,0.2675
3197,2131,1,1,1,6,1.4,2024-03-25 09:00:00,45.797198,16.049881,2,1,0,0.419,3,0.823,1,2.38,0.7615,0.3401,0.4318,0.4656,0.5454,0.3125,0.5051,0.3385
3198,6315,3,2,0,6,1.4,2024-05-09 19:00:00,45.794714,16.027556,2,4,2,0.199,1,0.859,0,2.14,0.44,1.0,0.1786,0.685,0.2652,0.3573,0.3768,0.4606
3199,1116,2,0,1,12,1.5,2023-12-16 11:00:00,45.79157,16.046428,2,6,0,0.454,5,0.183,1,2.91,0.9653,0.223,0.5451,0.4583,0.2081,0.8378,0.5092,0.3071
3200,119,2,0,1,12,1.0,2023-12-13 10:00:00,45.753037,15.979015,3,3,0,0.145,2,1.003,0,1.49,0.9933,0.2288,0.5013,0.4829,0.1792,0.9519,0.4821,0.3089
3201,5218,1,1,1,15,1.9,2023-06-01 18:00:00,45.850134,15.94638,1,4,2,0.269,4,0.109,1,3.44,0.7619,0.2681,0.2962,0.4284,0.5641,0.2459,0.6256,0.2503
3202,3692,19,4,0,4,1.6,2023-05-15 18:00:00,45.774272,16.040769,2,1,2,0.385,2,0.123,0,1.94,0.8581,0.6483,0.7003,0.8934,0.2034,0.3507,0.799,0.5134
3203,620,4,6,2,5,2.1,2023-09-27 19:00:00,45.749862,15.973998,3,3,2,0.193,1,0.191,0,3.1,0.6929,0.2982,0.3298,0.6888,0.1457,0.2527,0.9481,0.4817
3204,8537,1,1,0,16,1.8,2023-10-13 11:00:00,45.755416,15.980871,3,5,0,0.253,4,0.325,1,3.57,0.7477,0.2918,0.2739,0.4245,0.6438,0.189,0.5181,0.261
3205,6171,30,5,2,7,1.7,2024-05-12 19:00:00,45.753581,15.972927,3,0,2,0.096,1,1.036,0,2.51,0.2619,0.5525,0.098,0.6176,0.3184,0.6239,0.3952,0.2438
3206,5629,13,6,0,4,1.5,2024-07-23 19:00:00,45.798092,15.891383,4,2,2,0.241,1,0.772,0,2.03,0.6411,0.2175,0.251,0.6956,0.278,0.217,0.9026,0.5834
3207,3462,1,1,0,16,1.9,2024-03-03 19:00:00,45.818319,15.897951,4,0,2,0.239,4,1.156,1,1.6,0.8667,0.3756,0.2458,0.375,0.5282,0.185,0.4439,0.2937
3208,247,2,0,1,28,1.2,2023-10-08 10:00:00,45.809711,15.986587,0,0,0,0.007,0,0.979,0,3.22,0.8318,0.3024,0.5429,0.4737,0.2227,0.8357,0.4171,0.2501
3209,1498,11,3,0,15,0.5,2024-09-23 11:00:00,45.73909,15.965156,3,1,0,0.223,3,1.332,1,2.6,0.5406,0.5337,0.9598,0.7462,0.8359,0.224,0.397,0.7462
3210,2477,1,1,1,4,2.9,2024-03-16 20:00:00,45.798216,15.891496,4,6,2,0.553,2,0.611,0,2.93,0.8174,0.1671,0.2798,0.4894,0.5206,0.1721,0.5166,0.3523
3211,7906,11,3,0,2,1.5,2024-09-20 11:00:00,45.810117,15.882239,4,5,0,0.53,1,0.691,0,2.96,0.413,0.4837,0.891,0.6217,0.8751,0.2381,0.5806,0.8385
3212,594,21,0,0,12,2.1,2023-09-25 20:00:00,45.800533,16.051961,2,1,2,0.335,4,1.365,1,1.28,0.7849,0.3411,0.5854,0.5105,0.3113,0.8753,0.3407,0.2804
3213,3954,0,1,1,14,0.5,2024-08-29 10:00:00,45.854826,15.944228,1,4,0,0.421,6,0.885,1,2.55,0.782,0.2606,0.3629,0.3921,0.6067,0.1896,0.487,0.238
3214,5800,20,5,3,11,1.6,2023-06-11 18:00:00,45.805595,16.069423,2,0,2,0.448,5,0.693,1,1.08,0.3877,0.5233,0.1156,0.5749,0.3494,0.5713,0.3199,0.215
3215,6995,19,4,2,9,1.9,2024-10-10 19:00:00,45.753109,15.968517,3,4,2,0.096,1,0.663,0,2.7,0.8083,0.5906,0.6415,0.9242,0.2179,0.4822,0.789,0.4232
3216,7476,21,0,0,8,1.0,2024-11-25 18:00:00,45.819337,15.883879,4,1,2,0.214,2,0.944,0,1.44,0.9054,0.3943,0.4229,0.5295,0.1412,0.8593,0.3958,0.2817
3217,7038,16,2,2,8,1.0,2023-04-07 10:00:00,45.801972,15.987419,0,5,0,0.11,1,1.386,0,3.07,0.413,0.8511,0.1292,0.6704,0.3164,0.2314,0.2718,0.5162
3218,1811,8,0,1,5,1.4,2023-07-21 10:00:00,45.748472,15.964222,3,5,0,0.345,2,0.439,0,3.17,0.8759,0.2251,0.543,0.4486,0.1449,0.9122,0.3755,0.3036
3219,2187,30,5,0,7,1.6,2023-06-27 09:00:00,45.753476,15.97266,3,2,0,0.329,2,0.198,0,2.64,0.212,0.4409,0.0484,0.7346,0.2326,0.6132,0.3869,0.2584
3220,3663,1,1,0,6,1.3,2023-11-10 10:00:00,45.763347,15.961839,3,5,0,0.254,2,0.793,0,2.33,0.8319,0.238,0.339,0.5451,0.5995,0.1895,0.4429,0.2185
3221,6921,27,7,0,5,1.2,2023-09-15 19:00:00,45.758627,15.983993,3,5,2,0.042,0,0.471,0,3.79,0.5158,0.419,0.6676,0.4496,0.9284,0.2748,0.3564,0.6978
3222,3030,2,0,2,14,0.9,2024-06-05 09:00:00,45.851729,15.963956,1,3,0,0.205,3,0.687,1,3.43,0.9043,0.2947,0.5668,0.5563,0.2641,0.8759,0.4334,0.285
3223,3783,29,1,3,13,0.9,2024-09-20 19:00:00,45.853461,15.963734,1,5,2,0.013,0,0.99,0,2.0,0.7911,0.2491,0.2539,0.3829,0.5333,0.2754,0.4776,0.2346
3224,3640,1,1,2,8,1.7,2023-05-09 19:00:00,45.789091,16.034603,2,2,2,0.265,2,0.234,0,2.47,0.7882,0.2926,0.3349,0.4759,0.5369,0.1527,0.476,0.2824
3225,8144,1,1,1,6,1.7,2023-03-13 11:00:00,45.789472,16.047781,2,1,0,0.193,1,0.865,0,3.83,0.7832,0.2782,0.2667,0.4666,0.5901,0.1383,0.4979,0.2297
3226,823,1,1,0,4,1.6,2023-04-01 09:00:00,45.802279,15.888079,4,6,0,0.09,0,0.719,0,1.65,0.8237,0.3351,0.2798,0.3713,0.5691,0.1886,0.4445,0.2794
3227,2807,28,0,2,10,1.9,2023-02-18 09:00:00,45.803093,16.03094,2,6,0,0.206,2,0.596,0,2.49,0.9577,0.2947,0.5559,0.469,0.2399,0.8883,0.391,0.2885
3228,5508,10,4,1,13,1.1,2023-07-24 09:00:00,45.843681,15.961017,1,1,0,0.208,3,0.632,1,2.92,0.8467,0.6309,0.6963,0.8418,0.203,0.4008,0.8095,0.4413
3229,8042,9,1,0,10,2.1,2023-12-12 11:00:00,45.762367,15.96961,3,2,0,0.735,7,0.78,1,1.95,0.7935,0.3518,0.2884,0.4241,0.6884,0.1183,0.4187,0.339
3230,7500,0,1,1,5,2.5,2024-06-09 19:00:00,45.80268,15.993029,0,0,2,0.81,4,1.052,1,3.73,0.7219,0.3188,0.2349,0.4335,0.6287,0.2108,0.4577,0.3757
3231,6265,19,4,0,6,1.4,2024-09-24 19:00:00,45.857805,15.941446,1,2,2,0.482,3,0.773,1,3.46,0.764,0.5971,0.6515,0.9175,0.1977,0.4582,0.8153,0.3718
3232,99,1,1,1,8,1.8,2023-12-11 20:00:00,45.755083,15.971015,3,1,2,0.655,5,0.503,1,3.15,0.763,0.2751,0.234,0.422,0.6105,0.2202,0.5025,0.2471
3233,7525,18,7,1,25,2.1,2023-06-11 18:00:00,45.864137,15.959035,1,0,2,0.347,9,0.531,2,3.18,0.4958,0.4301,0.6749,0.5005,0.922,0.3066,0.3794,0.6969
3234,6917,19,4,0,11,1.8,2023-05-01 18:00:00,45.820762,15.982599,0,1,2,0.265,3,1.48,1,2.43,0.8529,0.6421,0.7358,0.8519,0.1657,0.2902,0.8196,0.477
3235,1303,19,4,0,8,1.7,2024-08-19 18:00:00,45.839886,15.953809,1,1,2,0.42,3,1.289,1,1.59,0.7455,0.6155,0.7808,0.9182,0.1662,0.42,0.7952,0.3622
3236,3616,14,5,1,8,1.5,2023-06-11 11:00:00,45.763015,15.972419,3,0,0,0.732,6,0.887,1,3.8,0.3102,0.5797,0.0273,0.6183,0.3756,0.599,0.3811,0.2466
3237,8484,27,7,1,4,1.8,2023-02-02 10:00:00,45.808963,15.88555,4,4,0,0.279,1,0.311,0,2.83,0.5137,0.3988,0.6515,0.4273,0.931,0.301,0.3775,0.626
3238,7266,19,4,1,2,1.2,2024-02-28 20:00:00,45.841357,15.951663,1,3,2,0.027,0,0.897,0,2.56,0.7839,0.608,0.7383,0.9401,0.2579,0.396,0.809,0.3232
3239,3042,10,4,0,9,0.9,2024-09-18 10:00:00,45.851345,15.95182,1,3,0,0.323,3,1.482,1,2.48,0.7651,0.6453,0.8055,0.827,0.1879,0.2851,0.8532,0.4413
3240,526,16,2,0,4,1.8,2024-07-23 11:00:00,45.876284,15.951109,1,2,0,0.289,1,0.692,0,1.8,0.3825,0.9185,0.2578,0.6471,0.2178,0.3101,0.3519,0.525
3241,8488,14,5,1,2,1.1,2023-09-13 19:00:00,45.810154,15.881599,4,3,2,0.461,1,0.408,0,1.87,0.3458,0.5826,0.1249,0.5876,0.32,0.6048,0.441,0.3719
3242,7277,1,1,0,6,1.7,2024-11-12 19:00:00,45.754749,15.964105,3,2,2,0.215,1,0.736,0,3.73,0.7193,0.2128,0.2761,0.3834,0.6097,0.1947,0.4355,0.3973
3243,7453,10,4,0,8,1.7,2024-12-29 19:00:00,45.746814,15.965968,3,0,2,0.474,4,1.038,1,2.65,0.6965,0.6565,0.6146,0.9079,0.1703,0.362,0.8182,0.4431
3244,8430,3,2,0,17,1.4,2023-11-11 11:00:00,45.81142,15.974513,0,6,0,0.363,6,0.666,1,3.18,0.3656,0.8637,0.222,0.6945,0.2699,0.309,0.3059,0.4874
3245,372,12,0,2,27,2.3,2023-12-21 20:00:00,45.7622,15.967005,3,4,2,0.29,8,0.405,1,2.82,0.99,0.3217,0.5243,0.5556,0.2382,0.8757,0.3833,0.1705
3246,8323,29,1,1,12,1.9,2024-06-11 19:00:00,45.807968,15.886697,4,2,2,0.196,2,0.964,0,2.39,0.8423,0.2841,0.2802,0.4066,0.5407,0.2516,0.6195,0.3191
3247,125,15,0,0,4,2.2,2024-09-05 19:00:00,45.743064,15.963186,3,4,2,0.045,0,0.566,0,1.71,0.8906,0.3734,0.4292,0.5057,0.291,0.9753,0.38,0.2594
3248,1226,3,2,1,6,1.1,2024-07-31 20:00:00,45.836157,15.953108,1,3,2,0.565,3,0.592,1,2.39,0.3887,0.9291,0.2323,0.6109,0.3054,0.312,0.317,0.4775
3249,4160,13,6,1,12,1.7,2023-12-23 19:00:00,45.864789,15.950948,1,6,2,0.242,3,0.299,1,2.59,0.695,0.3431,0.3918,0.7729,0.2704,0.2235,0.858,0.5098
3250,7462,30,5,1,7,1.1,2024-08-27 19:00:00,45.853396,15.966106,1,2,2,0.451,3,0.573,1,2.23,0.3319,0.5728,0.1043,0.6389,0.2887,0.5352,0.4066,0.3417
3251,7389,27,7,1,32,2.2,2023-06-01 19:00:00,45.806113,16.046212,2,4,2,0.584,19,0.234,2,3.24,0.5091,0.4486,0.5834,0.5018,0.8228,0.2507,0.3692,0.726
3252,6531,18,7,1,8,1.7,2024-11-26 20:00:00,45.857482,15.963539,1,2,2,0.31,2,0.855,0,3.18,0.448,0.2805,0.6226,0.4762,0.9137,0.2869,0.3672,0.6627
3253,2038,4,6,1,11,2.0,2024-03-22 18:00:00,45.803076,15.977125,0,5,2,0.301,3,0.456,1,3.24,0.598,0.2652,0.3673,0.717,0.2857,0.2117,0.9617,0.4859
3254,6546,29,1,1,4,1.9,2023-04-01 19:00:00,45.780854,16.030515,2,6,2,0.223,1,1.305,0,0.98,0.8734,0.2618,0.379,0.4683,0.6636,0.1876,0.4765,0.3233
3255,2572,29,1,3,9,0.9,2024-04-16 11:00:00,45.820809,15.998426,0,2,0,0.36,3,0.047,1,1.26,0.8041,0.3282,0.3582,0.5121,0.6098,0.2168,0.5194,0.2457
3256,7454,13,6,0,9,0.5,2023-04-11 20:00:00,45.855453,15.936364,1,2,2,0.146,1,0.63,0,2.92,0.6364,0.2858,0.342,0.6914,0.2336,0.2665,0.8976,0.4894
3257,1938,8,0,1,4,1.1,2023-04-26 11:00:00,45.863888,15.950472,1,3,0,0.364,1,0.907,0,1.84,0.8973,0.2695,0.5175,0.518,0.1301,0.9141,0.4629,0.2569
3258,5031,1,1,3,16,1.5,2023-08-17 18:00:00,45.853641,15.956873,1,4,2,0.767,12,1.347,2,2.85,0.7901,0.3049,0.2375,0.3129,0.6672,0.104,0.491,0.3539
3259,524,1,1,0,4,1.4,2024-05-12 18:00:00,45.817057,15.96745,0,0,2,0.628,3,0.805,1,3.36,0.881,0.1962,0.2773,0.4596,0.6459,0.2703,0.5494,0.2084
3260,3545,2,0,1,6,2.0,2024-12-24 11:00:00,45.852171,15.935073,1,2,0,0.421,3,0.316,1,1.93,0.8744,0.2604,0.5675,0.5206,0.2171,0.9172,0.4461,0.373
3261,6331,1,1,1,11,2.1,2023-05-26 09:00:00,45.764242,15.980408,3,5,0,0.341,4,0.919,1,3.21,0.7308,0.2882,0.2788,0.3569,0.6177,0.2182,0.4721,0.2752
3262,5055,6,2,0,7,1.7,2023-03-29 20:00:00,45.823234,15.980844,0,3,2,0.423,3,0.308,1,3.56,0.4228,0.8643,0.2252,0.6745,0.4023,0.3424,0.4087,0.4847
3263,4650,3,2,2,40,0.8,2024-02-21 10:00:00,45.813009,15.972495,0,3,0,0.213,9,0.713,2,2.19,0.4102,0.9317,0.158,0.7197,0.2349,0.244,0.335,0.5398
3264,787,1,1,0,9,1.4,2024-08-05 19:00:00,45.816005,15.966883,0,1,2,0.468,4,0.328,1,3.28,0.7002,0.2739,0.2919,0.4407,0.5487,0.2081,0.5009,0.2892
3265,6666,29,1,0,5,2.1,2023-12-04 11:00:00,45.756991,15.983751,3,1,0,0.144,1,0.651,0,2.41,0.7935,0.3537,0.2777,0.3707,0.5745,0.1669,0.4683,0.3535
3266,7962,27,7,1,9,1.3,2023-12-07 11:00:00,45.856035,15.961958,1,4,0,0.125,1,0.706,0,3.34,0.4988,0.2996,0.6176,0.4943,0.9954,0.2214,0.4123,0.6642
3267,5808,4,6,0,14,1.7,2024-12-12 19:00:00,45.814084,15.88098,4,4,2,0.504,7,0.823,1,2.39,0.7518,0.2869,0.3288,0.6884,0.1921,0.2288,0.817,0.5111
3268,7806,2,0,0,22,1.5,2024-04-28 19:00:00,45.812271,15.902982,4,0,2,0.419,9,0.37,2,2.46,1.0,0.3045,0.4839,0.4613,0.19,0.8632,0.4941,0.3421
3269,5792,29,1,2,9,1.6,2023-05-19 19:00:00,45.742708,15.983918,3,5,2,0.306,3,0.666,1,2.22,0.8289,0.3549,0.3196,0.4186,0.5597,0.1665,0.5103,0.2812
3270,2634,1,1,1,3,1.0,2023-09-18 19:00:00,45.789934,16.054788,2,1,2,0.276,1,0.271,0,2.47,0.8242,0.2881,0.2861,0.4212,0.6264,0.1881,0.5255,0.3002
3271,7391,13,6,2,6,1.5,2023-04-08 18:00:00,45.799928,15.972224,0,6,2,0.533,3,0.678,1,3.7,0.7521,0.2346,0.3816,0.6079,0.1913,0.1966,0.8222,0.4577
3272,5613,1,1,2,12,0.8,2023-08-23 10:00:00,45.815938,15.89274,4,3,0,0.743,9,0.433,2,2.94,0.7769,0.2998,0.2572,0.3532,0.5666,0.1935,0.5148,0.2929
3273,1732,2,0,0,8,1.6,2024-11-03 19:00:00,45.851513,15.959494,1,0,2,0.474,4,1.425,1,2.59,0.8843,0.3202,0.5042,0.4733,0.2394,0.956,0.4175,0.2171
3274,6214,1,1,1,30,1.3,2023-08-31 20:00:00,45.747721,15.980068,3,4,2,0.232,7,0.809,1,2.04,0.8503,0.2198,0.2611,0.3431,0.6119,0.2108,0.497,0.1963
3275,4413,5,5,0,4,1.0,2024-06-27 20:00:00,45.856518,15.962675,1,4,2,0.219,1,1.17,0,3.15,0.2902,0.5516,0.1164,0.6591,0.2911,0.5937,0.398,0.3228
3276,7613,2,0,0,8,1.7,2024-03-03 20:00:00,45.845196,15.953368,1,0,2,0.397,3,1.037,1,3.28,0.9786,0.2857,0.4711,0.5097,0.1639,0.9708,0.3347,0.2551
3277,2071,11,3,2,3,0.8,2024-07-16 18:00:00,45.759207,15.989121,3,2,2,0.229,1,0.533,0,2.79,0.5515,0.4838,0.8249,0.5813,0.8662,0.2166,0.4822,0.7279
3278,5146,29,1,0,4,1.8,2023-09-26 19:00:00,45.850787,15.947765,1,2,2,0.519,2,0.671,0,3.47,0.8544,0.22,0.3153,0.4496,0.6884,0.1418,0.539,0.386
3279,6595,27,7,1,9,0.8,2024-05-26 09:00:00,45.817629,15.890148,4,0,0,0.588,5,1.328,1,2.24,0.4887,0.4096,0.5326,0.5259,0.8737,0.2883,0.3945,0.6723
3280,7476,3,2,0,25,1.6,2024-01-30 10:00:00,45.765945,15.970458,3,2,0,0.28,7,0.492,1,2.19,0.4386,0.9614,0.1804,0.6752,0.2529,0.3842,0.306,0.5108
3281,146,17,0,1,6,2.1,2023-09-19 18:00:00,45.855425,15.950837,1,2,2,0.536,3,1.116,1,1.44,0.9577,0.2604,0.4791,0.5345,0.1682,0.9499,0.4225,0.1952
3282,158,29,1,0,8,2.3,2024-05-01 09:00:00,45.840699,15.959472,1,3,0,0.556,4,0.831,1,3.16,0.7778,0.2402,0.3058,0.3847,0.6401,0.1798,0.4452,0.2271
3283,8827,7,0,1,4,2.1,2024-02-02 11:00:00,45.755159,15.963253,3,5,0,0.33,1,0.837,0,3.1,0.9156,0.3886,0.4521,0.436,0.1799,0.9481,0.4836,0.2295
3284,815,5,5,0,10,1.6,2023-05-24 11:00:00,45.813455,15.886572,4,3,0,0.859,9,0.576,2,1.44,0.3487,0.5603,0.1154,0.6042,0.2815,0.5672,0.3644,0.2523
3285,5187,2,0,0,2,1.6,2024-09-27 20:00:00,45.855695,15.950999,1,5,2,0.765,2,0.723,0,2.58,0.9686,0.2522,0.4611,0.5176,0.1914,0.8748,0.4037,0.2215
3286,2826,1,1,1,19,0.6,2024-12-21 19:00:00,45.750263,15.970032,3,6,2,0.295,6,1.36,1,2.57,0.7209,0.36,0.2832,0.278,0.5759,0.1775,0.4421,0.2073
3287,1187,27,7,2,4,0.7,2023-04-04 11:00:00,45.820086,15.890804,4,2,0,0.71,3,0.695,1,2.82,0.5891,0.3077,0.5794,0.4686,1.0,0.3147,0.3218,0.7318
3288,4404,2,0,0,6,1.2,2023-05-14 18:00:00,45.804745,15.967288,0,0,2,0.517,3,1.47,1,2.4,0.8999,0.3154,0.5037,0.508,0.2757,0.9422,0.4467,0.3094
3289,563,8,0,0,4,1.7,2024-06-18 19:00:00,45.739679,15.987653,3,2,2,0.125,0,0.653,0,2.04,0.8711,0.2015,0.4541,0.4349,0.1805,0.8695,0.4182,0.3153
3290,3238,1,1,2,4,1.2,2024-04-09 11:00:00,45.756969,15.97495,3,2,0,0.344,1,0.688,0,2.49,0.8508,0.3381,0.2238,0.3672,0.61,0.2289,0.5741,0.3141
3291,3653,2,0,0,4,0.9,2023-07-14 09:00:00,45.804675,15.8963,4,5,0,0.079,0,0.508,0,3.23,0.9167,0.3111,0.4852,0.4976,0.1752,0.9051,0.4465,0.3241
3292,8825,8,0,1,7,1.6,2024-01-22 11:00:00,45.815905,15.872143,4,1,0,0.377,3,0.12,1,1.65,0.8622,0.272,0.4598,0.4126,0.1898,0.8924,0.3449,0.3404
3293,4390,9,1,0,4,1.6,2023-10-11 11:00:00,45.792247,15.975835,0,3,0,0.119,0,0.117,0,2.21,0.7547,0.3039,0.3791,0.4227,0.6211,0.1904,0.5309,0.267
3294,5439,16,2,0,7,1.5,2023-02-03 18:00:00,45.750226,15.952856,3,5,2,0.443,3,1.015,1,3.29,0.2971,0.8575,0.1184,0.772,0.2928,0.3276,0.34,0.5645
3295,8511,1,1,0,7,2.0,2024-08-11 19:00:00,45.753929,15.981962,3,0,2,0.2,1,1.08,0,2.79,0.8271,0.2926,0.2796,0.3393,0.5443,0.1969,0.6151,0.2671
3296,7947,15,0,1,7,1.1,2023-03-19 20:00:00,45.809814,15.887992,4,0,2,0.64,4,0.082,1,2.81,0.9043,0.2369,0.4568,0.4077,0.1868,0.9075,0.432,0.3063
3297,5972,1,1,1,9,1.8,2023-06-24 20:00:00,45.817389,15.88725,4,6,2,0.49,4,0.445,1,3.54,0.8474,0.3448,0.2932,0.346,0.6643,0.1197,0.4741,0.4118
3298,3303,5,5,3,10,2.0,2024-07-01 19:00:00,45.803583,15.969104,0,1,2,0.445,4,0.767,1,2.26,0.3484,0.6202,0.129,0.6364,0.3821,0.6526,0.3772,0.2229
3299,1019,13,6,0,13,1.7,2024-01-12 10:00:00,45.798592,15.872743,4,5,0,0.157,2,0.523,0,1.66,0.7198,0.3316,0.2898,0.6828,0.1711,0.2077,0.8795,0.4856
3300,6418,26,7,0,4,1.6,2024-01-10 09:00:00,45.805635,16.041383,2,3,0,0.303,1,0.634,0,3.41,0.5649,0.4049,0.6136,0.4867,0.8833,0.2837,0.466,0.6155
3301,6928,7,0,1,6,2.4,2024-07-20 09:00:00,45.748058,15.97376,3,6,0,0.231,1,0.515,0,2.96,0.9608,0.2445,0.4353,0.4941,0.1229,0.9029,0.4595,0.3054
3302,3114,24,3,0,7,1.1,2023-12-21 20:00:00,45.755167,15.980415,3,4,2,0.876,6,0.549,1,2.74,0.4906,0.4485,0.8921,0.621,0.8076,0.094,0.5315,0.8544
3303,8056,7,0,1,4,2.1,2023-04-16 11:00:00,45.829671,15.962866,1,0,0,0.251,1,0.898,0,3.27,0.8888,0.2397,0.5585,0.5229,0.245,0.8816,0.3871,0.2971
3304,4247,15,0,1,6,2.0,2024-05-29 20:00:00,45.830357,15.987908,0,3,2,0.368,2,1.34,0,1.58,1.0,0.193,0.6044,0.5336,0.2169,0.9325,0.4198,0.2975
3305,2047,4,6,2,8,1.5,2023-10-05 18:00:00,45.832348,15.998853,0,4,2,0.353,3,1.355,1,2.52,0.6141,0.3761,0.1935,0.7518,0.1595,0.2058,0.9213,0.4712
3306,3065,0,1,1,8,0.8,2024-07-23 19:00:00,45.800634,16.057822,2,2,2,0.162,1,1.254,0,1.58,0.8294,0.3042,0.2515,0.4543,0.5631,0.1217,0.5197,0.4506
3307,4322,2,0,0,18,1.8,2024-03-14 10:00:00,45.871148,15.943964,1,4,0,0.437,8,0.518,1,2.62,0.9093,0.3231,0.4982,0.4725,0.2332,0.9211,0.4059,0.2602
3308,5627,9,1,2,16,1.7,2024-10-31 20:00:00,45.800963,16.050424,2,4,2,0.555,9,1.182,2,2.92,0.7721,0.3578,0.3378,0.371,0.5944,0.222,0.5282,0.2543
3309,8901,28,0,0,10,1.5,2024-05-31 20:00:00,45.816851,15.987075,0,5,2,0.381,4,1.247,1,2.12,0.9854,0.3022,0.545,0.4096,0.2433,0.9364,0.309,0.2805
3310,2199,1,1,1,11,1.9,2024-08-06 10:00:00,45.833675,15.989532,0,2,0,0.133,1,0.268,0,3.82,0.8469,0.3191,0.322,0.4354,0.523,0.1036,0.535,0.2771
3311,8851,20,5,1,12,0.6,2024-11-04 18:00:00,45.737752,15.985081,3,1,2,0.249,3,1.089,1,3.1,0.2675,0.4862,0.0589,0.633,0.3005,0.5839,0.3864,0.3718
3312,7459,29,1,2,9,1.8,2023-10-03 18:00:00,45.81747,15.898151,4,2,2,0.328,3,1.399,1,3.22,0.8579,0.373,0.2299,0.3996,0.5747,0.1384,0.5194,0.3192
3313,7062,28,0,1,4,1.3,2023-03-05 19:00:00,45.781996,16.041464,2,0,2,0.315,1,0.653,0,2.95,0.8755,0.2373,0.5341,0.429,0.1558,0.8023,0.4312,0.3033
3314,6187,24,3,1,9,1.2,2024-10-02 18:00:00,45.799286,16.043497,2,3,2,0.173,2,1.376,0,3.36,0.4933,0.457,0.9271,0.5569,0.8286,0.2608,0.4799,0.8196
3315,4821,4,6,2,6,1.6,2024-05-07 10:00:00,45.811402,15.878044,4,2,0,0.157,1,0.521,0,2.61,0.7134,0.2353,0.3945,0.6684,0.1666,0.1522,0.7849,0.4942
3316,8027,23,3,0,6,1.8,2023-06-05 18:00:00,45.817228,15.871903,4,1,2,0.367,2,0.998,0,3.59,0.4702,0.4746,0.9167,0.6103,0.7797,0.1848,0.5146,0.7838
3317,212,10,4,2,41,1.1,2023-07-14 20:00:00,45.757986,15.979243,3,5,2,0.158,6,1.099,1,1.88,0.8251,0.6565,0.7471,0.9116,0.2166,0.3593,0.7857,0.4074
3318,6062,2,0,1,15,1.1,2023-09-27 18:00:00,45.831698,15.890388,4,3,2,0.117,2,1.102,0,3.64,0.9708,0.1793,0.4036,0.5269,0.1881,0.8794,0.3835,0.2078
3319,6596,28,0,0,47,1.6,2023-01-13 18:00:00,45.798227,15.973182,0,5,2,0.776,36,1.182,2,3.62,0.9322,0.2468,0.474,0.4494,0.2353,0.7995,0.3476,0.2686
3320,7537,24,3,0,22,1.3,2024-01-12 19:00:00,45.797911,16.044273,2,5,2,0.531,12,0.82,2,2.48,0.5297,0.4717,0.9419,0.6567,0.8777,0.2698,0.511,0.8004
3321,3657,2,0,0,4,1.7,2023-06-23 10:00:00,45.810043,15.88572,4,5,0,0.536,2,0.406,0,3.74,0.854,0.2777,0.5157,0.5426,0.2355,0.8959,0.3737,0.2451
3322,4231,1,1,1,13,1.4,2024-09-21 20:00:00,45.800523,16.042616,2,6,2,0.243,3,0.835,1,1.83,0.7961,0.2507,0.2699,0.3818,0.6505,0.1917,0.3883,0.2564
3323,568,16,2,2,4,1.3,2023-07-23 09:00:00,45.83964,15.944891,1,0,0,0.437,2,1.174,0,3.06,0.4794,0.8908,0.1825,0.696,0.2298,0.2857,0.2958,0.522
3324,5100,8,0,0,14,1.1,2023-09-08 10:00:00,45.811601,15.882367,4,5,0,0.226,3,0.4,1,2.75,0.8519,0.2831,0.5107,0.5434,0.2099,0.901,0.5162,0.2828
3325,375,29,1,3,28,1.5,2024-01-26 18:00:00,45.855277,15.964562,1,5,2,0.302,8,0.395,1,3.83,0.7778,0.2447,0.2747,0.46,0.6061,0.1444,0.448,0.2859
3326,815,4,6,2,3,1.8,2023-03-05 20:00:00,45.749931,15.987091,3,0,2,0.546,2,0.565,0,2.11,0.8,0.1877,0.2743,0.649,0.1418,0.2409,0.8779,0.5094
3327,4957,9,1,0,7,1.1,2024-10-27 10:00:00,45.803907,15.97383,0,0,0,0.393,3,1.208,1,2.09,0.846,0.3101,0.3189,0.4252,0.6208,0.0151,0.456,0.3698
3328,4571,3,2,0,5,1.5,2023-10-31 10:00:00,45.799561,16.050694,2,2,0,0.696,3,0.963,1,2.38,0.4131,0.9127,0.1913,0.6562,0.3943,0.3246,0.2629,0.5384
3329,2702,23,3,1,12,1.4,2024-07-12 20:00:00,45.760345,15.974284,3,5,2,0.405,5,1.059,1,2.37,0.4027,0.4664,0.9379,0.5565,0.8079,0.1326,0.5453,0.7955
3330,8688,1,1,0,12,0.7,2023-10-09 11:00:00,45.806407,15.902181,4,1,0,0.565,7,0.662,1,2.82,0.8354,0.2858,0.314,0.4246,0.6091,0.2553,0.5543,0.3539
3331,4417,9,1,0,13,2.1,2023-04-22 18:00:00,45.803399,16.047083,2,6,2,0.324,4,1.026,1,2.98,0.72,0.2161,0.2758,0.4222,0.6997,0.2648,0.5875,0.3183
3332,8954,11,3,2,23,1.6,2024-01-06 20:00:00,45.816169,15.889431,4,6,2,0.319,7,0.438,1,2.78,0.4675,0.4711,0.839,0.5156,0.7983,0.2197,0.5462,0.8251
