follower_id,following_id
0,8481
0,6980
0,3432
0,9260
0,6828
0,8783
0,5014
0,23
0,9304
0,3805
1,6342
1,5289
1,7466
1,9455
1,1586
1,3221
1,4247
1,6301
2,5176
2,2817
2,1683
2,4428
3,8643
3,8068
3,6980
3,2214
3,9191
3,4075
3,8076
3,1328
3,2225
3,3222
3,7453
4,7778
4,1007
4,2513
4,1492
4,7738
5,5363
5,2228
5,998
6,3712
6,8433
6,2395
6,316
6,3896
6,3771
6,9116
7,9218
7,3416
7,2628
7,966
7,1065
7,2158
7,17
7,8120
9,7074
9,3523
9,2884
9,3300
9,898
9,1707
9,5420
9,6127
9,2639
9,977
9,6427
10,3330
10,2150
10,1670
10,6568
10,3052
10,3728
10,5681
10,9746
11,4972
11,7404
12,1344
12,5573
12,775
12,5547
12,2955
12,1495
13,9121
13,5763
13,2756
13,901
13,4169
13,4395
13,3821
13,9325
13,2164
13,6462
14,7321
14,1468
14,4392
14,3434
14,2319
14,529
14,2681
14,6394
14,3708
15,7016
15,8961
15,3292
16,9987
16,3142
16,3643
16,7902
17,2370
17,9094
17,3146
17,6164
17,6037
17,8919
18,4644
18,2916
18,8331
18,2380
18,8875
18,2927
18,7645
18,3358
18,6271
19,3040
19,2528
19,6433
19,6668
19,845
19,659
19,5526
19,7382
19,9913
19,1307
20,5380
20,4806
20,2604
20,8685
20,430
20,1809
20,1365
20,6422
20,4031
21,8738
21,4462
21,6772
21,1529
21,1083
22,8037
23,1432
24,1568
24,7301
24,8615
24,1867
24,1945
24,1340
24,5117
24,3038
25,2694
25,9806
25,6834
25,242
25,9970
26,1962
26,8597
26,7583
27,9252
27,8009
27,2348
27,3439
27,7413
28,6690
28,4611
28,1646
28,5559
29,227
29,3205
29,8071
29,7788
29,8109
29,9741
29,6476
29,2732
29,5105
29,1530
29,5490
29,7026
29,4863
29,728
29,2330
29,1596
29,2143
30,3525
30,9126
30,3334
30,7630
30,7055
30,977
30,2265
30,4540
31,6329
31,6884
31,686
31,3431
32,5056
32,161
32,609
32,3376
32,1142
33,3938
33,3790
33,3599
33,6807
33,6332
34,976
34,2986
34,9324
34,1958
35,896
35,7172
35,2711
35,606
35,31
36,613
36,6216
36,7593
36,8208
36,3798
36,1563
36,2334
37,8131
37,3012
37,9610
37,4811
37,7562
38,6981
38,9134
38,5262
38,6290
38,2389
38,8537
38,6554
38,4732
39,257
39,67
39,9737
39,3468
39,3153
39,4343
39,730
39,4058
40,5314
40,6218
40,1872
40,5842
40,6547
40,1844
40,7230
40,2526
41,5153
41,1069
41,759
41,5912
41,7577
42,3360
42,3555
42,8038
42,2855
42,8663
42,4569
42,445
42,5247
43,2884
43,8775
43,1449
43,6890
43,4076
43,1775
43,8464
43,5750
43,9814
43,2393
43,1758
44,4583
44,7305
44,5386
44,9419
44,1260
44,6893
44,4270
44,1070
44,8656
44,8049
44,462
44,1299
44,7348
45,3741
45,2926
45,7854
45,1459
45,9941
45,2682
45,2940
45,4285
46,6372
46,6724
46,1577
46,4623
46,5398
47,2921
47,2723
48,967
48,9391
48,8213
48,5494
48,3420
49,6960
49,644
50,2884
50,1256
50,744
50,5519
50,8147
50,213
50,886
51,386
51,4573
52,3270
52,8297
52,2255
52,6960
52,9332
53,2019
53,7901
53,1161
53,3528
53,2216
53,3826
53,4950
53,5145
53,5914
53,6397
53,7966
54,1091
54,4974
54,7539
54,8724
54,7733
54,6815
55,7168
55,6625
55,1764
55,2764
55,7795
55,2616
55,2681
55,5306
55,6043
55,9116
55,3229
56,1915
56,5638
57,9568
57,8423
57,4105
57,169
57,6954
57,6479
57,2937
57,9882
57,253
58,8778
58,4601
58,8494
58,8110
58,4147
58,4019
58,7124
58,7382
58,5273
58,6623
59,4134
59,6698
59,6353
59,3411
59,2487
60,9408
60,4903
60,2352
60,9206
60,5560
61,3520
61,7991
61,8303
62,5475
62,4542
62,8838
62,8300
62,5580
62,7917
62,3314
62,4119
62,6551
62,9821
62,2782
63,7527
63,9132
63,8271
63,5167
63,2172
64,9219
64,422
64,2182
64,2730
64,4016
64,6453
64,6742
64,1718
65,9318
65,1639
65,4966
65,3913
65,7721
65,2027
65,303
65,1237
65,1531
65,2812
65,2557
66,4068
66,3495
66,5927
66,5582
66,6324
66,9269
66,6197
66,2583
66,2200
67,9565
67,7854
68,1945
68,7828
68,8006
68,62
69,9504
69,3811
69,5444
69,8935
69,7688
69,6797
69,6035
69,1785
69,3098
69,956
70,1361
70,4921
71,8133
71,5287
71,4812
71,3470
71,6321
71,2418
72,3395
72,1885
72,2247
73,9355
73,1541
73,6379
74,208
74,8131
75,8249
75,2451
75,1908
76,8615
76,1673
76,2250
76,5739
76,4369
76,857
76,5819
77,8751
77,3763
77,6169
77,6618
77,6431
78,3210
78,3085
78,4589
78,6837
78,2872
78,7102
79,9569
79,3554
79,5218
79,5540
79,2470
79,5702
79,5970
79,1752
79,5721
79,4285
80,4837
80,5575
80,2471
80,3502
80,5589
80,5782
80,7132
80,829
80,8703
81,7171
81,8505
81,201
81,7183
81,3540
81,4856
81,2041
82,2049
82,8642
82,3174
82,9158
82,6192
82,8211
82,5947
83,3201
83,8786
83,6572
83,9365
84,8242
84,3388
85,8352
85,6915
85,1795
85,3717
85,8392
85,7378
85,5459
85,4018
85,696
85,6585
85,7642
85,8923
85,5822
85,7231
86,7200
86,4578
86,292
86,1579
86,8174
86,8622
86,7182
86,8753
86,4919
86,2330
87,195
87,2981
87,343
87,6651
87,4763
88,8872
88,5377
88,4386
88,7779
89,8845
89,5208
89,7151
89,6456
89,7099
89,350
90,7809
90,72
90,8108
90,8558
90,7407
90,1690
91,8881
91,4939
91,7476
91,9254
92,1094
92,6797
92,1327
92,7985
92,8566
92,8254
93,3617
93,2052
93,1481
93,3885
93,3125
93,8025
94,7337
94,9839
94,3571
94,5557
94,2175
95,7904
95,6081
95,8610
95,6402
95,4131
95,5251
95,6499
95,8109
95,9102
95,2161
95,6803
95,5658
95,410
95,4251
95,828
96,2407
96,4905
96,6219
96,3342
96,8527
96,703
96,3832
96,9050
96,2459
96,6813
96,7103
98,1281
98,4291
98,1832
98,6581
98,1688
98,5691
99,1129
99,4861
100,7929
101,9600
101,4545
101,8362
101,9004
101,8205
101,6382
101,2287
101,9844
101,3830
101,3480
101,7515
101,732
102,7635
102,340
102,1158
103,4298
103,1891
103,4612
104,4195
104,1574
104,1352
104,5962
104,5711
104,341
104,7158
104,8600
104,5116
104,1886
105,3297
105,1505
105,6243
105,8390
105,7495
105,7398
105,9671
105,5607
105,8649
105,6045
105,9904
105,632
105,2972
105,2173
106,8554
106,7090
106,83
106,1492
106,184
106,3679
107,2755
107,7044
107,8933
107,6341
107,6120
107,3917
108,600
108,6914
108,4068
110,5729
110,4553
110,9291
110,3345
110,6097
111,8897
111,3589
111,3014
111,5509
111,7018
111,9036
111,6581
111,6040
112,9474
112,4580
112,8815
112,4432
112,7897
112,4699
112,1115
112,6909
113,800
113,6979
113,1576
113,2189
113,2637
113,7952
113,8277
113,2815
114,8654
114,2513
114,9905
114,8406
114,5115
115,4905
116,9600
116,737
116,9710
116,6065
116,535
117,1987
117,4457
117,203
117,6572
117,7313
117,6132
117,725
117,5624
117,2777
117,285
117,2367
118,7088
118,8091
118,5054
119,2339
119,3172
119,2566
119,7176
119,3249
119,8182
119,4215
119,5886
120,4676
120,5770
120,3212
120,5775
120,1940
120,3383
120,7128
121,5826
121,3909
121,1578
121,7084
121,2412
121,3702
121,1912
121,2809
121,2172
122,209
122,2473
122,5830
123,7874
123,6371
123,4292
123,9511
123,7274
123,5716
123,8405
123,4693
123,7930
124,2210
124,3982
124,7285
124,9238
124,3701
124,5979
124,6365
124,2015
125,8935
125,8565
125,2235
125,3484
125,1759
126,4257
126,9702
126,1766
126,1288
126,4466
126,1238
126,2939
127,4941
127,628
127,2486
127,2518
127,5435
127,927
128,7296
128,4456
128,4184
128,5049
128,9213
129,8669
129,3936
129,8677
129,1413
129,8824
129,6896
129,8497
129,5843
129,3445
129,1656
129,7098
129,2717
129,2847
130,2528
130,8456
130,8459
130,3374
130,8664
131,7876
131,8085
132,640
132,9420
132,206
132,8495
132,6896
132,403
132,9237
132,6616
132,506
132,7675
133,8705
133,4481
133,6088
133,1395
133,4440
134,6674
134,2363
135,3448
135,3117
136,67
136,5515
136,2983
137,7974
137,648
137,5448
137,652
137,2583
137,3163
137,2557
137,958
138,2144
138,4000
138,200
138,8906
138,4430
138,4786
138,5618
138,6037
138,8538
138,8541
138,1086
138,6239
139,5328
139,7205
139,7717
139,5552
140,1153
140,3723
140,7438
141,3024
141,6697
141,5250
143,1856
143,7714
143,5703
143,7495
143,7338
143,3211
143,2285
143,5616
143,2130
143,9686
143,1718
143,4987
143,1021
143,7870
144,4774
144,6877
144,1822
144,1567
145,4864
145,9635
145,2644
145,6230
145,703
146,264
146,5066
146,5034
146,3030
147,312
147,1706
147,5619
147,8568
147,5945
147,3099
148,2690
148,4482
148,5447
148,914
148,1466
148,5531
148,3388
148,7294
148,383
149,6602
149,9844
149,2890
149,5375
150,9408
150,7749
150,2584
150,1545
150,6219
150,8396
150,1134
150,3126
150,6520
150,3289
150,2394
151,7839
152,1056
152,3977
152,8362
152,6478
152,3056
152,3253
152,2709
152,1309
152,3069
153,9312
153,6081
153,6246
153,200
153,5576
153,6221
153,3789
153,535
153,5851
153,1277
153,4479
154,8803
154,5925
154,2702
154,3216
154,2235
155,480
155,3650
155,1155
155,3522
155,3881
155,5484
155,2490
155,6129
155,7226
155,3067
155,7292
156,9896
156,3678
156,5662
157,6647
157,1605
157,9349
157,3912
157,3799
157,5644
157,5102
157,3473
157,8666
157,7763
157,3122
157,599
157,7033
157,1210
157,29
158,6820
158,8778
158,5773
158,2486
158,9911
158,5915
158,766
159,675
159,4230
159,263
159,938
159,4459
159,6060
159,7757
159,8337
159,1459
159,9366
159,4191
160,9605
160,3845
160,5543
160,3949
160,7668
160,1662
161,4170
161,6035
161,6125
162,3439
162,7120
162,5022
162,6328
162,7038
163,5792
163,8933
163,1833
163,6572
163,5721
164,2179
164,2005
164,5686
164,8408
164,476
164,2909
165,7908
165,4869
165,7070
165,2399
166,1344
166,7391
166,298
166,4665
166,7733
166,1333
166,3833
166,8923
166,1951
167,5632
167,1569
167,35
167,4452
167,6439
167,8906
167,3119
167,3536
167,1489
167,3311
167,179
167,1178
167,4127
168,5060
168,997
168,7270
168,3844
168,5579
168,4557
168,686
168,3733
168,957
169,5249
169,5761
169,7042
169,9674
169,5968
169,9945
169,1372
170,1210
171,8904
171,1832
171,7404
171,3893
171,1791
172,7780
172,5375
173,3563
173,2404
173,8518
174,4720
174,7905
174,4947
174,6159
175,2868
176,6306
176,2051
176,746
176,3179
176,5069
176,7726
176,8049
176,2898
176,6621
176,3679
177,6992
177,6432
177,5962
177,6237
178,5314
178,3683
178,487
178,7499
178,4556
178,4973
178,7795
178,4984
178,697
179,2690
179,8484
179,1273
179,4421
179,2919
179,8020
179,3671
179,8343
179,2329
180,4184
180,2016
181,7942
181,3367
181,5546
181,4459
181,3884
181,1421
181,2736
181,2163
181,4020
181,9113
181,1275
182,8262
182,876
182,5872
182,2131
182,7029
182,8534
182,1371
183,4321
183,1605
183,421
183,4279
183,1848
184,3106
184,1506
184,229
184,2406
184,2607
184,1299
184,3070
185,2620
185,5870
186,3680
186,5607
186,7374
186,5203
186,2484
186,5557
186,5110
186,316
187,6435
187,6590
187,2438
187,2764
187,2893
187,4894
187,6040
187,2845
187,4222
188,7976
188,7441
188,2994
188,2041
188,9310
189,4440
189,3161
189,9692
189,6919
190,6056
190,5265
190,7862
191,1770
191,6773
191,1774
191,7735
192,5515
192,4238
193,9506
193,9251
193,7331
193,3595
193,2644
194,9297
194,9562
194,5378
194,6263
195,519
195,1427
195,4693
195,150
195,2999
195,2586
195,9148
196,9825
196,1699
196,1511
196,1868
196,7505
196,1043
196,6678
196,1782
196,6810
196,7196
197,7984
198,3686
198,9887
198,3158
198,3991
198,1753
198,4831
199,3859
199,7509
200,4704
200,3139
200,4740
200,2501
200,844
200,116
200,220
201,2463
201,8039
201,4543
202,9432
202,1377
203,513
203,3332
204,6721
204,2105
204,4535
205,7072
205,4764
205,8697
205,8913
205,2162
205,9397
205,7670
205,1400
205,1529
205,4316
205,8671
206,3530
206,9206
206,1831
207,4320
207,9096
207,8969
207,6568
207,8523
207,365
207,9232
207,8471
207,4187
207,4062
208,4921
208,7053
208,1294
209,8193
209,2797
209,9842
209,1910
209,2072
210,9092
210,9798
210,583
210,2377
210,749
210,7891
210,8503
210,1051
211,2337
211,3394
211,8002
211,1381
211,3978
211,5776
211,2483
211,9719
211,6361
211,7931
211,5662
212,9041
212,4305
212,5128
212,7870
213,3207
213,3756
213,3542
213,6039
213,731
213,5661
214,7712
214,4841
214,1770
214,9071
214,8022
214,5018
215,8000
215,290
215,8807
215,7399
215,9615
215,725
215,8054
215,1239
215,9464
215,3612
215,8286
216,3176
216,1996
216,5148
217,5440
217,3777
217,7898
217,1373
218,7264
218,5220
218,596
218,3510
218,1370
219,5848
219,5455
219,1423
220,7556
220,6343
220,7528
220,5205
220,2456
220,6361
220,1466
220,4699
221,6866
221,6802
221,893
221,9974
222,1735
222,6607
222,7159
222,5790
222,8639
223,8136
223,8172
223,7030
224,2713
224,1085
224,439
225,5048
225,5157
226,8080
226,2921
226,3311
227,2273
227,2979
227,4387
227,5927
227,7689
227,8524
227,76
227,7436
227,3960
227,8058
227,6459
228,3744
228,1251
228,6727
228,2279
228,489
228,1901
228,6515
228,9430
228,2588
228,445
230,6089
230,9738
230,7236
230,669
231,1348
231,3530
231,7563
231,4719
231,9232
231,7057
231,8694
231,7707
231,318
232,808
232,4337
232,5587
232,6631
233,2913
233,7811
233,613
233,7048
233,9673
233,1386
233,5968
233,5887
233,6390
233,568
233,6938
233,5183
234,1240
234,5983
235,5957
235,701
235,8078
235,6644
235,8629
235,4822
235,7773
235,2111
236,2537
236,9229
236,3608
236,2681
236,730
237,5793
237,3304
237,2696
237,7560
237,5746
238,5669
238,7314
238,9111
238,9368
238,5561
239,3866
239,1755
239,3156
240,3378
240,2579
240,7108
240,8405
241,9696
241,7075
241,8164
241,8075
241,7435
241,2635
241,8818
241,4307
241,4696
241,7515
242,9896
242,366
242,2807
243,3048
243,3578
243,7342
243,4351
244,2729
244,8495
244,8147
244,8246
244,5879
244,9788
245,5828
245,8808
245,3769
245,1819
245,6334
246,9443
246,5094
246,5324
246,879
246,3987
246,5749
246,4669
247,9826
247,7843
247,8004
247,8677
247,8292
247,7559
247,8685
247,4882
247,4891
247,6622
248,359
248,8591
250,1120
250,227
250,9956
250,7815
250,3784
250,8424
250,6762
250,2250
250,8141
250,2349
250,3156
251,2734
252,2128
252,7955
252,8165
253,3553
253,5666
253,8970
253,8789
253,6165
253,8983
254,5265
254,5883
254,6701
254,2065
255,3706
255,4269
256,6122
256,8490
256,465
256,8120
256,2364
257,9457
257,3981
258,2338
258,3634
258,7573
259,4834
259,9796
259,2057
259,2559
259,7532
259,6285
259,1326
259,6543
259,1422
259,3570
259,5843
259,8824
259,9113
259,4090
259,2045
259,1630
259,8511
260,9856
260,5709
261,7938
261,1955
261,8197
261,4614
261,711
261,4936
261,7977
261,6860
261,7986
261,568
261,3227
261,6397
261,7384
262,3810
262,2979
262,2886
262,907
262,7470
262,4816
262,8756
262,4053
262,5339
262,3228
262,9215
263,8867
263,2917
263,1138
263,8306
263,2102
263,9560
263,957
264,2481
264,5978
264,9596
264,879
265,8257
265,8867
265,9648
265,209
265,4853
265,9497
266,3042
266,8679
266,6732
266,5295
266,8603
266,3966
267,1420
267,5962
267,5116
268,4096
268,808
268,5608
268,3277
268,1202
268,3668
268,1781
268,150
268,8599
269,4216
269,2956
269,4676
269,6799
270,9185
270,7137
270,9733
270,6217
270,4725
270,1528
270,4025
270,2682
271,4856
271,2545
271,1704
271,6336
272,7094
273,3136
273,5991
273,1063
273,6599
273,1322
273,9425
273,8498
273,9656
273,2267
273,5112
274,6721
274,2338
274,2952
274,5065
274,1418
274,4696
274,2931
274,52
274,7445
274,3574
274,3924
274,440
274,6682
274,7100
275,2042
275,2475
276,932
276,934
276,3433
276,6428
276,2558
277,7194
278,432
279,6732
280,5139
280,1012
280,6150
281,9125
281,870
281,5996
281,1584
281,9427
281,341
281,6326
281,7992
281,345
281,3643
281,8126
281,2079
282,4803
282,2375
282,1099
282,2255
282,4336
284,1056
284,482
284,6916
284,6885
284,7302
284,397
284,2996
284,5050
284,6043
284,6943
285,9192
285,6851
285,4350
285,8559
287,6225
288,8000
288,1004
288,6867
288,7412
288,7613
289,3010
289,2820
289,7111
289,8554
289,109
289,2735
289,4655
289,4881
289,3094
290,5570
290,7687
290,4521
290,7244
290,9650
290,50
290,5278
291,7831
292,6590
293,8993
293,9415
293,6156
293,2391
294,3936
294,9885
294,425
294,3244
294,1405
294,3572
294,24
294,8697
294,6845
294,6174
295,5397
296,9843
296,8996
296,675
296,8895
297,9538
297,7463
297,5643
297,5868
297,9579
297,8879
297,439
297,2328
297,1207
297,8280
298,6825
298,4178
298,7570
298,6900
298,7962
298,3739
299,9318
299,6920
299,7338
299,5612
299,557
299,430
299,3991
299,2963
299,3158
299,9111
300,3012
300,6856
300,6153
300,3435
300,2893
300,7501
300,6453
300,3127
301,5370
301,8533
301,1175
302,6242
302,6083
302,3877
302,8965
302,6934
303,9944
303,6564
303,8368
304,4497
305,5088
305,769
305,554
305,1451
305,4401
305,475
305,1529
305,6491
306,7172
306,4765
306,6804
306,4603
306,4127
306,5981
306,5823
307,8225
307,4646
307,4847
307,8337
307,6905
307,9566
308,5344
308,1138
308,2516
308,6662
309,7877
309,7467
309,8175
309,8789
309,9177
309,1850
309,6267
310,6978
310,3589
310,8348
310,7917
311,4706
311,2052
311,7849
311,7283
311,8341
311,1022
311,8735
312,6312
312,9681
312,924
313,6730
313,775
314,3298
315,2917
315,7338
315,8427
315,2667
315,1709
315,173
315,2840
315,5949
316,9234
316,2292
316,3565
317,2201
317,7035
317,8742
318,4324
318,8101
318,9387
318,4880
318,627
318,1623
318,7287
319,2258
319,3539
319,5422
319,5455
320,8676
320,2629
320,9517
320,6222
320,729
320,8317
320,62
321,5324
321,6320
321,786
321,9269
321,2007
321,8472
321,3833
322,8026
322,6460
322,7479
323,4737
323,6702
324,2786
324,4006
324,2343
324,4457
324,978
324,7327
325,2176
325,8673
325,4422
325,4232
325,6285
325,820
325,53
325,2457
326,9153
326,4386
326,289
326,1124
326,7805
326,5125
326,2792
326,236
326,4366
326,2288
326,1117
326,7735
326,6237
326,1951
327,7451
327,3082
327,940
327,244
328,1921
328,8322
328,8547
328,3302
328,456
328,5576
328,5035
328,6605
328,8942
328,2930
328,7925
328,7639
328,4380
328,8319
329,7122
330,129
330,1863
330,8487
330,2442
330,5514
330,1326
330,4655
330,302
330,6641
330,4210
330,2611
330,594
330,5206
330,4502
330,3515
330,5662
331,224
331,9849
331,150
331,7686
332,8870
332,2923
332,7851
332,7127
332,5693
333,3746
334,5699
334,2363
334,9868
334,453
335,9408
335,9804
335,1805
335,4052
335,4982
336,8510
336,2095
337,4129
337,8740
337,4997
337,8797
337,4393
337,2059
337,6989
337,4880
337,6205
337,9429
337,6717
337,9534
338,9674
338,2702
339,8716
340,6115
340,6646
340,9662
342,563
342,2707
342,790
342,7228
342,4317
342,1727
343,6088
343,3343
343,468
343,5045
343,313
343,8059
343,30
343,6111
344,9859
344,7781
344,6214
344,5647
345,4965
345,6504
345,2064
345,4912
345,6803
345,3797
345,9370
345,6012
345,8221
345,4031
346,4609
346,1690
346,7900
346,2869
347,8545
347,3689
347,4976
347,4694
347,9662
348,2145
348,7236
348,1093
348,4422
348,8110
348,3599
348,6705
348,3315
348,5908
348,3221
348,6675
348,8571
349,5766
350,1099
350,6652
350,2111
351,9763
351,8425
351,1002
351,8076
351,6803
351,3923
351,1813
351,6901
351,5976
351,8506
351,5951
352,6657
352,2884
352,6821
352,9348
352,8234
352,876
352,6127
352,4755
352,7421
353,6500
353,8358
353,5479
353,1746
353,6579
353,728
353,3039
354,7188
355,2
355,8652
355,4623
356,932
356,2084
356,7385
356,3530
356,3532
356,5549
356,7343
356,119
356,9847
356,5977
357,6112
357,3017
357,4622
357,337
357,5621
357,4501
357,2486
357,4250
358,792
358,5080
359,1345
359,1894
359,9383
359,5520
359,20
361,8960
361,857
361,7396
362,5253
362,3039
362,3496
362,7721
362,6800
362,1274
362,4188
362,6271
363,7585
363,5986
364,7233
364,5217
364,5732
364,2564
364,7526
364,967
364,7690
364,9323
364,3409
364,7998
365,8769
365,681
365,6604
365,7982
365,474
366,1856
366,5448
366,6893
366,719
366,1684
366,7572
366,7542
366,725
366,7071
367,9025
367,1926
367,2679
367,5258
367,2446
367,3031
367,1202
367,8885
367,3799
368,8328
368,1394
368,6067
368,3212
369,3183
370,8960
370,6529
370,5766
370,135
370,4366
370,4119
370,5145
370,826
370,7875
370,2755
370,4941
370,8142
370,4946
370,2387
370,5990
370,2156
370,9072
370,9329
370,7166
371,6433
371,3682
371,579
371,740
371,8942
371,4855
371,5534
372,4899
372,133
372,3335
372,5193
372,5098
372,3184
372,7090
372,632
373,1265
374,5941
374,8967
375,1123
375,8005
375,3303
375,9452
375,2044
376,1056
376,4033
376,2146
376,4648
376,4811
377,6980
377,8936
377,726
377,4344
377,6361
377,351
378,417
378,483
378,7463
378,6506
378,5434
378,1267
378,6611
378,6102
378,793
378,2174
378,5212
378,286
379,8609
379,171
379,4092
379,8110
379,7824
379,882
379,435
379,6200
379,59
379,8092
380,5633
380,7074
380,419
380,5640
380,909
380,4398
380,8976
380,4337
380,3670
380,4505
381,2689
381,3580
381,3862
381,3031
382,7205
382,5662
382,1804
382,9487
382,114
382,2995
382,8376
382,1657
382,3390
383,5860
383,2597
383,3621
383,4201
383,4594
383,1303
383,5663
384,8451
384,7620
384,1829
384,6055
384,136
384,7434
384,6475
384,2128
384,7281
384,6739
384,6875
384,8284
384,5758
385,7265
385,8259
385,1035
385,1714
385,5555
385,6195
385,6486
386,1217
386,7441
386,145
386,3925
386,9144
386,7419
387,1480
387,6000
387,5909
388,1298
388,7756
388,9709
388,4270
389,9315
389,8717
389,8654
389,1071
390,2432
390,7715
390,2635
390,1515
390,7512
391,9464
391,3715
391,421
391,475
392,2338
392,6691
392,3981
392,1174
392,8823
392,2431
393,66
393,4962
393,2404
393,8742
393,524
393,6862
393,5263
393,3568
393,5072
393,2384
393,4240
393,3056
393,5974
393,5563
393,6268
393,7966
394,120
394,7764
394,1101
395,8007
395,6443
395,5101
395,693
395,4314
395,1311
396,3909
396,1870
396,7312
396,3570
396,6230
396,8475
396,3324
397,6401
397,9149
397,6814
398,71
398,5099
398,7915
398,8657
398,2005
398,607
399,5920
399,420
399,2756
399,40
399,2093
399,3217
399,3090
399,7925
399,345
399,893
400,2563
400,2285
400,4014
400,9711
400,7768
400,6397
400,9951
401,5498
401,2612
401,5341
401,8015
402,8384
402,4162
402,2416
402,3383
402,4538
405,5763
405,3461
405,5701
405,878
405,2448
405,7952
405,1909
405,3829
405,2327
405,6101
405,1212
406,5395
406,583
407,6337
407,5861
407,1352
407,8873
407,7211
407,5616
407,2387
407,8659
407,3604
407,9049
407,3101
407,3614
407,9663
408,2472
408,9435
408,8798
408,4519
409,7827
410,5825
410,8434
410,8395
410,2781
411,5674
411,9721
411,347
411,6076
411,6718
413,1288
414,2617
414,6160
414,3570
414,7349
414,8151
414,2521
414,6811
415,8489
415,7473
415,7928
415,8921
415,476
416,3521
416,1797
416,6727
416,4456
416,7249
416,3569
417,5888
417,2816
417,3106
417,3300
417,2958
417,2705
417,2069
417,347
418,4416
418,3057
418,1626
418,6535
419,5385
419,7098
420,2885
420,4486
420,2908
420,306
420,4787
420,4370
420,6744
420,3100
421,7883
421,3276
421,2157
421,8659
422,5348
422,4870
422,1324
422,4628
422,7255
422,7578
422,3323
423,4263
423,7438
423,7953
423,8981
423,5947
423,5789
423,4735
424,4033
424,6146
424,6819
424,6082
424,6792
424,5611
424,8812
424,4267
424,3379
424,1909
424,3928
425,8065
425,3170
425,7141
425,6694
425,2759
425,9900
425,4014
425,7406
425,9744
425,818
425,2389
425,3573
425,7768
425,4922
425,9214
425,8090
426,9984
426,1025
426,7202
426,4417
426,885
426,4796
426,8317
426,6686
426,8959
427,8839
427,2090
427,9515
427,7434
427,7086
427,6480
427,7357
428,8322
428,1484
428,1902
428,3982
428,6777
428,9854
428,3615
429,5957
429,3781
429,8455
429,7718
429,8905
429,8367
429,1200
429,790
429,7128
430,3664
430,6339
431,4642
431,4873
431,9068
431,2715
431,2047
432,3744
432,3878
432,4487
432,4621
432,6133
432,4312
432,8924
432,9663
433,4966
433,460
433,7662
433,1937
433,888
433,6650
434,2464
434,229
434,3951
434,1524
434,886
434,3389
435,8248
435,3681
435,9851
435,1310
436,4673
436,7747
436,2506
436,875
436,6992
436,1714
436,4372
436,91
437,2288
437,8293
437,6206
438,1472
438,3811
438,4294
438,1706
438,4331
438,5964
438,5809
438,273
438,9303
439,2402
439,1924
439,133
439,2312
439,4049
439,4563
439,84
439,86
439,6718
440,6646
441,2849
441,2019
441,1607
441,4520
441,1523
441,5845
441,6073
441,5146
442,2050
442,3773
442,1229
442,4557
442,4786
442,5842
442,6396
442,6836
442,5916
442,4605
442,3231
443,5505
443,2627
443,2683
443,2285
443,2361
443,8475
444,5045
445,7487
445,9580
445,4140
445,4366
445,6540
445,1817
445,3263
446,7420
446,6047
447,801
447,5286
447,7688
447,9200
447,2032
447,5875
447,283
448,872
448,4794
448,8357
449,324
449,2021
449,2503
449,4936
449,5098
449,8138
449,6060
449,5590
449,1114
449,7963
450,4833
450,4071
450,7762
450,8822
450,5980
450,959
451,6665
452,6824
452,3594
452,8976
452,7600
452,3605
453,4353
453,1830
453,8647
453,362
453,4362
453,300
453,3694
453,1618
454,7813
454,9093
454,3303
454,780
454,6252
454,2864
454,2905
454,8827
455,7332
455,8390
455,1863
455,9242
455,2685
456,3840
456,4545
456,4594
456,2551
456,8248
456,6078
457,1333
458,1861
458,7499
458,2028
458,4557
458,9327
458,7568
458,4370
458,5084
458,8574
459,5073
459,6642
459,139
459,6038
460,5894
460,776
460,7283
460,1044
460,7286
461,9285
461,6471
461,1351
461,8553
461,8754
461,9171
461,2332
462,8360
463,4493
463,5294
464,5010
464,3530
464,2651
464,2531
465,5280
465,6849
465,9826
465,9580
465,6992
465,7669
465,8598
465,4824
465,62
466,996
466,2084
466,8645
466,4840
466,1353
466,4751
466,7087
466,9908
466,6452
466,380
467,6104
467,706
467,5323
468,1734
468,7859
468,728
468,4538
468,4477
468,4031
469,7649
469,3213
469,9521
470,2672
470,2218
471,738
471,3619
471,2852
471,2611
471,6553
471,639
472,8745
473,8544
473,2909
474,7921
474,2036
474,4927
474,4039
475,3121
477,4712
477,2587
477,7034
477,1123
478,2248
478,5554
478,212
478,6199
478,1622
478,6071
478,7736
478,3385
478,4959
480,914
481,706
481,4739
481,7555
481,1189
481,43
481,2476
481,3437
481,1931
481,8015
481,7444
481,8856
481,2590
481,8575
482,5376
482,8577
482,9892
482,8261
482,6505
482,3754
482,8748
482,2637
482,5559
482,8536
483,334
483,8306
483,275
483,9460
483,440
484,8066
484,8098
484,9831
484,4716
484,8653
484,6832
484,1910
484,2045
485,42
485,5454
485,3599
486,6961
486,6644
486,7672
486,346
486,863
487,2721
487,3430
487,3929
487,1469
487,8159
488,8002
488,2596
488,8452
488,6664
488,2206
489,6337
489,98
489,2883
489,1444
489,709
489,5863
489,359
489,7662
489,5552
489,4220
489,2260
489,341
489,1817
489,9212
490,4769
490,3461
490,6603
490,5422
490,5008
490,279
490,3608
490,569
490,764
491,1347
491,2756
491,6182
491,5032
491,2283
491,4461
491,8718
491,2543
491,528
491,6071
491,1757
492,8739
492,8900
492,2403
492,5062
492,4745
492,6923
492,1716
492,7094
492,3255
493,2625
493,5601
493,2535
493,1163
493,1276
494,6336
494,6145
494,1092
494,4201
494,2858
494,8349
494,7230
495,2370
495,501
496,2444
496,645
497,1867
497,7151
497,9328
497,1887
497,4060
497,8863
498,5410
498,419
498,6098
498,19
498,6038
498,4183
498,952
498,152
499,1569
499,4931
499,2311
499,3438
499,3152
499,211
499,2105
499,1180
500,9664
500,1281
500,9732
500,6216
500,8461
500,8079
500,212
500,1302
500,8055
500,6552
500,9243
500,156
500,4734
500,9951
501,3344
501,1028
501,7334
501,6919
503,6885
503,2825
503,713
503,5684
503,5588
503,6489
503,2719
504,3588
504,5162
504,1971
504,3352
504,2457
505,1565
505,9539
505,1315
505,970
505,6797
505,7378
505,4957
506,2597
506,2035
506,7379
506,3635
506,500
506,2167
506,377
506,7037
507,1505
507,2949
507,7370
507,2347
507,1964
507,2031
507,5973
507,346
508,3603
508,2799
509,4587
509,398
509,707
510,5289
510,4146
510,1893
510,5031
511,2657
511,2438
511,8457
511,3372
511,8495
511,240
511,8433
511,3025
511,9653
511,9784
511,7288
511,5759
512,7336
512,8076
512,4410
512,1712
512,5656
512,1850
512,4031
513,32
513,4140
513,2788
513,143
514,1297
514,7771
514,6870
514,655
515,509
515,6156
515,7645
515,6879
516,3494
516,7847
516,1098
516,3888
516,2131
516,4764
516,3038
517,7436
517,5390
518,6179
518,5482
518,2666
518,474
518,7484
519,1798
519,3879
519,169
519,4395
519,9644
519,8878
519,17
519,157
520,7714
520,9040
520,7217
520,9786
520,443
520,2557
520,3582
520,4671
521,5730
521,8619
521,3152
521,7796
521,2939
522,5633
522,5826
522,6691
522,1670
522,5997
522,4530
522,6903
522,6489
522,6812
523,8939
523,4212
523,3629
523,6755
524,7362
524,7145
524,1613
524,913
524,4499
524,703
525,1984
525,7077
525,3239
525,7367
525,3689
525,1867
525,4269
525,7696
525,6129
525,4912
525,2993
525,9238
525,8792
526,5408
526,1286
526,3189
526,6166
526,9725
527,4653
528,68
528,5680
528,242
528,7190
528,7255
528,8479
529,3456
529,6405
529,1862
529,3306
529,876
529,5038
529,6319
529,7734
530,6785
530,108
530,9517
530,2511
530,1393
530,1333
530,1622
530,8022
530,6331
531,5568
531,1061
531,2857
531,9258
531,1274
531,3930
531,4542
532,4353
532,8258
532,4966
532,1003
532,8017
532,4211
533,9762
533,6437
533,9031
533,2284
533,5104
533,1908
533,6367
534,138
534,9938
534,275
534,8883
534,149
534,634
534,4730
534,1851
535,4838
535,1194
535,2540
535,6545
535,1747
535,8243
535,159
536,3460
536,1870
536,2674
536,4824
536,2650
536,2911
537,8322
537,6341
537,7143
537,619
537,5901
537,270
537,8245
538,4704
538,4616
538,6827
538,2699
538,4206
538,7445
538,3161
538,9370
539,265
539,2554
539,7923
539,4141
540,7995
540,3714
540,5058
540,4325
540,8934
540,489
540,3786
540,7147
540,9037
540,7934
540,7217
540,4851
540,3190
540,4123
540,3198
541,9153
541,5221
541,3718
541,209
541,3922
541,6996
541,3676
541,4702
542,4033
542,514
542,6044
542,4939
542,6799
542,7184
542,2708
542,4950
542,8663
542,2332
542,4413
543,5146
543,9373
543,759
544,2769
544,1956
544,3998
544,3127
545,4421
546,2690
546,6377
546,7787
546,781
546,4397
546,3345
546,7507
546,4158
547,8157
548,2089
548,8378
548,4428
548,7975
549,9181
549,705
549,3899
549,1589
550,3712
550,7130
550,7691
550,1960
551,3015
551,8141
551,5747
551,3735
551,5245
552,3142
552,5864
552,5491
552,7034
552,6429
553,7201
554,6882
554,4168
554,201
554,3153
554,7962
554,3614
555,2598
555,2163
555,2820
555,9150
556,2921
556,8682
556,7602
556,8373
556,5590
556,3928
556,8793
557,6304
557,3613
557,4617
557,6699
557,5166
557,6832
557,6839
557,536
557,3515
557,3421
557,6270
558,2147
558,5155
558,9548
558,5677
558,7123
558,3547
558,2268
558,6911
559,3938
559,2691
559,9291
559,45
559,5656
560,3000
560,3697
560,7115
560,7711
561,2441
561,6122
561,7606
561,6265
561,1725
562,2822
562,587
562,6670
562,7120
562,9361
562,3571
563,2278
563,8199
563,7463
563,4591
563,8467
563,9814
563,9307
563,6524
564,5894
564,1287
564,6183
564,7177
564,7433
564,9675
564,4015
564,5522
564,2327
564,9816
564,1692
565,7937
565,8802
565,7302
565,3883
565,9524
565,7577
566,1692
567,4896
567,1389
567,911
568,9792
568,2657
568,4258
568,1316
568,6245
568,2118
568,7239
568,8679
568,2345
568,1066
568,2602
568,4622
568,7953
569,5419
569,2318
569,6671
569,3282
569,4638
570,4448
570,2528
570,4915
570,8054
570,4732
571,9664
571,7502
571,696
572,379
572,5188
572,117
572,830
573,5986
573,5222
573,8505
573,4303
573,242
573,594
573,7223
573,1785
573,8090
573,9179
573,7068
574,745
574,9908
575,5623
576,3345
576,7195
576,8687
577,5957
577,3557
577,3307
577,8078
577,1749
577,3285
577,1050
577,1756
577,3295
578,3483
578,3854
579,4771
579,1572
579,7821
579,7378
579,918
579,310
581,7331
581,1764
581,3924
581,6712
581,8987
581,797
582,8706
582,3942
582,6056
582,4911
582,118
582,9367
582,8664
583,5632
583,801
583,1446
583,2599
583,3634
583,5717
583,6873
584,1906
584,6260
584,6631
585,8112
585,1796
585,1429
585,9623
586,4274
586,7602
586,5108
587,5892
587,4711
587,1742
587,4116
587,7934
587,351
588,3073
588,1092
588,6279
588,5869
588,6068
588,9399
588,8570
588,9213
588,2430
589,5144
589,1061
589,4821
589,3528
590,419
590,5476
590,3557
590,3046
590,973
590,1236
590,7990
590,8760
590,9723
591,1072
591,786
592,992
592,2626
592,3923
592,4581
593,7154
593,1957
593,4647
594,4068
594,272
594,3637
594,6230
594,2776
594,8729
595,8515
595,2220
595,2802
595,1109
595,8886
595,7421
596,9770
596,3692
596,9420
596,4349
596,2494
597,8737
597,2462
597,9029
597,6504
597,395
597,7536
597,2898
597,9719
597,7037
597,2622
598,7896
598,7713
598,5091
598,1599
599,9634
599,8901
599,5001
599,8137
599,9803
599,1680
599,977
599,5745
599,4562
599,8858
599,8030
600,3750
600,2830
600,5527
601,513
601,7338
601,2027
601,108
601,1770
601,2556
601,5455
601,3855
601,5680
601,1077
601,9878
601,6425
601,1530
601,7004
602,5942
602,1548
602,1054
603,3622
603,8346
603,4231
603,8205
603,218
603,4059
603,2845
603,4031
604,3024
604,8058
604,9539
605,6272
605,2112
605,5922
605,5349
605,8551
605,1033
605,4523
605,2878
605,8914
605,2964
605,5468
605,5625
605,9628
605,2174
606,9536
606,2243
606,2931
606,8436
606,8343
607,5345
607,7201
607,5866
607,6064
607,5109
607,3159
607,5497
607,6395
608,7169
608,5249
608,269
608,7283
608,8787
608,2297
608,7547
609,5597
609,5521
609,4821
609,3495
610,6177
610,7496
610,3816
610,3118
610,1941
610,1950
610,9183
611,2752
611,9095
611,6829
611,2168
611,9423
611,2068
611,2552
611,2460
611,2845
611,5854
612,6290
613,7299
613,8294
613,9292
613,3888
613,6358
614,6121
614,5715
614,1438
615,4609
615,9221
615,5935
615,8882
615,5077
615,5974
615,5755
615,4606
616,6880
616,6404
616,1687
617,7713
617,4386
617,7559
618,4312
619,8416
619,7547
620,903
620,1929
620,202
620,4363
620,6605
620,6798
620,7504
620,9278
621,1824
621,961
621,4386
621,6731
621,4597
621,5271
621,1244
621,3294
622,3448
622,1346
622,6662
622,4842
623,132
623,4012
623,1639
625,4517
625,8081
625,7093
625,343
625,8218
626,6918
626,6567
626,7690
626,9902
626,4303
626,9492
626,1433
626,412
626,4479
627,8487
627,4044
627,2252
627,277
627,7414
627,3517
628,934
628,4967
628,6795
628,7886
628,1913
629,9033
629,7692
629,3438
629,2034
629,957
630,450
630,5372
631,1729
631,2853
631,742
631,4233
631,3184
631,4372
631,3573
631,7646
632,9957
632,1789
632,3718
632,1239
633,3235
633,1542
633,4966
633,8006
633,9674
633,9869
633,6800
633,6101
633,5911
633,1850
633,1726
634,4295
634,6791
634,9108
634,8091
634,2525
635,6850
635,6946
635,933
635,8949
635,9724
635,8637
636,3104
636,2762
636,9457
636,3090
636,3123
636,1369
636,8699
636,7997
636,6078
636,3647
637,1536
637,9089
637,9860
637,6448
637,283
637,351
638,5856
638,4512
638,5765
638,6983
638,3784
638,5804
638,887
638,9279
639,2251
639,8619
639,4590
639,9646
639,944
639,3829
640,3393
640,8644
640,1668
640,329
640,9963
640,6064
640,4688
640,9877
640,4758
640,7646
641,4640
641,896
641,5795
641,6185
641,426
641,1069
641,8558
641,8241
641,2806
641,2198
641,1466
642,7081
642,20
642,6327
642,1275
642,5182
643,8265
643,506
643,401
643,3877
644,7785
644,9932
644,3884
644,1356
644,2904
644,4244
644,6197
644,1204
644,4824
644,6683
644,4639
646,6091
647,1930
647,9716
647,6933
647,216
647,410
647,1854
648,4099
648,1222
648,7879
648,8871
648,1512
648,1352
648,4587
648,4235
648,815
648,8984
648,7068
649,8320
649,6098
649,7634
649,717
650,7696
650,5809
650,9490
650,1395
650,1499
651,9865
651,1005
652,2785
652,4996
652,6885
652,7910
652,4455
652,1415
652,6343
652,2506
652,8495
652,5424
652,4735
652,9522
652,3839
652,9493
652,8504
652,4731
652,2911
653,8545
653,8610
653,355
653,7428
653,7404
653,781
653,8687
653,4689
653,7794
653,7475
653,9526
653,3926
653,8476
653,2622
654,2148
654,4637
655,3939
655,3284
655,8788
655,983
655,9758
655,6783
656,2160
656,4626
656,4411
656,1936
657,3448
657,4217
657,6766
657,1503
658,2881
658,7813
658,38
658,4166
658,8230
658,8782
659,6082
659,7715
659,1897
659,7436
659,6072
659,1661
660,8416
660,1477
660,236
660,4140
660,8148
660,5145
660,8606
661,2597
661,2295
662,5128
662,625
662,2394
662,8067
663,8553
663,5545
663,8326
664,1633
664,5281
664,3752
664,3466
664,142
664,8750
664,3891
664,1686
664,9015
664,1560
664,6971
665,6725
665,9613
665,397
665,495
665,2414
665,282
665,4927
666,1793
666,8589
666,8270
666,4461
666,5880
666,7288
666,5626
666,5083
667,897
667,3458
667,9829
667,6887
667,3405
667,3376
668,3458
669,7367
669,1064
669,8619
669,6735
669,5617
669,9077
669,4410
669,8383
670,1674
671,9060
671,392
671,1930
671,1515
671,6545
671,6772
671,822
671,3191
671,3065
671,9084
672,4234
672,7818
672,7427
672,4511
673,160
673,4097
673,550
673,362
673,684
673,2638
673,4818
673,5623
673,284
673,5695
674,192
674,806
674,8265
674,1002
674,6638
674,3090
674,7925
674,6519
675,48
675,5151
675,1151
676,1793
676,7316
676,8055
677,4036
677,875
677,2232
677,890
677,6971
678,1017
678,7490
678,3028
679,4719
679,7472
679,5021
679,8222
679,927
680,3650
680,3172
680,9863
680,2024
680,12
680,9395
680,7677
681,1698
681,8685
681,6031
681,7091
681,6326
681,8601
682,4609
682,9980
682,4806
682,3243
682,1208
682,8252
682,6783
683,5857
683,6142
684,8704
684,4864
684,4487
684,906
684,8086
684,7711
684,6562
684,7844
684,6395
684,5426
684,692
684,9790
684,1346
684,9286
684,3529
684,5588
684,7153
684,8177
684,5499
685,7090
685,6931
686,9992
686,4122
686,8107
686,3178
687,5344
688,2786
688,6787
688,9189
688,7795
688,5654
688,4598
689,9634
689,7459
689,1072
689,3157
689,9722
690,4481
690,9377
690,7521
690,7660
690,4557
690,1905
690,9623
691,6280
691,2905
691,4771
691,4454
692,9099
692,5912
692,3320
692,6394
692,7579
693,34
693,994
693,5829
693,6629
693,327
693,7085
693,8109
693,47
693,8111
693,8115
693,2169
695,2767
695,978
695,7026
695,2361
695,6397
696,482
696,164
696,4814
696,5262
696,4688
696,8975
696,9810
696,5627
696,3995
696,9181
696,7359
697,8003
697,9987
697,2474
697,3917
697,7437
697,1136
697,498
698,3878
698,3686
698,2631
698,2729
698,7947
698,6157
699,3648
699,8835
699,5383
699,639
699,5745
699,8050
699,51
699,5109
699,4638
699,7455
700,3172
700,8039
700,3179
700,4556
700,8338
700,4158
701,1346
701,7271
701,9609
701,5586
701,7517
701,9405
702,909
702,910
702,9679
703,303
704,8638
704,870
704,3979
704,1068
704,6289
704,9170
704,7134
704,8895
705,9272
705,6880
706,6080
706,5953
706,4491
706,6285
706,849
706,4916
707,6896
707,9308
707,4613
707,1885
708,1568
708,4810
708,7334
709,2252
709,1851
709,9996
709,645
710,3540
710,8782
711,1664
711,6439
711,5704
711,6895
711,1941
711,8790
711,9754
711,9469
712,6440
712,8588
712,3759
712,9298
712,3610
712,3922
712,1238
712,5367
712,506
712,1213
713,712
713,689
714,8559
714,2671
714,6899
714,5020
714,8255
715,5733
715,8359
715,5545
715,5973
715,7228
716,8320
716,2273
716,2248
716,6953
716,1067
716,7533
716,2285
716,144
716,529
716,8533
717,513
717,2280
717,1483
717,8973
717,5422
717,1532
717,9087
718,3302
718,4147
718,3125
718,8441
718,7998
718,3455
719,7386
719,6685
719,7679
720,3008
720,4738
721,7330
721,8101
721,6768
721,3569
721,8756
721,2906
722,3203
722,6782
723,6170
724,5019
724,774
724,6153
724,7500
724,5712
724,9784
724,7769
724,9467
724,3292
725,7376
725,4545
726,6441
726,3406
726,80
726,5042
726,6772
726,2238
727,1838
728,5378
728,3049
728,651
728,3343
728,1872
728,3639
728,510
729,148
729,1375
730,1094
730,5226
730,4047
730,3256
730,8921
731,7238
731,6344
731,4216
731,9945
731,5791
732,4001
732,7847
732,7880
732,5065
732,1580
732,8315
733,8770
733,4886
733,5535
734,3937
734,2339
734,1347
734,6790
734,9320
734,6792
734,6187
734,9070
734,3997
734,4634
734,5912
734,1562
734,4859
734,6269
735,3616
735,2017
735,9514
735,7827
735,1652
735,7285
736,3329
736,2378
736,5291
736,2284
736,5070
736,5079
736,6298
736,2364
736,3837
737,5956
737,197
737,583
737,6119
737,2679
737,9692
737,2237
738,8576
738,1517
738,990
738,8878
739,3425
739,2148
739,3921
739,6035
739,3480
739,3007
740,7538
740,6422
740,4630
740,4731
740,5853
741,5955
741,3048
741,9104
741,3633
741,7319
741,9784
741,6074
741,9432
742,3481
742,9379
743,1025
743,865
744,2112
744,9056
744,9437
744,2914
744,3544
744,3432
744,3469
744,3566
744,177
744,8756
744,7446
744,5432
744,2333
744,4830
745,6500
745,3399
745,9385
745,6736
745,6322
745,4788
745,1471
746,3937
746,6822
746,7367
746,4391
746,587
746,2572
746,5837
746,9966
746,7568
746,9720
746,3898
746,7324
747,6417
747,9003
747,2406
748,4289
748,8706
748,7554
748,708
748,4293
748,1990
748,97
748,2893
748,8686
748,2000
748,9277
748,5143
748,2621
749,6304
749,4128
749,9892
749,4976
749,6067
749,3253
749,9210
749,1307
749,9727
750,320
750,1288
750,7914
750,4780
750,8411
750,9368
750,7995
750,6975
751,2944
751,5799
751,2729
751,6003
751,56
752,4576
752,774
752,3913
752,2697
752,4877
752,4400
753,9448
753,8551
753,9134
753,6662
754,9220
754,1287
754,1036
754,3607
754,8349
754,7967
754,675
754,679
754,2347
754,8518
754,5710
754,7124
754,7383
754,6618
754,3557
754,2151
754,5611
754,9325
754,4209
754,5881
754,1787
754,8703
755,294
755,1867
755,1714
755,1207
755,7068
756,6369
756,1890
756,1635
756,5253
756,4135
756,4458
756,688
756,7537
756,4656
756,4920
757,2624
757,1415
757,5643
757,1296
757,2228
757,6072
757,8412
758,1121
758,2722
758,4450
758,8100
758,7782
758,7975
758,201
758,7676
758,3062
758,441
758,4764
759,8494
760,4321
760,9805
760,7546
760,4560
760,9969
760,8178
760,1557
760,7863
760,5785
760,7066
760,4734
761,654
762,381
762,5740
762,1325
763,3431
763,8553
763,3629
763,8400
763,5809
763,9202
763,5591
763,7224
763,6719
764,2629
764,8781
765,5792
765,1986
765,6338
765,2781
765,4495
765,6416
765,5999
765,6451
765,474
765,7485
765,3838
766,5008
766,4594
766,8439
766,3579
766,2110
767,5393
767,1858
767,5283
767,4154
768,1763
768,2159
768,7312
768,1947
768,6014
769,4449
769,3524
769,4742
769,3399
769,41
769,4235
769,2706
769,3507
769,7828
769,755
769,4090
770,6241
770,6404
770,5413
770,6572
770,3056
770,2227
770,5014
770,7133
771,4162
771,2951
771,1487
771,3222
771,8855
771,26
772,2688
772,9093
772,3401
772,6540
772,5902
772,3474
772,5976
772,8411
773,3104
773,6215
773,938
773,1484
773,3859
773,4151
773,9559
773,7673
773,5627
773,1052
774,3042
774,5158
774,3718
774,6025
774,3017
774,1610
774,5885
775,1811
775,6245
776,4897
776,9411
776,8326
776,2738
776,5310
776,5695
777,7434
777,8717
777,6670
778,9313
778,1287
778,4425
778,6541
778,5263
778,5074
778,8724
778,3188
778,3798
778,9529
779,42
779,6410
779,4396
779,6522
780,8114
781,4196
781,2943
782,4745
782,5417
782,7345
782,7058
782,4531
782,2581
782,8344
783,8871
783,9386
783,3150
783,1456
783,1744
783,5521
783,4950
783,5177
783,8475
784,2136
784,2166
784,3294
784,7778
785,3296
785,5953
785,3138
785,4102
785,7259
785,4892
786,4807
786,6919
786,8526
786,7101
786,7574
786,4726
786,2173
786,5310
787,1290
787,3372
787,7349
787,3865
787,8505
788,3848
788,6601
788,1674
788,2221
788,7412
788,8701
789,1720
789,7480
789,6021
790,3204
790,6697
790,7274
790,9803
790,6959
790,9879
790,2393
790,5279
791,771
791,6988
791,5229
791,8383
792,1413
792,3558
792,6443
792,2192
792,7322
793,1896
794,9049
794,5163
794,6166
795,6688
795,9766
795,552
795,2063
795,6736
795,6192
795,6259
795,1718
795,4054
795,4184
795,6460
796,1826
796,3749
796,1830
797,3913
797,7837
798,6505
798,1514
798,3658
798,6032
798,3510
798,4408
798,155
798,7615
799,6625
799,4097
799,4645
799,4879
799,1745
799,2546
799,4980
799,3902
800,104
800,5833
800,205
800,7695
800,849
800,1301
800,54
800,7448
801,675
801,8132
801,1893
801,7467
801,1397
801,4060
802,7616
802,8968
802,4858
803,2752
803,1474
803,6275
803,2402
803,8069
803,1706
803,588
803,1230
803,1179
803,9855
804,5958
804,1609
804,3690
804,7566
804,8527
804,2448
804,2386
804,3126
804,2009
804,9791
805,6459
805,8075
805,2317
805,3590
806,1699
806,8519
806,3719
806,6285
806,3344
806,1937
806,754
806,5651
806,2257
806,694
806,282
806,1119
807,5189
807,9324
807,4173
807,1905
807,947
807,5591
807,7034
807,4347
808,3216
808,5384
808,2821
808,9669
809,9816
809,2865
809,6927
809,3999
810,7579
810,6495
811,4432
811,3661
812,3604
812,5519
813,8008
813,8044
813,9804
813,7839
813,2297
813,1535
814,4642
814,872
814,5386
814,1557
814,7805
814,2046
815,4215
817,4513
817,5579
817,565
818,4996
818,8007
818,5003
818,5271
818,541
819,1412
819,7909
819,971
819,8621
819,1903
819,5071
819,3346
819,2931
819,2679
819,8311
820,2853
820,6217
820,5324
820,7373
820,3159
821,1505
821,7108
821,6757
821,584
821,3112
821,7125
821,3191
821,7388
821,1726
822,6607
822,6107
822,1868
822,6927
823,9488
823,242
823,1467
823,5046
823,8504
823,9595
823,5182
824,2756
824,712
824,3498
824,5140
824,5236
824,4022
824,2647
824,3480
824,2135
824,6269
825,544
825,5603
825,6061
825,1081
825,4413
825,6846
826,9472
826,2049
826,7812
826,8421
826,9128
826,2349
826,4913
826,5778
826,9203
826,180
826,8279
826,6524
826,2493
826,5823
827,3186
827,3125
828,1089
828,5863
829,988
830,5344
830,9507
830,5252
830,7427
830,9798
830,8556
830,397
830,1422
830,275
830,8822
830,8186
830,3453
831,7704
831,5807
831,8116
831,3704
831,9722
831,2494
832,325
832,9543
832,556
832,9231
832,6257
832,3157
832,7642
833,8930
833,8133
833,3526
833,8102
833,9129
833,9130
833,9708
833,3949
833,7865
834,5666
834,6504
834,2057
834,938
834,7437
834,2901
834,4629
834,1176
834,444
835,6176
835,4842
835,588
835,1677
835,7664
835,1075
835,8406
835,3514
836,662
836,6227
836,4260
836,1486
837,2657
838,4108
838,303
838,3669
838,7383
838,8280
838,4089
838,1691
838,926
839,6704
839,6673
839,3169
840,5162
840,2331
841,3127
841,4783
842,6400
842,7776
842,3394
842,7239
842,3943
842,5518
843,896
843,8515
843,9733
843,870
843,2697
843,3756
843,7759
843,5653
843,6933
843,7198
844,1312
844,2290
844,4787
844,1273
844,8092
844,5182
845,1760
845,7758
845,4822
845,6870
845,6654
846,6950
846,5071
846,1903
846,1846
846,7359
847,2273
847,421
847,2502
847,8430
847,1809
847,6455
847,4895
848,3104
848,1580
848,2161
848,275
848,4603
849,5346
849,5214
849,3511
850,2503
850,6570
850,3853
850,1871
850,3377
850,4571
852,8839
852,3917
852,1302
852,472
852,1818
853,3779
853,3501
854,490
854,8934
854,8950
855,7531
855,7876
855,8758
856,7617
856,1672
856,6953
856,4399
856,5753
856,3125
856,9271
856,6617
856,2175
857,3595
857,7988
858,8669
858,5925
859,3185
859,3077
859,5542
859,8615
860,9602
860,1895
860,5127
860,6698
860,3727
860,2448
860,8115
860,4724
860,7518
860,4735
861,4449
861,963
861,4568
861,8625
861,2616
861,476
862,5777
862,7421
862,4150
862,4567
863,2531
863,8516
863,4550
863,2631
863,7884
863,2902
864,1756
864,8741
864,63
865,2561
865,5186
865,1733
865,7975
865,171
865,590
865,3229
866,7276
866,2826
866,5116
866,4094
867,1024
867,7523
867,4612
867,7174
867,7922
867,53
867,7958
867,573
867,9247
868,6441
868,2178
868,9722
868,5807
869,4068
869,4782
869,3854
869,1552
869,7951
870,2144
870,1763
870,1892
870,3556
870,1252
870,3046
870,4264
870,107
870,2034
870,9431
870,5084
870,4638
871,515
871,4234
871,9964
871,5489
871,5404
872,385
872,786
872,4932
872,8314
873,3744
873,8970
873,5091
874,5282
874,1443
874,9122
874,9223
874,9928
874,3175
874,9810
874,2649
874,634
874,9116
874,6557
875,3345
876,9441
876,2887
876,4169
876,6356
876,1974
876,8509
876,7551
877,3107
877,3876
877,4550
877,6546
877,8855
878,8865
878,2246
878,1584
878,9111
878,3192
879,2019
879,3817
879,3020
879,2062
879,4373
879,3674
879,7419
880,5440
880,485
880,7372
880,3760
880,9010
880,4339
880,7832
881,4194
881,5036
881,8850
881,8409
881,6748
881,7261
881,3678
881,2175
882,914
882,6230
883,9348
883,4805
883,8454
883,5520
883,7327
884,1541
884,4774
884,3085
884,925
884,5106
884,5047
884,3293
885,4352
885,9991
886,7555
886,6631
886,2344
886,9385
886,9035
886,8750
886,850
886,7829
886,3452
887,8684
887,7729
887,82
887,1267
887,895
888,2560
888,5559
888,3780
888,8389
888,5163
888,4143
888,5269
888,502
888,8695
888,4958
889,5000
889,7017
889,3052
890,419
890,2437
890,8357
890,4967
890,880
890,2482
890,8726
890,6654
890,7454
891,2585
891,1099
891,5846
892,8003
892,131
892,293
892,367
892,6511
892,23
892,6327
892,6493
892,9591
893,2464
893,2401
893,6211
893,2089
893,171
893,6575
893,6451
893,4310
894,7846
894,6697
894,8427
894,4494
894,504
894,5053
895,9538
895,5462
896,6017
896,1027
896,293
896,9004
896,6802
896,7639
896,9592
896,1051
896,8317
896,2461
897,9284
897,5994
897,3539
897,6873
897,1727
898,6016
898,3746
898,8780
898,2064
898,8563
898,8055
899,976
899,9723
899,1222
900,291
900,8483
900,9575
900,8924
900,1213
901,6273
901,3338
901,28
901,2791
902,5808
902,8192
902,1885
903,8258
903,5155
903,2760
903,7863
903,3147
903,1104
903,4727
903,1304
903,2905
903,3351
903,9273
904,8800
904,2280
904,8526
904,3636
904,3927
905,576
905,6306
905,5699
905,3044
905,9989
905,103
905,8979
905,7702
905,5468
905,1050
905,2748
905,2079
906,8963
906,8196
906,459
906,8875
906,2102
907,4850
907,8115
907,499
908,3178
908,5926
909,1377
909,777
909,9958
909,6927
910,4968
910,1480
910,1805
910,8274
910,1586
910,8150
910,4282
910,3452
910,4702
911,4258
912,9925
912,3846
912,8871
912,778
912,3787
912,814
912,5905
912,7444
912,8853
912,8958
913,354
913,4142
914,5509
914,9799
914,3504
914,2452
914,216
914,7257
914,6718
915,6536
915,7113
915,6002
915,9397
915,3287
915,792
915,4090
915,6907
916,2762
917,1577
917,5020
917,9260
917,8944
917,8786
917,3602
917,6935
917,2328
917,8795
917,2524
918,6788
918,2346
918,4141
918,750
918,3515
918,9151
919,5441
919,421
919,7399
919,264
919,649
919,2321
919,2932
919,5750
919,986
920,2593
920,3299
920,5639
920,5642
920,8019
920,405
920,8989
921,7394
921,6949
921,5894
921,1064
921,4910
921,2643
921,6902
921,2138
922,2752
922,161
922,9191
922,6260
922,3862
922,1112
922,7641
923,6820
923,1573
923,1380
923,1383
923,4423
923,2825
923,7341
923,2836
923,3253
923,7259
925,2282
925,6255
925,9649
925,8150
925,860
925,6494
926,8793
926,8026
926,6951
927,4555
927,9132
927,6258
927,276
927,313
928,6755
928,6024
928,1802
928,1676
928,6222
928,5939
928,1332
928,8565
928,6488
928,5532
928,5117
929,423
929,8683
929,2927
929,6421
929,4279
929,3482
930,2688
930,5963
930,492
930,144
930,1012
930,2872
931,679
931,4749
931,2392
931,827
931,2556
932,905
932,7845
932,9727
933,8328
933,682
933,3406
933,8312
933,8282
934,7236
934,663
934,5104
934,665
934,8341
934,6007
934,3097
934,2715
934,1726
935,5545
935,5140
936,1584
936,2477
937,7197
937,7719
938,8394
938,3308
938,3734
939,6944
939,9643
939,2995
939,2086
940,1669
940,2728
940,2542
940,2772
940,180
941,9064
941,7658
941,396
941,3279
941,81
942,7585
942,8708
942,4103
942,1001
942,9163
942,2382
942,4881
942,2325
942,1951
943,9379
943,8132
943,4485
943,455
943,7051
943,729
943,1273
943,8826
943,892
944,8288
944,3361
944,3881
944,2314
944,8307
944,9620
944,3188
944,726
944,4411
945,9282
945,2683
945,8497
945,7349
945,9368
945,7163
945,797
946,8932
946,8644
946,7717
946,2097
946,1626
946,443
947,9493
947,1591
949,7617
950,9856
950,2661
950,630
951,8554
951,6070
951,2822
952,1049
952,8819
952,420
952,9406
953,4449
953,4803
953,8230
953,7212
953,9167
953,3667
953,9652
953,7705
953,7806
955,782
955,1621
955,1238
955,6169
955,5887
956,5594
956,7995
956,9539
956,8659
957,5312
957,3776
957,8610
957,2566
957,4283
957,1907
957,23
957,5467
957,5565
958,5315
958,7910
958,1863
958,2472
958,7371
958,9452
958,7821
958,5422
958,4890
958,9598
959,3929
959,6858
959,8823
959,8063
960,6659
960,4388
960,1670
960,3783
960,9584
960,2995
960,2774
960,8638
961,1684
961,2701
962,2534
962,8329
962,6409
962,3986
962,5178
963,4667
963,3807
964,8571
964,2459
964,9133
965,5825
965,9363
965,1771
966,6442
967,889
967,7404
967,3926
967,9238
968,5414
968,326
968,6961
968,7574
968,7165
969,3496
969,7337
969,2601
969,3883
969,7701
969,826
969,5019
969,4381
969,3711
970,5539
970,395
970,8619
970,2866
970,7034
970,9982
971,4803
971,4964
971,101
971,747
971,9309
972,4832
972,609
972,9826
972,1044
972,1116
972,4767
973,7945
974,9697
974,5802
974,9644
974,2862
974,1685
974,3673
974,7070
974,2655
975,3712
975,1284
975,9672
975,456
975,4552
975,5262
975,8336
975,1970
975,8307
975,7861
975,9494
975,1375
976,521
976,8555
976,5653
976,5494
977,9476
977,586
977,4492
977,4432
977,5425
977,1907
977,155
978,224
978,4229
978,8300
978,6416
978,6550
979,3355
979,471
981,280
981,8483
981,2182
981,9132
981,8371
981,6548
981,4927
981,1875
981,7415
981,9144
981,4537
981,3835
981,8383
982,8224
982,4707
982,1701
982,5093
982,935
982,2703
982,566
983,2889
983,7972
983,9165
983,113
984,1907
984,9204
985,2000
985,6973
985,7526
985,5623
986,4378
987,8804
987,2911
987,8348
987,3038
987,6430
988,7122
988,3491
989,8582
989,4166
989,7541
989,4631
989,7415
990,5600
990,8993
990,6971
990,8288
990,5088
990,6794
990,3259
990,5457
990,981
990,1880
990,4411
990,798
991,6880
991,709
991,8806
991,2055
991,5737
991,4174
991,5618
991,9014
991,406
991,4986
992,6777
992,2178
992,9827
992,6158
993,4408
993,263
993,4556
993,5231
993,1238
993,5688
993,3609
993,412
994,6504
994,3539
994,371
994,7766
994,3927
994,1565
995,4902
995,1672
995,7593
995,1451
995,4974
995,4367
995,5555
995,7126
996,7753
996,4460
996,8627
996,4596
996,6387
996,8347
996,4636
997,8160
997,274
997,5072
998,6481
998,1265
999,3233
999,5283
999,1286
999,2345
999,6195
999,8862
1000,1992
1000,6319
1000,1490
1000,3927
1000,8127
1001,4406
1001,7586
1001,370
1001,1142
1002,2926
1003,2689
1003,4322
1003,580
1003,1285
1003,7844
1003,8518
1003,5520
1003,6768
1003,3057
1003,8784
1003,6297
1003,6363
1003,8220
1004,1481
1004,8620
1004,6261
1004,1836
1005,7436
1005,8781
1005,1362
1005,147
1005,7447
1005,763
1005,1150
1006,4348
1006,5941
1006,3247
1007,9896
1007,8873
1007,8946
1007,7159
1008,6241
1008,3335
1008,5769
1008,6667
1008,5516
1008,8790
1008,1272
1008,569
1008,5786
1009,8033
1009,322
1009,7301
1009,1094
1009,1957
1009,8143
1009,6832
1009,6360
1010,9513
1010,2795
1010,1167
1010,6705
1010,4822
1010,5468
1010,8830
1011,7235
1011,6024
1011,7414
1011,8951
1011,2040
1011,8986
1011,9947
1011,2719
1012,4803
1012,2411
1012,3639
1012,8696
1012,3578
1012,2363
1012,3518
1013,4296
1013,7157
1013,2037
1013,677
1014,2215
1014,4482
1014,50
1014,4951
1015,8006
1015,1770
1015,976
1015,81
1015,1975
1015,3611
1015,2014
1016,936
1016,6730
1016,3451
1016,247
1016,4987
1016,7228
1017,5569
1017,4412
1017,596
1018,6580
1018,5502
1018,8103
1019,18
1019,6492
1019,702
1019,8575
1020,8559
1021,7650
1021,4172
1021,6061
1021,6732
1021,5784
1021,8669
1021,5631
1022,2413
1022,2033
1022,6678
1022,4407
1022,1724
1023,3752
1023,6187
1023,3492
1024,6347
1024,9709
1024,8152
1024,7992
1024,1627
1024,1279
1025,6087
1025,4551
1025,1803
1025,1452
1025,8204
1026,5121
1026,2234
1027,4536
1027,2673
1027,8522
1027,9737
1028,4706
1028,3491
1028,5775
1028,5042
1028,8089
1029,5281
1029,4706
1029,8489
1029,8371
1029,8470
1030,6000
1030,2801
1030,1267
1030,2157
1031,4928
1031,7622
1031,7561
1031,6195
1031,2932
1032,7172
1032,6615
1033,7050
1033,8309
1033,7078
1033,2690
1034,2296
1034,5505
1034,2636
1034,4029
1035,6880
1035,5578
1035,5133
1035,8111
1035,6708
1035,5147
1036,9731
1036,2888
1036,8905
1036,908
1036,7660
1036,8366
1036,207
1036,6128
1036,2197
1036,22
1036,2232
1036,2168
1036,4413
1036,7070
1037,1888
1037,5250
1037,9191
1037,6866
1037,9746
1037,7678
1037,3999
1038,2665
1038,9676
1038,7475
1038,9560
1038,2783
1039,6372
1039,9512
1039,6412
1039,1647
1039,175
1039,2737
1039,5874
1039,8020
1039,8477
1039,926
1040,4296
1040,9835
1040,4365
1040,3861
1040,4505
1040,2332
1040,2431
1041,5315
1041,3077
1041,8006
1041,463
1041,2929
1041,6387
1041,212
1041,4821
1041,7158
1041,8475
1041,6013
1042,5766
1042,2663
1042,4491
1042,9740
1042,5358
1042,8246
1042,2940
1043,6432
1043,7266
1043,7656
1043,2922
1043,9713
1043,6966
1043,3007
1044,1248
1044,6809
1044,1095
1045,744
1045,4942
1045,1041
1045,9426
1045,274
1045,9588
1045,8117
1046,7683
1046,7050
1046,9204
1046,1495
1046,7322
1047,2487
1047,2817
1047,7463
1047,1806
1047,5776
1047,8113
1047,7026
1047,1424
1047,4471
1047,4602
1047,1627
1048,3904
1049,2129
1049,6258
1049,5029
1049,5350
1050,2726
1050,6631
1050,590
1050,8660
1050,3415
1050,731
1050,829
1051,7556
1051,1412
1051,7397
1051,4752
1051,8761
1052,9696
1052,73
1052,6187
1052,9841
1052,5682
1052,4953
1052,8381
1052,6974
1053,5224
1053,6356
1053,7094
1053,4262
1054,537
1054,4815
1054,5200
1054,692
1054,8921
1055,8804
1055,3301
1055,5318
1055,2407
1055,3781
1055,325
1055,6954
1055,8484
1055,1840
1055,4592
1055,9210
1055,8447
1056,6925
1056,1645
1056,4857
1056,1371
1056,5884
1057,5121
1057,6434
1057,7268
1057,1575
1057,4684
1057,3194
1057,6814
1057,6751
1058,6689
1058,8614
1058,1484
1058,4204
1058,6031
1058,9688
1059,7552
1059,6916
1059,5988
1059,5322
1059,3821
1059,4015
1059,2480
1059,1936
1059,6102
1059,5526
1059,860
1060,5339
1061,9477
1061,7271
1061,5457
1061,3505
1061,788
1061,1847
1061,7961
1062,902
1062,8137
1062,8682
1062,8524
1062,5740
1062,5777
1062,690
1062,8888
1063,9922
1063,6828
1063,6444
1063,5390
1063,1169
1063,9811
1063,6838
1063,183
1063,8888
1063,601
1064,9057
1064,9613
1064,2398
1065,393
1065,891
1065,8311
1066,7813
1066,5253
1066,2183
1066,4549
1066,7915
1066,9934
1066,3407
1066,3408
1066,3636
1066,1562
1067,6976
1067,2343
1067,4681
1067,5933
1067,8499
1067,2589
1068,2210
1068,8665
1068,3597
1068,8948
1068,2677
1068,2425
1068,6522
1069,257
1069,1154
1069,1032
1069,1289
1069,794
1069,61
1070,354
1070,7507
1070,9182
1071,9536
1071,7270
1071,9864
1071,7880
1071,3562
1071,9836
1071,5102
1071,4911
1072,4816
1072,4473
1072,4468
1072,4805
1073,1994
1073,1877
1074,7473
1074,8282
1074,2917
1075,5001
1075,6412
1075,6541
1075,8174
1075,4369
1075,5398
1075,1465
1075,6586
1075,5788
1075,1982
1076,3547
1076,9484
1076,7700
1077,8035
1077,3334
1077,7837
1077,8811
1077,3101
1078,3492
1078,7717
1078,2086
1078,8686
1078,5110
1078,4122
1079,1799
1079,6733
1079,6031
1079,1684
1079,8923
1079,1628
1079,957
1080,7137
1080,9857
1080,1732
1080,5061
1080,6761
1080,5195
1080,9100
1080,3090
1080,5720
1080,1308
1081,9713
1081,3421
1081,6367
1082,2263
1083,2336
1083,8738
1083,1570
1083,6596
1083,2437
1083,2088
1083,2380
1083,9684
1083,2072
1083,7707
1083,2044
1083,2941
1083,6654
1084,1608
1084,3442
1084,4048
1084,1410
1085,352
1085,6731
1085,9614
1085,9971
1085,4244
1085,8022
1085,854
1085,4668
1085,541
1086,6626
1086,1315
1086,7526
1086,1959
1086,8617
1086,4432
1086,8817
1086,9906
1086,5237
1086,4951
1086,5503
1087,2921
1087,8311
1088,3144
1088,6316
1088,1517
1088,9485
1088,9774
1088,5581
1088,6895
1088,2713
1088,8412
1089,35
1089,4547
1089,2245
1089,4423
1089,6418
1089,2900
1089,6911
1090,7680
1090,5984
1090,4513
1090,1384
1090,4584
1090,2581
1090,2838
1090,21
1090,9785
1090,3357
1091,8545
1091,613
1091,4326
1091,3950
1091,434
1091,8626
1091,5589
1091,5786
1092,9399
1092,3609
1092,6423
1093,8003
1093,2659
1093,2888
1093,8872
1093,8155
1094,6626
1094,8390
1094,6438
1094,8934
1094,5753
1094,6781
1095,1283
1095,3573
1095,2043
1096,7176
1096,8201
1096,3223
1096,4185
1096,2139
1097,2055
1097,6031
1097,8912
1097,7283
1097,56
1097,9758
1098,8352
1098,9122
1098,5698
1098,3844
1098,7618
1098,3632
1098,7414
1098,2550
1098,4222
1099,7169
1099,8129
1099,7178
1099,7700
1099,5462
1099,5815
1099,7414
1100,1972
1100,1724
1100,2886
1101,4868
1101,5415
1101,7436
1101,2477
1101,5208
1101,5373
1102,4450
1102,5093
1102,8869
1102,1606
1102,4586
1102,4364
1103,2756
1103,4965
1103,6026
1103,4461
1103,4496
1103,9560
1103,7163
1103,4095
1104,3809
1104,4293
1104,8534
1104,1647
1105,2787
1105,5642
1105,2763
1105,8523
1105,5113
1105,6143
1106,1932
1106,727
1107,1516
1107,1039
1108,2121
1108,9987
1108,935
1109,7844
1109,4708
1109,1287
1109,3147
1109,8499
1109,4532
1109,4122
1109,7262
1110,5696
1110,2560
1110,7011
1110,5125
1110,2663
1110,6377
1110,8845
1110,848
1110,3987
1110,9172
1110,9205
1110,3098
1110,540
1111,6310
1111,4681
1111,3693
1111,7095
1111,5240
1112,9505
1112,1125
1112,1421
1112,2067
1112,2037
1112,8025
1112,5850
1112,3038
1113,7960
1113,8937
1113,7147
1114,2222
1114,1719
1116,4928
1116,885
1117,36
1117,5990
1117,7513
1117,137
1117,5547
1117,3083
1117,9229
1117,4109
1117,3438
1117,4400
1117,4907
1117,1939
1117,1817
1117,7708
1117,5374
1117,7167
1118,704
1118,1977
1118,7948
1118,846
1119,636
1119,9989
1119,4394
1119,338
1119,8470
1119,2140
1120,2278
1120,8905
1120,6384
1120,4433
1120,4529
1120,4274
1120,2586
1121,1923
1121,3140
1121,1188
1121,7750
1121,7944
1121,4809
1121,5838
1121,8052
1121,5753
1121,3066
1121,2523
1122,712
1122,9946
1122,6442
1123,7002
1123,3515
1123,6789
1124,8409
1124,7569
1124,191
1125,65
1125,1734
1125,1451
1125,6608
1125,755
1125,3227
1126,1248
1126,6569
1126,9705
1126,8784
1126,7795
1127,263
1127,6827
1127,2450
1127,5557
1127,1528
1127,3003
1127,6845
1127,5406
1128,8194
1128,2756
1128,72
1128,2891
1128,3979
1128,8205
1128,9742
1128,9714
1128,5816
1128,2398
1129,3604
1129,7798
1130,1353
1130,7287
1130,313
1130,6875
1130,7965
1130,7486
1131,6854
1131,4359
1131,5746
1131,473
1131,2715
1131,2684
1131,6271
1132,7780
1132,8132
1132,870
1132,3094
1132,636
1132,8383
1133,7169
1133,387
1133,8842
1133,9387
1133,779
1133,1840
1133,3379
1133,8979
1133,7860
1133,5462
1133,3959
1133,9816
1133,635
1135,8674
1135,8261
1135,8869
1135,1065
1135,714
1135,860
1136,4418
1136,5777
1136,8570
1136,8124
1136,6366
1137,6082
1137,9512
1137,488
1137,811
1137,7853
1137,8048
1137,5585
1137,986
1137,348
1138,4929
1138,1191
1138,8075
1138,2894
1138,3087
1138,7888
1138,7507
1138,4437
1138,1366
1138,4444
1138,5821
1139,7680
1139,3970
1139,7012
1139,7526
1139,4551
1139,9330
1139,7830
1139,4410
1139,2555
1139,5916
1140,4043
1140,9116
1140,1830
1140,8431
1141,9346
1141,4137
1141,6573
1141,9039
1141,1423
1141,5649
1141,2324
1141,693
1141,6681
1141,7741
1141,1023
1142,8960
1142,9282
1142,7715
1142,2755
1142,4295
1142,9740
1142,6797
1142,6832
1142,2001
1142,4595
1143,833
1143,6115
1143,6372
1143,2348
1143,1805
1143,7630
1143,4598
1143,9718
1143,6327
1143,6519
1144,4640
1144,1252
1144,8773
1144,7912
1144,3982
1144,8413
1144,1628
1144,9533
1145,7712
1145,5989
1145,1222
1145,6571
1145,541
1145,6142
1145,8959
1146,910
1146,7444
1146,7834
1146,6586
1146,5886
1147,96
1147,3658
1147,9451
1147,7791
1147,1371
1147,6911
1148,995
1148,2832
1148,2647
1148,2521
1148,4634
1148,2237
1148,2686
1149,444
1149,7923
1149,2356
1149,3957
1150,8960
1150,3233
1150,8325
1150,5158
1150,9511
1150,4074
1150,6714
1150,6332
1150,5469
1151,6602
1151,2821
1152,6272
1152,6209
1152,67
1152,6346
1152,4650
1152,4438
1152,215
1153,1689
1153,8585
1153,1987
1153,1830
1154,9025
1154,3898
1154,565
1154,2894
1155,4259
1155,9865
1155,1387
1155,6446
1155,5649
1155,595
1155,4820
1155,2164
1155,9215
1156,7176
1156,8882
1156,7702
1157,9448
1157,4074
1157,2670
1157,2512
1157,5371
1157,1020
1157,3711
1158,3070
1158,3689
1158,9894
1158,1030
1159,4097
1159,515
1159,6723
1159,3269
1159,1992
1159,3400
1159,3338
1159,5096
1159,8012
1159,8339
1159,4663
1159,1816
1159,2301
1159,1597
1160,8895
1161,9988
1161,7143
1161,6888
1161,9960
1161,8904
1161,4890
1161,3261
1162,3616
1162,7745
1162,5576
1162,6762
1162,5515
1162,817
1162,7923
1162,5464
1162,9211
1162,1723
1162,2811
1163,2088
1164,1386
1164,4163
1164,4958
1164,9271
1165,3653
1165,8140
1165,2005
1165,2599
1166,6304
1166,289
1166,631
1166,330
1166,49
1166,5841
1166,9363
1166,6481
1166,3030
1166,7031
1167,3840
1167,8257
1167,5985
1167,8451
1167,389
1167,3688
1167,7017
1167,3883
1167,5516
1167,8044
1167,2543
1168,1440
1168,481
1168,1898
1168,5420
1168,6002
1168,7605
1168,3864
1169,1579
1169,6447
1169,343
1169,152
1169,9399
1169,3675
1170,7232
1170,1282
1170,7922
1170,3197
1170,1910
1170,9174
1170,1148
1170,4093
1171,4608
1171,5281
1171,7714
1171,3586
1171,1124
1171,4995
1171,5313
1171,6738
1171,6995
1171,7670
1171,9146
1171,4702
1172,7043
1172,2407
1172,8816
1172,5748
1172,6266
1172,3964
1173,8680
1173,136
1173,9645
1173,4593
1173,2868
1173,1236
1173,5658
1173,1435
1174,7394
1174,5384
1174,4106
1174,1898
1174,112
1174,2197
1174,5174
1174,3287
1174,9980
1175,4117
1175,998
1176,8034
1176,8164
1176,8710
1176,3883
1176,2028
1176,399
1176,2897
1176,8767
1177,7488
1177,8962
1177,8477
1177,2942
1178,801
1178,6179
1178,2780
1178,6504
1178,7690
1178,4753
1178,7506
1178,4438
1178,23
1178,2838
1178,8122
1178,9372
1178,7005
1178,8062
1179,2248
1179,8617
1179,3467
1179,5995
1179,4788
1180,6789
1180,967
1180,4007
1180,3275
1180,5803
1180,5584
1180,656
1180,61
1180,9403
1180,317
1180,3486
1180,2495
1181,9444
1181,6413
1181,8981
1181,8374
1181,6142
1182,1312
1182,4065
1182,7942
1182,1030
1182,7430
1182,8330
1182,4654
1182,9587
1182,7481
1182,8990
1183,1593
1183,7362
1183,6085
1183,3311
1184,3649
1184,9814
1184,3591
1185,6596
1185,260
1185,7732
1185,9945
1185,63
1186,5339
1187,6664
1187,1515
1188,1316
1188,9262
1188,4335
1188,2612
1188,7038
1189,5696
1189,8966
1189,4038
1189,7686
1189,7721
1189,2955
1189,2349
1189,77
1190,4520
1190,6442
1190,8335
1190,3924
1190,2968
1191,9033
1191,2908
1191,4813
1191,2935
1192,4234
1192,8149
1192,6367
1193,7101
1194,1185
1194,8167
1194,43
1194,3869
1194,7679
1195,3652
1195,135
1195,8744
1195,7665
1195,8853
1195,7772
1195,62
1196,1064
1196,4201
1196,9644
1196,6356
1196,2358
1196,5085
1196,8735
1197,4097
1197,1225
1197,202
1197,81
1197,6235
1197,5245
1198,1676
1198,3310
1198,2078
1198,7480
1198,4574
1199,1952
1199,290
1199,3522
1199,3525
1199,7434
1199,7500
1199,8753
1199,7224
1199,5946
1199,1821
1200,9825
1200,9954
1200,3
1200,3235
1200,2962
1201,1616
1201,7059
1201,1132
1201,1221
1202,8576
1202,5064
1202,4139
1202,8054
1202,151
1202,6681
1203,5821
1203,6767
1203,3123
1203,1466
1203,1821
1203,7294
1204,642
1204,7524
1204,5213
1204,5871
1205,6249
1205,1433
1205,5239
1206,6119
1206,3082
1206,9451
1206,2700
1206,3790
1206,9326
1206,9499
1206,3889
1206,1727
1206,3315
1206,4507
1206,628
1206,9945
1206,8219
1206,2111
1207,9541
1207,8071
1207,2984
1207,8746
1207,305
1207,2104
1207,4345
1209,2725
1209,4486
1209,3574
1209,7517
1209,1726
1210,5410
1210,5031
1210,6828
1210,5101
1210,2157
1210,5551
1210,1234
1210,6322
1210,3006
1210,3710
1211,928
1211,6785
1211,228
1211,2992
1211,2225
1211,6610
1211,437
1211,534
1211,6487
1211,2398
1213,3364
1213,2154
1213,4466
1213,307
1213,3348
1214,4419
1214,9894
1214,2856
1214,9579
1214,8909
1215,6272
1215,5433
1215,3108
1215,439
1216,5801
1216,4528
1216,1490
1216,6779
1216,3838
1217,96
1217,9063
1217,5195
1217,4332
1217,5260
1217,5647
1217,1937
1217,1873
1217,2835
1217,2996
1217,4793
1218,3846
1218,941
1218,719
1218,8819
1218,9269
1219,5397
1219,869
1220,2016
1220,2292
1220,895
1221,1832
1221,3566
1221,8023
1221,1149
1221,4446
1222,2117
1222,9452
1222,7245
1222,9753
1222,7901
1223,4809
1223,6864
1223,3325
1223,5306
1223,9469
1223,3902
1223,1310
1224,1009
1224,9363
1224,4372
1224,166
1225,3197
1225,9981
1226,3845
1226,5631
1226,1771
1226,7790
1226,8630
1226,7548
1226,6909
1226,7934
1226,1759
1227,7777
1227,4035
1227,1234
1227,9465
1227,1050
1227,5279
1228,3433
1228,7855
1229,642
1229,1321
1229,6577
1229,7573
1229,8822
1230,1549
1230,6958
1230,4558
1230,7988
1230,9722
1231,4706
1231,1487
1231,5264
1231,6383
1231,6007
1232,7992
1232,954
1232,5053
1232,4223
1233,8353
1233,1762
1233,9896
1233,43
1233,1649
1233,3026
1233,9074
1233,1844
1233,9242
1235,4224
1235,4515
1235,5540
1235,1161
1235,7819
1235,1007
1235,5263
1235,7704
1235,4314
1235,3933
1236,4482
1236,2468
1236,4207
1236,9298
1236,1138
1236,824
1236,4895
1237,8706
1237,3561
1237,3563
1237,173
1237,6610
1237,6963
1237,4950
1237,8157
1237,6847
1238,5383
1238,8397
1238,817
1238,2770
1238,2006
1238,1752
1239,2344
1239,8679
1240,877
1240,7134
1241,7180
1241,4525
1241,3857
1241,3666
1241,4153
1242,7612
1242,6196
1242,2518
1243,6051
1243,7790
1244,7373
1244,1612
1244,7405
1245,2885
1245,6217
1245,1579
1245,7309
1245,2803
1245,4346
1246,3392
1246,6526
1246,6217
1246,1738
1246,6988
1246,3150
1246,8052
1246,4342
1246,6270
1246,9982
1247,6818
1247,3428
1247,742
1247,9872
1247,1969
1247,1140
1247,8532
1248,5507
1248,8676
1248,7820
1248,7704
1248,5822
1249,744
1249,5870
1249,1775
1249,8211
1249,6836
1250,6560
1250,9665
1250,8104
1250,1104
1250,657
1250,6290
1250,3453
1250,9503
1251,798
1251,1335
1252,9592
1252,8163
1252,5372
1252,8221
1253,2208
1253,4869
1253,6797
1253,5182
1254,9348
1254,6087
1254,4233
1254,5581
1254,7024
1254,7666
1254,8406
1254,2328
1255,6302
1256,1114
1256,3637
1256,2132
1256,5829
1257,2876
1257,9966
1257,79
1257,9523
1257,2999
1257,5148
1257,9629
1258,7717
1258,1031
1258,199
1258,8945
1258,2453
1258,5942
1258,5404
1259,7010
1259,887
1259,3566
1259,1495
1260,6090
1260,8651
1260,1109
1260,1239
1260,3389
1261,8092
1262,2688
1262,2344
1262,4777
1262,488
1262,2417
1262,5138
1262,502
1262,6231
1262,701
1263,8707
1263,3726
1263,6324
1263,1140
1263,6397
1263,7966
1263,4541
1264,8131
1264,1958
1264,4755
1264,9879
1264,3739
1264,9276
1265,8001
1265,382
1265,774
1265,871
1265,9000
1265,5767
1265,3500
1265,7439
1265,688
1265,4052
1265,1941
1265,854
1265,7613
1265,9054
1266,3588
1266,9927
1266,8840
1266,2057
1266,9833
1266,6862
1266,3669
1266,7480
1266,7961
1267,8955
1267,9276
1268,4004
1268,3271
1268,5041
1268,8664
1268,5407
1269,4298
1269,8431
1269,7921
1269,2740
1269,4280
1269,1789
1270,6441
1270,8809
1270,4461
1270,7251
1270,4116
1270,8567
1270,6649
1271,1633
1271,4245
1271,3511
1271,2327
1272,2850
1272,5445
1272,745
1272,8971
1272,7090
1272,2877
1272,286
1273,2625
1273,1701
1273,9863
1273,2536
1273,8621
1273,270
1273,3375
1273,2061
1273,2829
1273,7346
1273,7185
1273,8276
1273,2422
1273,3736
1273,2585
1273,5627
1273,3740
1273,6941
1274,8188
1274,4717
1274,4894
1275,8648
1275,6496
1275,7523
1275,1636
1276,8409
1276,1579
1276,8293
1277,7721
1277,8274
1277,6505
1277,4757
1278,9761
1278,5448
1278,3344
1278,2480
1278,3601
1278,2139
1279,7340
1279,3053
1280,6337
1280,3347
1280,3718
1280,5583
1281,1345
1281,7405
1281,6007
1281,9087
1281,4607
1282,4729
1282,8242
1282,2069
1282,2917
1283,9072
1283,4140
1283,4318
1283,9479
1284,798
1285,8328
1285,3565
1285,6321
1285,9624
1285,6554
1285,7963
1285,2718
1286,2340
1286,2502
1286,423
1286,6953
1286,9453
1286,5582
1286,6991
1286,7407
1286,4122
1287,975
1288,3298
1288,4484
1288,4262
1288,5256
1288,5009
1288,8726
1288,3959
1288,9757
1288,3871
1289,8322
1289,3979
1289,4016
1289,4721
1289,5848
1289,6429
1289,2495
1290,7554
1290,166
1290,5861
1290,5870
1291,7718
1291,6728
1291,1320
1291,3822
1291,4315
1291,593
1291,1850
1291,9819
1291,4382
1292,7544
1292,9577
1292,5322
1292,1711
1293,4592
1293,6339
1293,8212
1294,4994
1294,6512
1294,6577
1294,4536
1294,7515
1295,6634
1295,1908
1296,2883
1296,4715
1296,591
1296,687
1296,3698
1296,4629
1297,4704
1297,6727
1297,7113
1297,652
1297,5297
1297,9047
1298,4598
1298,4101
1298,3974
1298,5590
1299,8801
1299,3739
1299,6045
1300,9648
1300,5579
1300,3684
1300,4246
1301,2851
1301,6859
1301,2638
1301,144
1301,9776
1301,2388
1301,8285
1301,666
1301,6301
1301,1406
1302,672
1302,7969
1302,5255
1302,1256
1302,5231
1302,5686
1302,1723
1302,9309
1303,5220
1303,2950
1303,8331
1303,145
1303,2131
1303,8854
1303,7862
1303,2747
1303,3711
1304,3841
1304,4246
1304,7974
1304,6571
1304,555
1304,5037
1304,5935
1304,4655
1304,9014
1304,832
1304,9542
1304,8400
1304,5074
1304,6119
1304,6773
1304,3573
1304,631
1304,3192
1304,5500
1305,6332
1305,2702
1305,2183
1306,9696
1306,9793
1306,8003
1306,2309
1306,296
1306,5705
1306,6872
1306,5972
1306,4536
1306,5852
1306,4511
1307,5923
1307,1059
1307,3941
1307,36
1307,2347
1307,8908
1307,3862
1307,8123
1308,4643
1308,1987
1308,7838
1308,653
1308,8243
1308,3541
1308,6686
1309,508
1309,77
1310,5280
1310,3016
1310,2283
1310,8780
1310,4144
1310,1169
1310,7763
1310,2965
1310,3519
1311,400
1311,6948
1311,1814
1311,9983
1312,96
1312,3941
1312,2283
1312,3981
1312,1487
1312,5461
1312,7094
1312,1980
1312,4926
1313,2271
1313,7719
1313,1193
1313,2909
1313,1407
1314,1704
1314,6250
1314,3181
1314,5738
1315,2658
1315,4934
1315,9993
1315,2316
1315,4524
1315,1904
1316,2660
1316,4614
1316,2119
1316,7020
1316,3085
1316,2287
1316,8730
1316,5211
1317,3470
1318,8161
1318,3431
1318,2250
1318,4846
1318,563
1318,8150
1318,7992
1318,1245
1318,894
1320,9985
1320,546
1320,2508
1320,7244
1320,721
1320,7900
1320,4253
1321,5376
1321,672
1321,4547
1321,5030
1321,4298
1321,8491
1321,2992
1322,1296
1322,1897
1322,153
1322,6828
1323,2912
1323,838
1323,118
1323,8279
1323,5949
1323,30
1324,8257
1324,1608
1324,7979
1324,7827
1324,6517
1324,8826
1326,9576
1326,4090
1326,1239
1327,287
1327,7496
1327,4329
1327,1293
1327,530
1327,4311
1327,5754
1327,9275
1327,8095
1328,4352
1328,2777
1328,5589
1329,8065
1329,4820
1329,7983
1330,3975
1330,8746
1330,7694
1330,2071
1330,5975
1330,9404
1331,9088
1331,5605
1331,1576
1331,2637
1331,2769
1331,1105
1331,8019
1331,6043
1331,4606
1331,3455
1332,2937
1332,1333
1333,2072
1333,3714
1333,9596
1333,3596
1334,4352
1334,9837
1334,6136
1334,6298
1334,7067
1335,8404
1335,7917
1335,2463
1337,9464
1337,4225
1337,8914
1338,3953
1338,1859
1338,879
1339,260
1339,1510
1339,4747
1339,3983
1339,563
1339,3516
1339,1404
1339,605
1340,4202
1340,422
1341,1601
1341,2883
1341,3046
1341,1418
1341,7181
1341,274
1341,499
1341,8500
1341,8917
1341,2229
1341,5847
1342,7588
1343,9829
1343,4456
1343,2313
1343,2987
1343,2225
1343,5308
1343,5822
1344,5929
1344,7157
1344,294
1345,8066
1345,1826
1345,9797
1345,1094
1345,2599
1345,6696
1345,6266
1345,6957
1345,1293
1345,6553
1345,3066
1345,4284
1345,3389
1345,958
1345,7199
1346,7504
1346,9667
1346,509
1346,7581
1347,6338
1347,4556
1347,3870
1347,2799
1348,6431
1348,8328
1348,2700
1348,5966
1348,7441
1348,5681
1348,5874
1348,5462
1348,7707
1348,8955
1349,3520
1349,5280
1349,2069
1349,8091
1349,2047
1350,8928
1350,7433
1350,713
1350,3622
1351,8611
1351,4196
1351,3782
1351,6824
1351,5773
1351,1105
1351,5460
1352,4512
1352,4422
1352,3787
1352,2731
1352,6897
1352,3770
1352,6847
1353,8802
1353,1870
1353,9712
1353,3441
1353,2937
1353,4218
1354,5190
1354,809
1354,5998
1354,1174
1354,7257
1355,8978
1356,100
1356,5
1356,772
1356,6641
1356,1877
1356,5493
1356,1116
1357,355
1357,9732
1357,7373
1357,8150
1358,416
1358,3489
1358,3019
1358,6226
1358,375
1358,1886
1359,97
1359,9700
1359,5767
1359,328
1359,1266
1359,5596
1360,2773
1360,5510
1361,7904
1361,9193
1361,3549
1362,3011
1362,5446
1362,4967
1362,5769
1362,2283
1362,4173
1362,8141
1362,5807
1362,1236
1362,3166
1362,7290
1362,3803
1362,3452
1362,2910
1363,323
1363,3524
1363,358
1363,5994
1363,1677
1363,4668
1364,7776
1364,3234
1364,763
1364,3831
1365,6412
1365,497
1365,6456
1365,7706
1365,3517
1366,3849
1366,8243
1366,3469
1366,5735
1367,3225
1367,5491
1367,6412
1367,12
1368,5808
1368,7061
1368,5525
1369,8256
1369,3331
1369,9092
1369,389
1369,8676
1369,2377
1369,9515
1369,2446
1369,2575
1369,4371
1369,9523
1369,5460
1369,7091
1370,1746
1370,3210
1370,3692
1370,94
1371,8018
1371,141
1372,2912
1372,5569
1372,8419
1372,5098
1372,6671
1372,1142
1372,5207
1373,4641
1373,4037
1373,2923
1373,2572
1373,9100
1373,8723
1373,5367
1373,9374
1375,240
1375,1077
1376,1538
1376,934
1376,1704
1376,1906
1376,4885
1376,8023
1376,4408
1376,2266
1376,5435
1376,7868
1378,5025
1378,8325
1378,7374
1378,4981
1378,6298
1379,1061
1379,8814
1379,8431
1379,6170
1379,8862
1380,2178
1380,6019
1380,8580
1380,5702
1380,8518
1380,2632
1380,3417
1380,8381
1380,9662
1381,3751
1381,136
1381,200
1381,8841
1381,2993
1381,8980
1381,2746
1382,1571
1382,3079
1382,7657
1382,2060
1382,7244
1382,1810
1382,5077
1382,4216
1382,154
1383,3652
1383,3942
1383,6382
1383,4121
1383,58
1384,2532
1384,1799
1385,4896
1385,9643
1385,9104
1385,4532
1385,2427
1386,8962
1386,3013
1386,3706
1386,9175
1386,9434
1386,6428
1387,7268
1387,1862
1387,9709
1387,2799
1387,2741
1387,4953
1387,4346
1387,4126
1388,5347
1389,5602
1389,10
1389,7440
1389,6549
1389,9975
1389,5724
1389,4253
1390,6537
1391,5857
1391,8098
1391,9923
1391,163
1391,3972
1391,6178
1391,493
1391,2992
1391,8848
1391,4562
1391,7198
1392,1898
1392,2570
1392,9355
1392,8830
1393,9190
1393,2985
1393,5994
1393,6089
1393,9488
1394,7874
1394,4357
1394,8102
1394,4074
1394,298
1394,3567
1394,975
1394,1810
1394,4050
1394,6771
1395,165
1395,8137
1395,7498
1395,9294
1395,2171
1395,4412
1396,7067
1396,923
1396,4607
1397,4833
1397,7683
1397,5991
1397,6632
1397,7181
1397,7797
1397,6973
1398,8707
1398,5735
1398,714
1398,657
1398,1842
1398,2035
1398,3729
1398,9590
1398,3385
1398,1052
1398,1341
1399,7883
1399,9839
1400,2018
1400,2404
1400,3627
1400,6610
1400,5558
1400,7418
1401,3792
1401,5913
1401,3529
1401,382
1402,4641
1402,5412
1402,7726
1402,1679
1402,2287
1402,5840
1402,3157
1402,2395
1402,3711
1403,5896
1403,3660
1403,3953
1403,1621
1403,4632
1403,7705
1404,9192
1404,6561
1404,3300
1404,959
1405,8865
1405,2954
1405,7220
1405,7685
1406,7819
1406,988
1406,8885
1406,1862
1407,2277
1407,7468
1407,303
1407,6831
1407,1745
1407,3508
1408,1626
1408,356
1408,277
1409,2137
1409,5569
1409,8427
1409,4601
1410,8235
1410,6412
1410,2233
1410,2714
1410,3711
1411,6705
1412,7076
1412,870
1412,4295
1412,7975
1412,6922
1412,4370
1412,9523
1412,9844
1412,819
1412,4948
1412,5652
1412,7413
1412,7258
1413,4569
1413,5116
1413,9157
1414,2329
1414,362
1415,7008
1415,3814
1415,1286
1415,7901
1415,4877
1415,4655
1415,6580
1415,53
1415,6039
1415,632
1415,9853
1416,7542
1416,7135
1417,7075
1417,3621
1417,5136
1417,8819
1417,4628
1417,5661
1418,3400
1418,5411
1419,7891
1419,3173
1419,1702
1419,7271
1420,9633
1420,3105
1420,933
1420,3068
1420,1742
1420,2319
1420,2801
1420,3858
1420,6329
1420,9980
1421,3690
1421,715
1421,1165
1422,9312
1422,9965
1422,7058
1422,1396
1422,7548
1422,7902
1423,7859
1423,3109
1423,1046
1423,1814
1424,8968
1424,7235
1425,1752
1425,1032
1425,3947
1425,2566
1426,7492
1426,7332
1426,2919
1426,2090
1426,4014
1426,3323
1426,3036
1426,6239
1427,1767
1427,2632
1427,2676
1427,5307
1427,831
1428,8100
1428,6886
1428,8968
1428,4938
1428,6539
1428,8812
1428,8240
1428,55
1428,5081
1429,7258
1429,4509
1429,2118
1430,2555
1430,2623
1431,9730
1431,3236
1431,8869
1431,5798
1431,2634
1431,8949
1431,1020
1432,2648
1432,7233
1432,2796
1432,1598
1433,3058
1433,1010
1433,420
1433,1149
1434,6624
1434,4353
1434,22
1434,31
1435,3898
1436,1316
1436,5108
1436,3701
1436,1494
1436,184
1436,2553
1436,27
1436,2333
1436,702
1437,4833
1437,2090
1437,3538
1437,7444
1437,8630
1437,5245
1437,2206
1438,5608
1438,7734
1439,7842
1439,8785
1439,9586
1439,8503
1440,7430
1440,7113
1440,7981
1440,7919
1440,5712
1440,924
1441,6144
1441,1907
1441,6839
1442,9895
1442,2215
1442,4173
1442,1552
1442,6518
1442,8568
1442,3550
1442,3167
1443,8188
1443,8973
1444,3382
1445,7552
1445,3271
1445,5639
1445,9255
1445,8371
1445,6227
1445,7478
1445,3063
1445,6556
1445,6014
1446,8220
1446,9357
1447,6800
1448,9154
1448,2188
1448,5101
1448,6163
1448,2393
1448,8957
1449,162
1449,8226
1449,7909
1449,6989
1449,8539
1449,4472
1449,5113
1449,2427
1449,510
1450,2658
1450,1859
1450,451
1450,6597
1450,5702
1450,8333
1450,8848
1450,7443
1450,2292
1450,7385
1450,4699
1450,3036
1450,9117
1450,159
1451,3680
1451,6915
1451,4804
1451,6217
1451,8907
1451,7541
1451,8025
1451,4861
1452,4330
1452,5069
1453,2858
1453,4636
1454,8945
1454,6663
1454,1149
1454,7383
1455,7276
1455,7468
1455,53
1455,6809
1455,1818
1456,5393
1456,516
1457,4139
1457,8493
1457,1845
1457,1495
1457,2809
1457,8509
1458,4952
1459,8034
1459,9478
1459,6638
1459,6229
1459,2138
1460,1545
1460,5419
1460,659
1460,5341
1461,7811
1461,4487
1461,1992
1461,8300
1461,1420
1461,3182
1461,3154
1461,3508
1461,2357
1461,8152
1461,7039
1462,2657
1462,4134
1462,2495
1462,9677
1462,8749
1462,9874
1462,5654
1462,6201
1462,8799
1463,5604
1463,235
1463,7470
1463,143
1463,9301
1463,7128
1464,6509
1464,3025
1464,4338
1464,6131
1464,8575
1465,6510
1465,4270
1465,3824
1465,401
1465,5490
1465,8404
1465,117
1465,373
1465,599
1465,4247
1465,4988
1466,7104
1466,7432
1466,1580
1466,2765
1466,5467
1466,5628
1466,9022
1467,2641
1467,7801
1467,2331
1468,9665
1468,9668
1468,4261
1468,6760
1468,8074
1468,3338
1468,4364
1468,2538
1468,3831
1468,6040
1468,6492
1468,6845
1469,2225
1469,6278
1469,6062
1469,8303
1470,5673
1470,6794
1470,4601
1470,157
1471,1187
1471,6382
1472,5377
1472,7414
1472,3287
1473,4255
1473,1057
1473,162
1473,8807
1473,1362
1473,6610
1473,9783
1473,986
1473,3805
1473,6527
1474,3108
1474,5927
1474,5386
1474,3215
1474,6416
1474,6833
1474,8786
1474,8051
1474,6936
1475,8563
1475,3547
1476,6944
1476,8424
1476,4303
1476,8368
1476,4338
1476,2262
1476,3551
1477,1447
1477,1616
1477,3476
1477,6968
1477,5471
1478,4049
1478,3946
1478,8899
1479,4425
1479,5162
1479,5491
1479,2766
1480,2119
1480,8015
1480,83
1480,5141
1480,313
1480,3994
1480,4091
1480,3454
1482,226
1482,3946
1482,1970
1482,946
1482,5654
1482,6040
1482,1502
1483,5321
1483,3787
1483,7406
1483,407
1483,8058
1483,3164
1484,3968
1484,379
1484,5735
1485,3822
1485,4243
1485,6456
1485,3801
1485,6106
1486,4545
1486,6083
1486,7406
1486,5972
1486,8313
1487,3880
1487,1288
1487,1738
1487,5246
1487,1614
1487,3959
1487,2266
1487,190
1488,5672
1488,7649
1488,7306
1488,8921
1489,45
1489,5135
1489,1366
1489,2781
1489,9918
1490,8579
1490,4043
1490,7692
1490,7950
1490,5942
1490,24
1491,6144
1491,6661
1491,7143
1491,938
1491,4619
1491,7499
1491,2061
1491,3438
1491,5911
1491,6865
1491,2103
1491,6715
1491,383
1492,1254
1492,4041
1492,6225
1492,8145
1492,7737
1493,8644
1493,3206
1493,6601
1493,2218
1493,1995
1493,6065
1493,1461
1494,3428
1494,2951
1494,8784
1494,6680
1494,5756
1494,8797
1494,5630
1494,1375
1495,1723
1495,6702
1495,1311
1496,420
1496,5188
1496,3947
1496,1163
1496,8175
1496,8181
1496,2711
1496,9820
1497,5604
1497,8816
1497,3346
1497,7922
1497,6902
1497,1240
1497,6685
1497,5087
1498,8769
1498,677
1498,710
1498,682
1498,6701
1498,7983
1498,7091
1498,3097
1499,2565
1499,3015
1499,3373
1499,2289
1499,8950
1499,9501
1499,5215
1500,9917
1500,7222
1501,3957
1502,6409
1502,2634
1502,8228
1502,6911
1503,3206
1503,2919
1503,9799
1503,592
1503,8657
1503,3671
1503,3672
1503,7003
1503,1758
1504,5924
1504,5189
1504,3269
1504,3385
1504,297
1504,8203
1504,5484
1504,9044
1504,5113
1504,9276
1505,7017
1505,819
1505,6644
1505,7177
1506,3202
1506,2978
1506,3533
1506,4110
1506,9967
1506,4113
1506,6866
1506,5525
1506,3351
1506,8856
1506,5786
1506,3772
1506,7679
1507,1223
1507,1325
1507,8814
1507,1582
1507,2192
1507,1329
1507,2612
1507,6069
1507,9534
1508,1953
1508,7425
1508,3139
1508,549
1508,8070
1508,2791
1508,202
1508,5612
1508,6063
1508,4240
1508,723
1508,473
1508,9725
1509,672
1509,5601
1509,5153
1509,4205
1509,5780
1509,7326
1510,3768
1510,7478
1510,2679
1511,5642
1511,5486
1511,8782
1511,1934
1511,4273
1511,2523
1512,4161
1512,4901
1512,8806
1512,2922
1512,7476
1512,7480
1512,7770
1513,641
1513,4914
1514,800
1514,1505
1514,9890
1514,6150
1514,9869
1514,1395
1514,2549
1514,1049
1514,5114
1515,5728
1515,2349
1515,342
1515,8985
1515,6911
1516,4452
1516,865
1516,7900
1516,4524
1517,1120
1517,8297
1517,6210
1518,6055
1518,8775
1518,2224
1518,7155
1518,7285
1518,4375
1518,9560
1518,7257
1518,3036
1518,5470
1519,1472
1519,6765
1519,5485
1519,9101
1519,7287
1520,6170
1520,3272
1520,2378
1520,7242
1520,23
1520,6874
1521,5186
1521,391
1521,3054
1521,9238
1521,2647
1521,438
1521,1501
1522,8543
1522,9327
1522,2992
1522,4978
1522,8575
1523,6016
1523,8417
1523,1635
1523,9700
1523,6952
1523,649
1523,7306
1523,9839
1524,1960
1524,8522
1524,2507
1524,2924
1524,142
1524,335
1524,7247
1524,8017
1524,5881
1524,4505
1525,7066
1525,5629
1526,114
1526,3109
1527,5092
1527,2310
1527,871
1527,9545
1527,4459
1527,881
1527,5202
1527,2420
1527,441
1527,8316
1528,9217
1528,3304
1528,9359
1528,2992
1528,3673
1528,5751
1528,2201
1529,4072
1529,6603
1529,6445
1529,6576
1530,8507
1530,978
1530,8057
1530,155
1530,2014
1531,6024
1531,4680
1531,6636
1531,2162
1531,2389
1531,1112
1531,5723
1531,767
1532,4196
1532,3428
1532,774
1532,8999
1532,3018
1532,5105
1532,4114
1532,5681
1532,8570
1532,5083
1532,5149
1533,3363
1533,6438
1533,5414
1533,6313
1533,2797
1533,6992
1533,6512
1533,1779
1533,6771
1533,5558
1533,3094
1533,5209
1533,2235
1533,5214
1533,447
1534,618
1534,5799
1535,8725
1535,1503
1536,8871
1536,3815
1536,7625
1536,7113
1536,3213
1536,4310
1536,5113
1536,9146
1536,7805
1537,6752
1537,9545
1537,2925
1537,7791
1537,9872
1537,1140
1537,7928
1537,1116
1538,9728
1538,1314
1538,933
1538,2591
1538,1037
1538,5715
1538,1940
1538,8599
1538,8155
1538,3423
1539,9640
1539,8113
1539,2635
1539,5620
1540,6804
1540,2426
1540,8250
1540,871
1541,3265
1541,3618
1541,3878
1541,1225
1541,4363
1541,1205
1541,7451
1542,3113
1542,3018
1542,9220
1542,7103
1543,3850
1543,8332
1543,6321
1543,3507
1543,6932
1543,7961
1543,9567
1544,8197
1544,6439
1544,8363
1544,3371
1544,4238
1544,9872
1544,369
1544,18
1545,2057
1545,3119
1545,399
1546,4530
1546,4533
1546,9238
1547,3584
1547,9665
1547,4450
1547,3299
1547,4997
1547,71
1547,2765
1547,237
1547,2078
1547,31
1548,1256
1548,9398
1548,6087
1549,7748
1549,4346
1549,1322
1549,7471
1549,4529
1549,8469
1549,3350
1549,8442
1549,7421
1549,3519
1550,5344
1550,7520
1550,5217
1550,518
1550,9799
1550,7369
1550,8410
1550,4560
1550,7089
1550,6039
1550,2458
1551,3072
1551,6052
1551,4132
1551,4681
1551,7447
1551,5561
1552,4515
1552,5924
1552,2289
1552,6167
1552,382
1553,1029
1553,5638
1553,7144
1553,8777
1553,4396
1553,1037
1553,1427
1553,8372
1553,4086
1553,8954
1553,1914
1554,6465
1554,9979
1554,7082
1554,8586
1554,8315
1554,1791
1555,636
1555,4833
1555,8609
1555,2496
1555,7556
1555,5126
1555,4006
1555,8041
1555,7854
1555,8785
1555,2964
1555,3767
1555,1528
1555,4380
1556,6946
1556,8360
1556,8392
1556,4528
1556,1016
1557,5656
1557,1867
1557,2267
1558,1281
1558,2915
1558,5479
1558,2767
1558,3029
1558,1015
1558,4702
1559,449
1559,1991
1559,6537
1559,3626
1559,2092
1559,7660
1559,5757
1560,9800
1560,7125
1561,6529
1561,7785
1561,4813
1561,1879
1561,6767
1561,6227
1561,3348
1561,1238
1561,1079
1561,1118
1562,1371
1562,1997
1563,185
1563,7828
1563,4661
1563,1785
1563,6558
1564,5664
1564,6721
1564,6434
1564,3522
1564,5987
1564,6192
1564,340
1564,6518
1564,5398
1564,3286
1564,7481
1565,8935
1565,2059
1565,4016
1565,7922
1565,5331
1565,2770
1565,9397
1565,1624
1565,1113
1565,2237
1565,991
1566,8486
1566,8008
1566,8617
1566,5710
1566,9618
1566,6611
1567,6684
1567,2389
1568,7040
1568,4675
1568,616
1568,2511
1568,8689
1568,1338
1568,6878
1569,4516
1569,7204
1569,1768
1569,4369
1569,4344
1570,3883
1570,5171
1570,8605
1571,5496
1571,5957
1571,6214
1571,3646
1571,6388
1571,6612
1571,663
1571,4216
1571,6846
1572,3008
1572,4165
1572,4167
1572,6386
1572,8180
1572,1367
1572,1081
1572,28
1572,2845
1573,3620
1573,2471
1573,1064
1573,429
1573,5710
1573,2808
1573,4249
1573,3133
1574,2692
1574,2980
1574,7786
1574,811
1574,4175
1574,5528
1574,4636
1575,5698
1575,7652
1575,6473
1575,5370
1575,8758
1575,3675
1575,155
1575,8926
1576,8882
1576,277
1576,3422
1576,925
1577,2307
1577,5879
1577,4077
1577,6353
1577,7383
1577,2393
1577,1436
1577,1277
1577,1596
1577,8415
1578,5042
1578,5900
1578,5277
1580,7824
1580,4201
1580,210
1580,2838
1581,240
1581,5913
1581,6026
1581,3858
1582,581
1582,1084
1582,9717
1582,727
1583,1792
1583,7972
1583,1862
1583,456
1583,3499
1583,3510
1583,5503
1584,8600
1584,640
1584,3230
1585,441
1585,1329
1585,7747
1586,6726
1586,8137
1586,6473
1586,8396
1586,8240
1586,5238
1586,3159
1586,2492
1587,8992
1587,2506
1587,6443
1587,3054
1587,9944
1587,2225
1587,7539
1587,1142
1587,2776
1587,667
1587,4060
1587,8765
1588,8512
1588,527
1588,5619
1588,537
1588,1082
1589,3376
1589,4634
1589,9099
1590,1695
1590,7707
1590,8494
1590,231
1591,8617
1591,8681
1591,361
1591,7418
1591,8412
1592,4140
1592,8494
1593,7624
1593,5273
1593,4123
1594,5569
1594,8354
1594,8515
1594,3366
1594,6060
1594,9260
1594,4844
1594,8753
1594,5590
1594,9879
1594,8606
1595,2528
1595,8711
1595,3120
1595,6934
1595,9947
1596,3651
1596,835
1596,1318
1596,5739
1596,527
1596,2003
1596,3542
1596,2557
1597,2887
1598,5281
1598,1606
1598,2695
1598,7757
1598,4147
1598,1465
1598,9085
1599,858
1599,52
1600,2463
1601,3264
1601,1154
1601,2978
1601,4170
1601,1682
1601,2035
1601,4092
1602,1856
1602,7650
1602,8706
1602,1636
1602,4551
1602,3080
1602,4937
1602,4749
1602,3150
1602,7345
1602,2198
1603,5120
1603,5560
1603,8998
1603,294
1603,5097
1603,3914
1603,3377
1603,498
1603,3154
1603,8949
1603,5272
1603,8186
1603,6232
1603,5340
1603,221
1603,190
1604,9188
1604,7239
1604,3949
1604,1810
1604,6610
1604,2612
1604,2170
1604,3644
1604,2047
1605,5097
1605,4055
1606,7090
1606,4508
1607,3946
1607,7500
1607,5591
1607,7802
1607,5948
1607,6494
1608,408
1608,939
1609,5184
1609,5613
1609,6096
1609,9332
1609,7318
1609,188
1610,6497
1610,772
1611,6721
1611,7684
1611,3847
1611,9739
1611,8077
1611,5695
1612,484
1612,7876
1612,7014
1612,5191
1612,5323
1612,7442
1612,4341
1612,8058
1613,5696
1613,1544
1613,129
1613,4289
1614,2732
1614,8396
1614,3606
1615,1295
1615,6674
1615,566
1615,9687
1615,3032
1615,3549
1616,1968
1616,7585
1616,6588
1616,2561
1617,4032
1617,4096
1617,9321
1617,6410
1617,2733
1617,5167
1617,7826
1617,628
1617,7832
1617,2907
1618,1499
1619,1480
1619,1362
1619,4691
1619,3347
1619,5045
1619,599
1620,8896
1620,9280
1620,4559
1620,8113
1620,7571
1620,7509
1621,258
1621,5730
1621,317
1621,1366
1622,1195
1622,7538
1622,7827
1622,6422
1622,7448
1622,7995
1622,9214
1623,5915
1623,9218
1623,7141
1623,4486
1623,7195
1623,360
1623,587
1623,2030
1623,8054
1623,726
1623,2139
1624,81
1624,9986
1624,2291
1624,7381
1625,5089
1625,9633
1625,3751
1625,2702
1625,2480
1625,5877
1625,6934
1625,635
1625,1822
1626,2276
1626,134
1626,874
1626,8748
1626,7087
1627,2074
1627,1677
1627,2575
1627,5108
1627,7831
1627,4602
1627,4639
1628,3328
1628,7745
1628,4071
1628,8522
1628,2681
1629,6081
1629,5348
1629,5860
1629,9480
1629,2316
1629,9298
1629,6803
1629,5467
1629,5331
1629,2548
1629,4120
1629,1435
1630,8897
1630,3976
1630,7787
1630,3155
1630,9881
1631,3643
1631,2299
1631,980
1631,8268
1632,768
1632,7248
1632,8113
1632,6613
1632,5751
1632,9979
1632,8317
1632,7774
1633,7266
1633,2949
1633,2088
1633,7660
1633,2605
1633,3959
1633,6770
1633,1887
1633,8663
1633,4543
1634,2804
1634,8855
1635,7319
1635,6551
1635,2085
1635,8854
1635,5239
1635,3384
1635,5151
1636,5988
1636,3110
1636,2599
1636,4459
1636,8269
1636,7313
1636,2806
1636,7801
1636,1565
1637,7275
1637,7863
1637,7769
1637,8347
1637,6142
1638,555
1638,3701
1639,3426
1639,3718
1639,5324
1639,3596
1639,2830
1639,4922
1639,6911
1640,1464
1640,5426
1640,1811
1640,1286
1641,6054
1641,2919
1641,8906
1641,6602
1641,3541
1641,4151
1641,5847
1641,6744
1641,8478
1642,313
1642,8626
1642,4677
1642,8049
1643,5411
1643,1413
1643,870
1643,3468
1643,6480
1643,8017
1643,2897
1643,9560
1643,703
1644,8488
1644,6322
1644,6094
1644,1959
1646,864
1646,2536
1646,5996
1646,8722
1646,9300
1646,4248
1646,8829
1646,9918
1646,8159
1647,6058
1647,2127
1647,468
1647,5588
1647,984
1648,6466
1648,4389
1648,2445
1648,9613
1648,8895
1648,2707
1648,4216
1648,6207
1649,7750
1649,264
1649,2985
1649,6572
1649,6937
1649,5597
1650,1596
1650,4269
1650,598
1650,7399
1651,673
1651,2307
1651,1155
1651,5674
1651,5649
1651,8211
1651,861
1652,8817
1652,4371
1652,3790
1653,6700
1653,7800
1653,6640
1653,9234
1653,5235
1653,7384
1653,3358
1654,1704
1654,8825
1654,5936
1654,8238
1655,256
1655,9094
1655,2151
1655,5290
1655,5004
1655,1651
1655,3642
1656,7789
1656,1743
1656,9133
1656,4655
1657,772
1657,4040
1657,6409
1657,7789
1657,9717
1657,2743
1657,6301
1658,385
1658,866
1658,1667
1658,1864
1658,9897
1658,1226
1658,2188
1658,3833
1658,6075
1658,7133
1658,447
1659,4864
1659,8100
1659,1286
1659,4040
1659,7087
1659,5200
1659,4728
1659,9434
1659,5789
1660,5536
1660,7745
1660,9698
1660,7300
1660,3658
1660,4473
1661,3969
1661,8005
1661,166
1661,1899
1661,7505
1661,8082
1661,3096
1661,2843
1661,9917
1661,6878
1662,1133
1662,5363
1662,2643
1662,3895
1662,3287
1663,3236
1663,4873
1663,8366
1663,8562
1663,8149
1663,7510
1663,8214
1663,1432
1664,5306
1665,9208
1665,884
1665,1119
1665,6583
1666,2304
1666,7203
1666,9251
1666,6085
1666,4880
1666,4211
1666,4697
1666,4220
1667,272
1667,2705
1667,6900
1667,468
1667,2776
1667,2269
1667,9983
1668,8580
1668,5519
1668,7987
1668,3795
1668,6781
1669,8226
1669,6028
1669,342
1669,2298
1669,7039
1670,3013
1670,4426
1670,1976
1670,7928
1670,701
1671,455
1671,1191
1671,6571
1671,9996
1671,849
1671,1682
1671,5692
1672,4258
1672,5
1672,1990
1672,4359
1672,4824
1672,5272
1672,2874
1672,9342
1673,6371
1673,7847
1673,842
1673,3276
1673,1434
1673,2845
1673,8062
1674,4992
1674,1130
1674,4302
1674,5683
1674,9302
1674,4729
1674,1146
1674,5788
1674,3070
1675,8830
1676,1824
1676,6849
1676,4899
1676,7045
1676,5134
1676,5753
1676,5397
1676,6679
1676,6585
1676,6975
1677,4023
1677,6570
1677,2231
1678,2799
1679,5415
1679,7626
1679,266
1679,1099
1679,144
1679,8468
1679,441
1680,1185
1680,3235
1680,3141
1680,7791
1680,3376
1680,6546
1680,2194
1680,3188
1680,8470
1680,921
1680,5371
1681,8167
1681,6795
1681,3091
1681,9911
1681,6716
1682,8737
1682,6179
1682,5188
1682,8867
1682,7403
1682,6191
1682,3892
1682,1302
1682,9526
1682,6525
1683,800
1683,5088
1683,6469
1683,7854
1683,242
1683,3865
1684,6160
1684,5129
1684,827
1684,4809
1685,8524
1685,174
1685,3856
1685,7603
1685,4054
1685,4765
1686,2694
1687,432
1687,4464
1687,6937
1687,8187
1687,2079
1687,2237
1687,3614
1687,3071
1688,5931
1688,4524
1688,2229
1688,5846
1688,9782
1688,120
1688,7195
1688,2879
1689,2876
1689,1386
1689,560
1689,19
1689,7644
1690,704
1690,4545
1690,6528
1690,2721
1690,492
1690,787
1690,1340
1691,4936
1691,4651
1691,8524
1691,8015
1691,146
1692,4806
1692,1737
1692,2378
1692,3114
1692,1593
1692,4822
1692,3926
1692,8089
1692,3485
1692,5279
1693,9543
1693,972
1693,7251
1693,8692
1693,375
1693,2521
1694,304
1694,7393
1694,6706
1694,3990
1696,5432
1696,273
1696,6555
1696,6064
1697,1145
1697,4359
1697,9622
1697,5913
1697,3005
1697,766
1698,7525
1698,3430
1698,5771
1698,8556
1698,216
1699,7200
1699,3
1699,8967
1699,8519
1699,8457
1699,8311
1699,9657
1700,6626
1700,2781
1702,4828
1702,8940
1702,8614
1703,3816
1703,2857
1703,553
1703,5672
1703,1962
1703,4237
1703,4335
1703,4785
1703,5203
1703,4340
1703,5178
1703,1660
1703,8575
1704,5192
1704,2570
1704,5963
1704,2199
1704,4219
1705,6056
1705,9010
1705,3774
1705,663
1706,6724
1706,4489
1706,8141
1706,5360
1706,6781
1707,2215
1707,4787
1707,6068
1707,565
1707,6293
1707,7736
1707,5117
1707,8607
1708,6832
1708,2420
1709,8165
1709,424
1709,3693
1709,2701
1709,3224
1709,7001
1710,1669
1710,7883
1710,300
1710,9588
1710,4788
1710,5368
1710,2298
1711,1869
1711,5582
1711,5498
1711,9008
1711,1649
1711,9328
1711,9172
1711,1112
1711,3353
1711,4826
1712,4898
1713,203
1713,4574
1713,7799
1714,9826
1714,642
1714,9734
1714,8391
1714,5006
1714,4980
1714,5844
1714,5689
1714,4538
1715,6722
1715,68
1715,8004
1715,7207
1715,2940
1715,6585
1715,2170
1715,7132
1716,5223
1716,7051
1716,1580
1716,6413
1716,2571
1716,8369
1716,5364
1716,4948
1717,9028
1717,4941
1717,1716
1717,757
1717,7416
1717,1273
1717,8223
1718,4676
1718,5797
1718,3366
1718,3176
1718,2955
1718,6124
1718,7375
1718,8944
1718,3157
1718,3319
1718,8632
1718,7802
1718,6203
1718,5946
1718,5533
1718,1983
1719,7618
1719,5038
1719,7342
1719,4634
1719,7131
1719,4220
1719,2589
1719,4351
1720,7915
1720,4883
1720,8152
1720,8123
1720,6462
1721,2396
1721,5366
1721,3455
1722,6433
1722,6335
1722,552
1722,5226
1722,6071
1722,7576
1722,3929
1722,5631
1723,5185
1723,4481
1723,9957
1723,550
1723,7118
1723,4346
1723,5821
1723,4863
1724,6277
1724,4744
1724,5388
1724,1208
1724,4444
1724,4862
1726,2201
1726,4876
1726,2352
1726,3728
1726,562
1726,5684
1726,9977
1726,8155
1727,128
1727,4779
1728,5696
1728,4098
1728,8070
1728,4750
1728,4762
1728,1116
1728,7806
1729,5088
1729,6209
1729,5210
1729,9740
1730,8016
1730,7445
1730,7254
1731,2625
1731,8299
1731,8268
1731,7985
1731,3255
1731,6552
1731,7898
1731,1086
1732,1441
1732,2066
1732,3449
1733,7993
1733,9450
1733,1935
1734,1368
1734,7329
1734,5620
1735,8385
1735,165
1735,5929
1735,8106
1735,6281
1735,2163
1735,5491
1735,3188
1735,5401
1735,7706
1736,1584
1736,4410
1737,623
1738,3010
1738,8377
1738,9797
1738,3976
1738,6479
1738,9009
1738,5435
1738,4949
1738,53
1738,5622
1738,3865
1738,6747
1738,956
1739,5633
1739,1377
1739,6628
1739,937
1739,3531
1739,9975
1739,1912
1739,1207
1740,272
1741,5156
1741,8806
1741,6344
1741,3151
1741,6907
1742,2315
1742,1556
1743,7364
1743,4078
1743,1903
1744,1001
1744,4233
1744,6636
1744,4268
1744,1326
1744,5134
1744,4397
1744,3604
1744,5146
1744,2875
1744,4669
1745,6625
1745,3171
1745,294
1745,2927
1745,7953
1746,7259
1746,5068
1746,6853
1746,7597
1747,3629
1747,7413
1748,1448
1748,5673
1748,3474
1748,2132
1749,4234
1749,4099
1749,8380
1750,706
1750,1572
1750,8871
1750,6124
1750,5330
1750,7830
1750,5277
1751,1499
1751,4739
1751,8158
1751,8351
1752,7129
1752,5187
1753,2657
1753,6371
1753,2616
1753,9914
1753,285
1754,4192
1754,9217
1754,1417
1754,5103
1754,6512
1754,2128
1754,9235
1754,5852
1754,2015
1755,9349
1755,3851
1755,4877
1755,9618
1755,8756
1755,9814
1756,353
1756,8295
1757,5200
1758,1907
1758,4694
1758,1566
1759,6888
1759,5410
1759,9867
1760,360
1760,6122
1760,8172
1760,2291
1760,5849
1760,7289
1760,8349
1760,2814
1761,7893
1761,3518
1761,9735
1762,2561
1762,6785
1762,6668
1762,3213
1762,246
1762,314
1763,3849
1763,2891
1763,428
1763,8173
1763,6767
1763,274
1763,1427
1763,7093
1763,732
1763,6014
1763,4799
1764,3841
1764,516
1764,2821
1764,3622
1764,4327
1764,6502
1764,686
1764,3896
1764,7219
1764,4568
1764,4889
1765,6231
1767,6706
1767,4618
1767,4149
1767,3267
1768,6676
1768,8204
1768,5389
1768,9038
1769,3840
1769,3362
1769,7912
1769,7660
1769,1103
1769,9871
1769,1846
1769,9019
1769,959
1770,5317
1770,8934
1770,6378
1770,4527
1770,6608
1770,2611
1770,7476
1770,1973
1771,6432
1771,4225
1771,7779
1771,6180
1771,7718
1771,2119
1771,2578
1771,4436
1771,214
1771,9239
1771,4824
1771,7550
1772,9034
1772,6709
1772,6189
1772,1583
1773,8440
1773,8242
1773,3189
1774,256
1774,6944
1774,7008
1774,4732
1774,7913
1774,9899
1774,1355
1774,335
1774,338
1774,533
1774,277
1774,5884
1775,323
1775,2948
1775,614
1776,4
1776,1960
1776,9674
1776,3087
1776,7057
1776,8146
1776,7218
1776,9691
1776,5499
1776,7068
1777,5713
1777,9330
1777,3386
1777,2107
1777,8607
1778,2184
1778,8846
1778,6865
1778,6674
1778,5117
1779,9284
1779,1932
1779,530
1779,9139
1779,4372
1779,6166
1779,4889
1779,6268
1780,3237
1780,2917
1780,8646
1780,8520
1780,7527
1780,8111
1780,2704
1780,3410
1781,4234
1781,4075
1781,1420
1781,6635
1781,1454
1781,8173
1781,3126
1781,1593
1781,5087
1782,3082
1783,7104
1783,6310
1783,1232
1783,913
1783,2137
1783,1755
1784,9699
1784,2087
1784,9227
1784,6157
1784,5165
1784,3760
1784,501
1784,9141
1784,3031
1784,8725
1784,4346
1784,5087
1785,6785
1785,2691
1785,4999
1785,395
1785,7918
1785,6576
1785,5906
1785,6776
1785,3484
1785,1343
1786,3361
1786,545
1786,7175
1786,6157
1786,845
1786,4847
1786,9361
1786,7098
1787,7967
1787,246
1787,3991
1787,1912
1787,8601
1787,8863
1788,676
1788,5577
1788,7087
1788,3125
1788,7896
1789,8240
1789,1017
1789,7023
1790,8576
1790,2084
1790,3076
1790,615
1790,4711
1790,5516
1790,7471
1790,1776
1790,9908
1790,2517
1790,6838
1790,158
1790,7486
1791,6338
1791,9703
1791,5898
1791,9938
1791,2075
1792,8867
1792,8239
1792,8690
1792,5690
1792,8757
1792,2391
1792,7866
1792,6299
1793,2753
1793,6108
1793,9901
1793,4621
1793,2608
1793,3057
1793,2419
1793,6583
1793,1370
1793,6843
1793,2236
1793,93
1793,382
1794,512
1794,5572
1794,4073
1794,9808
1794,7796
1794,7289
1794,379
1795,4899
1795,3347
1795,6742
1795,8728
1795,314
1795,1311
1796,8481
1796,4933
1796,3144
1796,9870
1796,5649
1796,401
1796,5715
1796,8369
1796,4053
1796,3381
1797,2466
1797,3332
1797,5573
1797,3997
1797,6782
1797,4191
1798,3113
1798,1097
1798,4811
1798,7663
1798,2648
1798,3930
1798,9883
1798,60
1798,7295
1799,7361
1799,2787
1799,2245
1799,2281
1799,8170
1799,9838
1799,412
1800,3040
1800,2565
1800,3047
1800,6985
1800,3562
1800,8718
1800,8206
1800,6423
1800,7583
1801,7844
1801,3366
1801,390
1801,8972
1801,1773
1801,5109
1801,183
1802,2586
1802,2635
1802,8694
1803,8060
1803,9676
1803,4397
1803,48
1803,4208
1803,8757
1803,3740
1803,8221
1803,4126
1803,8287
1804,4960
1804,8776
1804,4392
1804,3048
1804,3660
1804,8082
1804,884
1804,9175
1805,751
1805,4494
1805,3278
1805,4623
1806,9344
1806,6170
1806,2354
1806,9789
1807,6451
1807,6005
1807,4878
1808,8663
1808,4068
1808,9833
1808,9011
1808,6547
1808,6839
1808,1112
1808,1246
1809,7396
1809,2566
1809,2439
1809,465
1809,8446
1810,6508
1810,3437
1810,4519
1811,6664
1811,2728
1811,1515
1811,8012
1811,2964
1811,8886
1811,9335
1811,5948
1812,7906
1812,3335
1812,5194
1812,2731
1812,9419
1812,2898
1812,7571
1812,6391
1812,3674
1812,9308
1812,2143
1813,3968
1813,7653
1813,1350
1813,7245
1813,1652
1813,5205
1813,6774
1813,3767
1813,442
1814,4259
1814,5860
1814,4421
1814,6502
1815,5733
1815,2385
1815,81
1815,888
1815,8095
1816,1223
1816,1611
1816,5326
1816,7984
1816,5173
1816,4790
1816,8350
1816,3871
1817,9254
1817,7988
1817,2037
1817,2457
1817,3130
1817,9247
1818,8897
1818,5766
1818,4296
1818,8693
1818,2459
1818,31
1819,1504
1819,8354
1819,8547
1819,9801
1819,4370
1819,1075
1819,8510
1820,8708
1820,1114
1820,6984
1820,6382
1820,8214
1820,7098
1821,273
1821,8203
1821,6836
1821,2525
1822,3589
1822,9725
1822,9622
1823,1504
1823,8330
1823,811
1823,3280
1823,9650
1823,8883
1823,8693
1824,9925
1824,9960
1824,8170
1824,1110
1824,6873
1824,6074
1824,5531
1824,7708
1824,6077
1824,4127
1825,834
1825,2066
1825,6682
1825,9659
1825,5565
1826,5163
1826,1995
1826,2479
1826,6095
1826,3442
1826,8247
1826,2460
1827,5762
1827,8332
1827,6750
1827,9423
1828,9603
1828,1671
1828,2442
1828,2321
1828,4630
1828,7259
1828,1693
1829,4230
1829,3176
1829,8041
1829,7979
1829,9357
1831,2600
1831,4638
1832,3712
1832,6822
1832,41
1832,8687
1832,7475
1832,8410
1833,5560
1834,4481
1834,1092
1834,3671
1835,8772
1835,3462
1835,4618
1835,4652
1835,7117
1835,2003
1835,3642
1836,3368
1836,4537
1836,9412
1836,2798
1837,3236
1838,2688
1838,1537
1838,6908
1838,3944
1838,9420
1838,2420
1838,4764
1838,7711
1839,1200
1839,4305
1839,6124
1840,4703
1841,5890
1841,1702
1841,333
1841,1869
1841,8816
1842,2034
1842,7491
1842,1902
1842,2622
1844,4736
1844,4962
1844,4932
1844,7625
1844,4376
1844,8058
1845,3289
1845,8881
1845,6390
1845,9977
1845,603
1845,253
1846,3781
1847,4704
1847,8325
1847,5391
1847,93
1847,4441
1847,9277
1848,2658
1848,195
1848,9736
1848,8904
1848,6667
1848,5903
1848,9489
1848,3669
1849,1636
1849,4068
1849,166
1849,6603
1849,109
1849,3373
1849,432
1849,4890
1849,2524
1850,663
1850,3019
1850,2605
1850,9063
1851,6564
1851,4047
1851,3792
1851,209
1851,4915
1852,8272
1852,5224
1853,3748
1853,76
1853,3638
1853,9144
1853,1787
1853,1087
1854,2947
1854,4934
1854,3789
1854,6484
1854,1144
1854,2747
1854,126
1854,1567
1855,197
1855,3853
1855,7693
1855,9573
1856,9505
1856,9510
1856,747
1856,8142
1856,3959
1856,92
1856,4127
1857,6816
1857,205
1858,2285
1858,2564
1858,2533
1859,1760
1859,4513
1859,548
1859,5414
1859,3277
1859,3438
1859,1294
1859,5494
1859,5720
1859,4185
1859,1052
1859,4605
1860,954
1860,3653
1860,2309
1860,2791
1860,4041
1860,1006
1860,8622
1860,9810
1860,3314
1860,7700
1860,1371
1860,8086
1860,5783
1860,7161
1860,3482
1860,3995
1861,456
1861,2076
1861,6181
1862,5976
1862,7027
1862,7876
1862,4021
1863,8707
1863,8709
1863,6763
1863,6862
1863,8882
1864,6371
1864,1512
1864,5037
1864,5200
1864,5746
1864,7027
1864,7703
1864,4348
1864,5854
1865,6307
1865,3318
1865,6371
1866,8290
1866,335
1866,9559
1867,1280
1867,5473
1867,99
1867,4999
1867,5863
1867,5321
1867,359
1867,7502
1867,5008
1867,561
1867,8378
1868,6969
1868,7167
1868,6927
1869,3303
1869,6728
1869,6667
1869,5918
1869,5141
1869,1627
1869,6910
1870,1113
1870,4133
1871,6213
1871,3911
1871,6504
1871,9429
1871,3995
1871,4829
1872,7579
1872,8236
1872,4415
1873,9575
1873,6420
1873,2616
1873,7577
1873,5979
1875,7818
1875,1328
1875,4530
1875,1011
1875,8214
1875,9816
1875,1978
1875,2429
1876,1203
1877,518
1877,3464
1877,5002
1877,748
1877,3248
1877,5169
1878,2539
1878,5489
1878,596
1878,6773
1878,7324
1878,6462
1879,6144
1879,4327
1879,5837
1879,4398
1879,7408
1879,5751
1880,6681
1880,70
1881,2720
1881,4966
1881,4553
1881,1836
1881,3052
1881,4251
1881,3472
1881,8720
1881,2869
1881,4027
1881,8380
1881,3423
1882,6591
1882,3551
1882,7115
1882,9423
1882,4178
1882,2517
1882,1116
1882,5535
1883,8289
1883,4427
1883,7117
1883,1872
1883,659
1883,5525
1883,9525
1883,3128
1883,6395
1884,344
1884,813
1884,6997
1884,3895
1884,6648
1884,6939
1884,9245
1884,8637
1885,4835
1885,4054
1885,7831
1885,795
1885,2238
1886,5285
1886,999
1886,5864
1886,8713
1886,8845
1886,3758
1887,4505
1887,6310
1887,8309
1887,7142
1888,1186
1888,7613
1889,9120
1889,5089
1889,8261
1889,6966
1889,4057
1890,7968
1890,226
1890,1764
1890,2276
1890,5577
1890,3338
1890,6898
1890,3999
1890,6041
1890,4031
1891,8929
1891,2017
1891,9029
1891,1583
1891,9266
1891,3830
1891,3479
1891,1174
1891,3323
1891,5758
1892,8256
1892,1700
1892,8906
1892,6221
1892,274
1892,1459
1892,1846
1892,8503
1892,5750
1892,6521
1892,8410
1892,5663
1893,6690
1893,2667
1894,6178
1894,4543
1894,1270
1894,3162
1894,9630
1894,4447
1895,1633
1895,7911
1895,6096
1895,880
1895,4176
1895,2067
1895,5363
1895,5944
1896,8481
1896,9382
1896,2825
1896,2347
1896,875
1896,1330
1896,6207
1896,7295
1897,811
1897,4714
1897,1395
1898,3360
1898,4550
1898,1928
1898,3796
1898,7254
1898,284
1899,264
1899,7053
1899,5007
1899,1974
1899,479
1900,5826
1900,7554
1900,6373
1900,9992
1900,7048
1900,6249
1900,1353
1900,7340
1900,5421
1900,1520
1900,5457
1900,6482
1900,5366
1900,1848
1900,9789
1900,9567
1901,6722
1901,498
1901,3317
1902,5
1902,8846
1902,7374
1902,7316
1902,666
1902,2906
1902,4734
1903,9315
1903,9575
1903,973
1903,9391
1903,2608
1903,893
1903,5887
1904,3424
1904,295
1904,8327
1904,1834
1904,9324
1904,3278
1904,690
1904,9365
1904,2842
1904,7101
1905,3666
1905,2324
1906,1158
1906,8559
1906,5908
1906,6104
1906,4569
1906,7707
1907,9184
1907,72
1907,2898
1907,4466
1907,4660
1907,472
1908,6021
1908,1574
1908,3272
1908,9292
1908,2512
1908,7891
1908,5204
1908,5722
1909,1099
1909,1268
1909,3591
1910,6433
1910,5540
1910,2453
1911,1616
1911,706
1911,4210
1911,3847
1912,1083
1912,2252
1912,159
1913,9120
1913,7169
1913,7266
1913,3493
1913,5899
1913,404
1914,26
1914,9237
1914,7306
1915,5961
1915,5738
1915,3178
1915,6823
1916,1376
1916,5167
1916,4207
1916,4531
1916,2933
1916,7286
1916,694
1916,5174
1916,4606
1917,1536
1917,8169
1917,2059
1917,305
1917,755
1917,1235
1917,6805
1917,854
1917,279
1917,5555
1917,8378
1917,1947
1918,3840
1918,1632
1918,8227
1918,5252
1918,1459
1918,2167
1918,4058
1918,4699
1918,5021
1919,1647
1920,9841
1920,8697
1920,9022
1920,2103
1921,4512
1921,9569
1921,834
1921,5475
1921,4551
1921,7083
1921,7190
1922,6403
1922,7242
1922,4209
1922,5622
1922,2749
1922,9950
1923,8160
1923,7681
1923,3747
1923,8485
1923,4391
1923,1866
1923,3405
1923,3919
1923,537
1923,539
1924,4593
1924,2044
1924,1551
1925,7136
1925,7027
1925,8869
1926,7525
1926,2103
1926,5182
1926,8313
1926,3450
1926,3483
1926,5758
1927,6272
1927,1506
1927,9065
1927,2410
1927,1904
1927,5874
1927,2802
1927,978
1927,5021
1927,8510
1927,6719
1928,7467
1928,9675
1928,9358
1929,8320
1929,5288
1929,3916
1929,6764
1929,6895
1929,2703
1929,4754
1929,691
1930,1510
1930,8455
1930,3790
1930,2769
1930,5458
1930,3638
1930,7289
1930,8414
1931,1581
1931,5349
1931,4526
1932,3969
1932,7658
1932,1744
1932,7984
1932,5616
1932,4986
1933,194
1933,7972
1933,9701
1933,9255
1933,5900
1934,9561
1934,3394
1934,3481
1935,9258
1935,4622
1935,3248
1935,5208
1935,473
1936,3969
1936,8403
1936,8621
1937,2729
1937,9546
1937,9613
1937,7471
1937,7477
1937,3991
1937,6107
1937,9980
1937,8509
1938,857
1939,9529
1939,1738
1939,8383
1939,4631
1940,3880
1940,2412
1940,5598
1940,8494
1941,7267
1941,871
1941,7789
1941,5332
1941,3478
1941,1019
1941,1309
1942,9377
1942,4705
1942,3109
1942,4204
1942,5777
1942,5843
1942,6459
1943,4323
1943,4134
1943,6584
1943,5543
1943,1898
1943,2287
1943,8952
1943,7832
1943,8121
1943,2395
1944,5120
1944,5915
1944,6381
1944,6158
1944,9908
1944,4405
1944,3483
1945,3073
1945,7612
1945,1270
1945,2070
1947,8772
1948,98
1948,5315
1948,2472
1948,2602
1948,6832
1948,4305
1948,6106
1949,168
1949,4075
1949,5405
1949,7573
1950,4599
1951,9008
1951,1041
1951,2149
1951,5853
1952,8129
1952,8294
1952,8234
1952,5197
1952,3986
1953,3471
1953,7540
1953,1525
1953,8679
1954,4156
1954,5420
1955,4231
1955,2477
1955,621
1955,2488
1955,2170
1955,1375
1956,4131
1956,8488
1956,4886
1956,7799
1956,5789
1956,8287
1958,128
1958,2817
1958,707
1958,6599
1958,6578
1958,8114
1958,4788
1958,4789
1958,8566
1958,695
1959,6116
1959,8041
1959,657
1959,4435
1959,6613
1959,3929
1959,2746
1960,1056
1960,9920
1960,6885
1960,4966
1960,5319
1960,8264
1960,3624
1960,8149
1960,1912
1960,380
1961,3677
1961,3919
1961,7188
1961,4246
1961,6171
1961,9692
1961,9117
1962,4584
1962,1060
1962,1429
1962,1076
1963,5251
1963,549
1963,9925
1963,1393
1963,2866
1963,3986
1964,9698
1964,5928
1964,9321
1964,200
1964,4651
1964,751
1964,5904
1964,8019
1964,4660
1964,7454
1965,3840
1965,5579
1965,8108
1965,3917
1965,7887
1965,9840
1965,9457
1965,2035
1965,5916
1965,3870
1966,2755
1966,7059
1966,7037
1966,5126
1967,6723
1967,4292
1967,8579
1967,871
1967,8491
1967,3793
1967,1969
1967,8564
1967,1434
1967,4478
1968,8872
1968,7068
1969,4384
1969,6583
1969,6853
1969,3526
1969,4938
1969,7021
1969,4335
1969,3025
1969,2039
1969,7544
1969,5084
1970,3899
1970,3116
1970,2254
1970,6771
1970,7547
1970,6587
1970,9343
1971,2
1971,2755
1971,259
1971,7144
1971,1226
1971,7340
1971,5552
1971,5331
1971,6937
1971,6166
1971,9049
1971,5788
1972,5761
1972,5666
1972,4673
1972,5603
1972,5892
1972,5092
1972,8967
1972,8937
1972,1355
1972,4653
1972,3631
1972,2867
1972,5555
1972,2364
1972,8959
1973,4780
1973,1326
1974,1201
1974,7589
1975,6194
1975,7541
1975,4341
1975,8157
1975,4574
1976,3844
1976,4614
1976,8103
1976,5062
1976,9129
1976,7703
1976,7711
1977,7316
1977,2541
1978,2340
1978,6021
1978,6153
1978,5905
1978,5332
1978,1877
1978,3899
1979,4613
1979,2376
1979,457
1979,6189
1979,5396
1979,7860
1981,2530
1981,9093
1981,9258
1981,1995
1981,8234
1981,3562
1981,7342
1981,1430
1981,3769
1981,3420
1981,8095
1982,1356
1982,1085
1982,8982
1983,6113
1983,3131
1983,3469
1983,6614
1984,5985
1984,2469
1984,653
1984,2835
1984,6804
1985,8803
1985,7735
1985,4362
1985,3183
1985,4180
1985,4823
1985,3928
1985,1053
1986,5795
1986,8612
1986,8425
1986,4120
1986,3547
1986,8319
1987,678
1987,7399
1987,7213
1987,1106
1987,5016
1988,7303
1988,842
1988,6956
1988,8275
1988,756
1988,667
1988,2621
1989,1578
1989,8110
1989,7412
1989,9670
1990,7619
1990,2460
1990,3678
1991,3456
1991,9955
1991,5449
1991,4586
1991,2064
1991,5019
1992,1316
1992,3400
1992,3529
1992,3372
1992,6605
1992,7087
1992,5903
1992,2322
1992,4565
1992,3095
1992,7967
1993,7984
1993,4518
1993,4528
1994,7908
1994,8653
1994,958
1994,5620
1994,4118
1994,2806
1994,1630
1994,4191
1995,8833
1995,68
1995,7752
1995,4683
1995,9435
1995,6387
1995,7832
1995,9273
1995,4059
1995,8542
1996,2066
1996,972
1997,3456
1997,3495
1997,5898
1997,6766
1997,9300
1997,4410
1998,3553
1998,3268
1998,460
1998,7821
1998,3599
1998,8207
1998,9908
1998,3479
1998,2267
1998,6462
1998,8415
1999,7698
1999,9182
2000,5712
2000,4797
2000,6175
2001,584
2001,6738
2001,9983
2002,1244
2003,5349
2003,3208
2003,2318
2003,7215
2003,2641
2003,978
2003,184
2003,8540
2004,5089
2004,6402
2004,2193
2004,8826
2004,1243
2004,829
2005,8032
2005,4293
2005,6025
2005,8654
2005,1488
2005,6967
2006,2498
2006,6946
2006,612
2006,9288
2006,7857
2006,1815
2006,7834
2006,3227
2007,3192
2007,1280
2007,3398
2007,4871
2008,2722
2008,8998
2008,3272
2008,6668
2008,6318
2008,7153
2008,1247
2009,6688
2009,1924
2009,997
2009,9127
2009,1815
2009,5550
2009,1015
2009,1558
2009,5047
2009,2971
2009,4924
2009,7999
2010,8519
2011,7122
2011,2050
2012,6723
2013,6494
2013,8779
2013,6846
2013,529
2013,8979
2013,8254
2014,1552
2014,2274
2014,6140
2014,2294
2015,8512
2015,1700
2015,7204
2016,9864
2016,8885
2016,5847
2016,6041
2016,124
2017,7105
2017,2562
2017,1442
2017,2884
2017,8807
2017,6828
2017,9294
2017,8656
2017,1457
2017,5812
2017,4437
2017,8191
2017,6399
2018,9089
2018,8035
2018,964
2018,3588
2018,9547
2018,6514
2018,2612
2018,5974
2018,2840
2019,1063
2019,2636
2019,2192
2019,8629
2019,2264
2019,6652
2020,9648
2020,8217
2020,1450
2020,456
2021,9473
2021,231
2022,2809
2022,6342
2022,198
2023,6912
2023,9187
2023,3279
2023,4881
2023,6837
2024,4128
2024,3468
2024,4241
2024,7923
2024,5055
2024,8479
2025,4064
2025,8453
2025,4137
2025,6058
2025,3184
2025,7732
2025,5625
2026,5449
2026,8235
2026,9963
2026,7788
2026,1359
2026,7734
2026,6041
2026,2494
2026,543
2027,4636
2027,6861
2028,4017
2028,6010
2028,5406
2028,2703
2029,4096
2029,1601
2029,996
2029,7591
2029,1130
2029,1514
2029,7724
2029,2189
2029,5198
2029,4467
2029,280
2029,9401
2029,8219
2030,2194
2031,69
2031,4870
2031,2255
2032,5744
2032,3000
2032,4020
2032,9734
2033,1457
2033,1964
2033,2391
2033,3591
2034,7200
2034,4687
2034,5688
2034,8731
2034,7294
2034,3487
2035,7012
2035,8581
2035,8488
2035,3274
2035,6923
2035,2161
2035,402
2035,6742
2035,9463
2035,3898
2036,6384
2036,8310
2037,6786
2037,3458
2037,9574
2037,7816
2037,2609
2037,7732
2037,9142
2037,3767
2037,6110
2038,4033
2038,5061
2038,2663
2038,6057
2038,4751
2038,1040
2038,5104
2038,3378
2038,8783
2038,3253
2038,5560
2038,9177
2038,6970
2039,5551
2039,240
2039,3800
2039,1626
2039,5307
2040,9728
2040,7272
2040,6441
2040,6701
2040,436
2040,7195
2040,3326
2041,9157
2041,645
2041,520
2041,6633
2041,2569
2041,7948
2041,8748
2041,4179
2041,2037
2041,9049
2041,7994
2041,5275
2041,57
2042,7950
2042,1521
2042,210
2042,9046
2042,2103
2043,7468
2043,9510
2044,3913
2044,2561
2044,3589
2044,4166
2045,8677
2045,2149
2045,599
2045,1948
2045,7884
2045,6034
2045,1971
2045,2807
2045,6842
2045,1244
2046,6594
2046,5321
2046,3055
2046,8913
2046,1939
2046,7132
2046,2847
2047,6913
2047,6818
2047,9635
2047,1316
2047,5345
2047,1992
2047,87
2047,9981
2048,9699
2048,3020
2048,6386
2048,9651
2048,3290
2048,7420
2048,4573
2048,9887
2049,4
2049,40
2049,6126
2049,534
2049,7224
2049,5208
2050,1078
2050,3693
2050,3174
2051,9702
2051,39
2051,6193
2051,3956
2051,1086
2052,4514
2052,5350
2052,8487
2052,1288
2052,2889
2052,7886
2052,9678
2052,2193
2052,5810
2052,8152
2052,7194
2052,731
2052,63
2053,5730
2053,6723
2053,1670
2053,8200
2053,7337
2053,524
2053,1967
2053,1265
2053,3327
2054,5187
2054,6312
2054,7595
2054,5526
2054,151
2054,9976
2054,8380
2055,425
2055,3890
2055,1948
2055,1311
2056,3913
2056,8098
2056,173
2056,8142
2057,6857
2057,3098
2057,1077
2057,5574
2058,2504
2059,740
2060,1688
2060,7866
2060,8954
2060,6852
2061,513
2061,5614
2061,9936
2061,8785
2061,7198
2062,3908
2062,3301
2062,5381
2062,1421
2062,9328
2062,571
2062,958
2063,9664
2063,2663
2063,3856
2063,9617
2063,8439
2063,665
2063,1661
2063,1311
2064,2116
2064,6940
2064,7303
2064,7854
2064,476
2065,9824
2065,5345
2065,9667
2065,518
2065,1004
2065,7087
2065,7644
2065,861
2065,1406
2066,2114
2066,7979
2066,9838
2066,6606
2066,4467
2066,3797
2066,5372
2067,3737
2068,7873
2068,5282
2068,5641
2068,4363
2068,622
2068,761
2068,94
2068,8223
2069,9957
2069,5995
2069,2516
2069,7548
2069,6302
2069,7935
2070,8162
2070,6019
2070,8514
2070,4263
2070,3437
2070,4664
2071,2146
2071,8283
2071,7974
2072,8010
2072,6477
2072,8528
2072,7603
2072,7541
2072,3734
2072,7163
2073,7203
2073,2820
2073,9780
2073,4024
2073,3866
2073,4541
2074,4545
2074,3250
2075,7147
2075,205
2075,1650
2075,1044
2075,5177
2075,5534
2076,5480
2076,884
2076,5084
2076,8848
2077,3971
2077,1862
2077,3850
2077,8107
2077,1679
2077,2776
2078,8467
2078,9509
2079,4298
2079,2564
2079,2191
2080,5449
2080,9122
2080,7084
2081,8514
2081,3013
2081,4362
2081,2161
2081,2709
2081,9373
2081,1559
2081,3293
2082,4102
2082,4774
2082,5770
2082,7371
2082,7694
2082,731
2082,798
2083,3780
2083,2140
2083,6022
2083,8508
2084,9985
2084,7073
2084,8872
2084,5128
2084,9646
2084,6333
2084,7581
2085,5185
2085,907
2085,8783
2085,1360
2085,84
2085,8404
2085,4023
2085,8156
2085,607
2086,5057
2086,6083
2086,3949
2086,7060
2086,4852
2086,7100
2086,3773
2087,8738
2087,2824
2087,8976
2087,3632
2087,2235
2088,2499
2088,1220
2088,3369
2088,3052
2088,5165
2088,5458
2089,1417
2089,2698
2089,4827
2089,4545
2090,6137
2090,4157
2091,3192
2091,2498
2091,2699
2091,8351
2092,227
2092,9609
2092,3021
2092,4667
2092,3902
2093,7233
2093,1090
2093,7671
2093,5153
2093,3180
2093,4721
2093,8503
2093,6744
2093,9466
2094,8588
2095,1323
2095,6751
2096,4035
2096,1160
2096,7657
2096,6344
2096,7563
2096,9268
2096,1819
2097,4165
2097,1547
2097,6220
2097,2511
2097,402
2097,6066
2097,6100
2097,5943
2097,3678
2098,2051
2098,5930
2098,8394
2098,8343
2098,3450
2098,8956
2098,2719
2099,1857
2099,8673
2099,69
2099,4111
2099,5919
2099,277
2099,3071
2100,5344
2100,3777
2100,389
2100,7754
2100,6000
2100,1014
2100,1178
2100,9884
2100,6973
2100,7391
2101,5672
2101,1000
2101,6821
2101,1190
2102,579
2102,4458
2102,1581
2102,1140
2102,7351
2103,4224
2103,9330
2103,7356
2103,1238
2104,3909
2104,9772
2104,7119
2104,6868
2104,5909
2104,8693
2104,795
2105,4388
2105,9004
2105,6638
2105,5231
2105,9936
2105,4757
2105,3647
2106,8236
2106,9359
2106,4080
2106,3601
2106,2645
2106,9591
2106,1592
2106,7482
2106,349
2107,4422
2107,5800
2107,2090
2107,9004
2107,538
2107,3445
2107,4953
2107,1562
2108,6656
2108,7539
2108,2216
2109,5728
2109,3521
2109,5719
2109,8299
2109,8049
2109,6132
2109,2166
2109,183
2109,5150
2110,2050
2110,709
2110,4543
2110,6826
2110,4174
2110,2258
2110,4979
2110,443
2110,2911
2111,1185
2111,4514
2111,4870
2111,3449
2111,5268
2111,4407
2111,825
2111,7485
2111,829
2111,1534
2112,417
2112,4515
2112,3332
2112,9385
2112,6570
2112,585
2112,6346
2112,7213
2112,1289
2112,6223
2112,8080
2112,8305
2112,7635
2112,4371
2112,6550
2112,2109
2112,3166
2113,1345
2113,4196
2113,9833
2113,1547
2113,9037
2113,4950
2113,1275
2114,1813
2114,1982
2115,3043
2115,9963
2115,3820
2115,9067
2115,2062
2115,6831
2115,6395
2115,3226
2115,8827
2115,5982
2116,9841
2116,7210
2116,675
2116,5844
2117,4419
2117,2633
2117,1328
2117,5877
2117,6902
2117,3065
2117,8094
2118,2615
2118,2504
2118,5052
2118,5879
2118,3442
2118,4503
2118,4764
2119,7153
2119,6557
2119,1750
2120,6525
2121,4544
2121,41
2121,6186
2121,7854
2121,2167
2122,2880
2122,4775
2122,8853
2122,5462
2122,2809
2122,4831
2123,4519
2123,28
2123,7794
2123,5783
2123,5083
2123,7676
2124,6954
2124,1443
2125,891
2125,260
2125,9637
2125,3624
2125,7465
2125,4971
2125,335
2125,4624
2125,6863
2125,3730
2125,5051
2125,1660
2126,9090
2126,2755
2126,9630
2126,2569
2126,8554
2126,783
2126,7572
2126,5271
2126,2585
2126,7646
2127,1142
2127,3403
2127,659
2127,894
2128,7232
2128,320
2128,4329
2128,9226
2128,2448
2128,4402
2128,279
2128,7032
2129,5217
2129,5247
2129,9663
2130,3557
2130,2443
2130,621
2130,1041
2130,5618
2131,9251
2131,5029
2131,6375
2131,2504
2131,6825
2131,2857
2131,2218
2131,7528
2131,7431
2131,1876
2131,1078
2131,4441
2131,3132
2132,5046
2132,895
2133,7003
2133,3829
2134,344
2134,1035
2134,8016
2135,5883
2135,6412
2135,2804
2136,1576
2136,3963
2136,6237
2137,7136
2137,3354
2137,4387
2137,2862
2138,1731
2138,6567
2138,4398
2138,3919
2138,9903
2138,1873
2138,2578
2138,2838
2138,189
2138,4255
2139,9249
2139,8451
2139,1992
2139,1514
2139,9899
2139,4146
2139,9682
2139,3326
2140,4976
2140,6400
2140,3925
2140,4309
2141,6976
2141,8449
2141,998
2141,4399
2141,2002
2142,1506
2142,5859
2142,7779
2142,7402
2142,235
2142,8438
2142,8311
2142,5944
2143,3521
2143,4485
2143,7433
2143,6506
2143,1070
2143,6353
2143,4055
2143,25
2143,3294
2144,4640
2144,4385
2144,5731
2144,3879
2144,7854
2144,6766
2144,8948
2144,148
2144,4380
2144,7352
2144,1628
2144,6525
2144,7160
2145,2970
2145,3942
2146,1737
2146,8398
2146,8176
2146,980
2146,5279
2147,8832
2148,4160
2148,899
2148,487
2148,5259
2148,973
2148,5810
2148,6682
2149,3714
2150,9217
2150,1575
2150,8302
2150,304
2150,8947
2150,5369
2151,4443
2151,4086
2152,896
2152,1701
2152,7785
2152,5422
2152,848
2153,6590
2153,9543
2153,3496
2153,2260
2153,8248
2153,7034
2153,443
2153,6589
2153,7550
2154,6504
2154,2541
2154,3990
2155,6793
2155,2466
2155,7046
2156,1858
2156,995
2156,8265
2156,5547
2156,6735
2156,2264
2157,5890
2157,7907
2158,4976
2158,5730
2158,7531
2158,1692
2159,8157
2159,23
2160,2251
2160,2700
2160,9015
2160,4408
2160,8763
2161,7425
2162,6738
2162,242
2162,589
2162,783
2163,7426
2163,355
2163,1860
2163,2599
2163,6805
2164,8577
2164,3938
2164,5931
2164,7211
2164,4508
2165,4848
2165,4210
2165,7966
2166,6688
2166,4009
2166,805
2166,133
2167,5760
2167,9219
2167,4136
2167,6475
2167,6156
2167,6540
2167,2993
2167,5436
2167,2456
2167,6108
2168,7201
2168,7346
2168,1844
2168,9717
2168,3189
2169,6277
2169,6619
2169,7289
2169,3771
2169,4028
2169,6911
2171,4064
2171,6020
2171,8486
2171,7026
2171,473
2171,3675
2171,2462
2172,4970
2172,7742
2172,9063
2173,9831
2173,6444
2173,1653
2173,4538
2173,7646
2174,3524
2174,8295
2174,5109
2174,886
2174,2107
2174,1471
2175,3233
2175,7875
2175,1084
2175,5615
2175,3985
2175,3226
2175,5596
2175,4925
2176,6656
2176,6023
2177,5794
2177,3850
2177,9482
2177,9258
2177,9999
2177,8275
2177,6645
2177,6421
2177,792
2177,6619
2178,4303
2180,3297
2180,7910
2180,1932
2180,6285
2180,8143
2180,5393
2180,7985
2180,6741
2180,8447
2182,5312
2182,3145
2182,8266
2182,3789
2182,4046
2182,943
2182,6107
2182,4511
2183,1482
2183,7150
2183,1679
2183,9175
2183,8659
2183,8597
2183,1431
2183,954
2184,7879
2184,8861
2184,5103
2185,4928
2185,6922
2185,2925
2185,7119
2185,7634
2186,5186
2186,5039
2186,7991
2186,6552
2186,2938
2187,1158
2187,6060
2187,5101
2187,6126
2187,1492
2187,4151
2187,7831
2187,2552
2188,2501
2188,9160
2188,6731
2188,1294
2188,5843
2188,7508
2188,9014
2188,2847
2189,6854
2189,7017
2189,3702
2189,1049
2189,7295
2190,6659
2190,6371
2190,8841
2190,1482
2190,8556
2190,7631
2190,1778
2190,9495
2191,1301
2191,2749
2191,1150
2191,7279
2192,1027
2192,8228
2192,7978
2192,5074
2192,820
2192,8982
2192,3101
2193,6916
2193,9892
2193,3942
2193,4679
2193,7372
2193,2413
2193,821
2193,633
2193,2237
2193,4990
2193,6431
2194,33
2194,131
2194,6116
2194,4389
2194,5219
2194,5799
2194,6183
2194,7274
2194,4045
2194,8176
2194,6356
2194,8278
2194,7453
2195,8997
2195,4263
2195,5694
2195,430
2195,7087
2195,8051
2195,9846
2195,8854
2195,4187
2195,7262
2195,6911
2196,5033
2196,874
2196,7747
2196,8750
2197,2054
2197,639
2197,1839
2197,7967
2197,5975
2197,6655
2198,278
2199,9345
2199,3141
2199,9670
2199,2824
2199,4234
2199,7406
2199,2327
2199,2480
2199,6037
2199,8540
2199,8410
2199,4219
2199,8252
2199,8415
2200,104
2200,994
2200,3155
2200,6772
2201,4241
2201,6308
2201,6463
2203,6279
2203,1767
2203,4327
2203,3983
2203,8080
2203,1169
2203,3312
2203,5525
2203,1045
2203,7449
2204,9096
2204,8019
2204,4980
2205,1221
2205,2568
2205,7663
2205,4914
2205,6420
2205,3736
2205,765
2205,735
2206,4319
2206,4739
2206,255
2206,2780
2206,7206
2206,8684
2206,4876
2206,6606
2206,9745
2206,5233
2206,569
2206,9563
2206,92
2206,510
2206,3487
2207,4872
2207,3886
2207,788
2207,5273
2207,1692
2208,7524
2209,4641
2209,4418
2209,7103
2209,908
2209,3376
2209,664
2209,3065
2209,5336
2210,7680
2210,2593
2210,5605
2210,235
2210,8208
2210,8126
2211,6752
2211,2438
2211,1993
2211,8468
2211,3518
2212,6967
2213,8743
2213,8650
2213,9004
2213,8919
2213,5464
2213,2811
2214,950
2215,6743
2215,2391
2216,5185
2216,5995
2216,8379
2216,4304
2216,8402
2216,6292
2216,7095
2216,634
2216,859
2216,6748
2217,5921
2217,1927
2217,1424
2217,1239
2217,7447
2219,8317
2219,4261
2220,9785
2220,6065
2220,4022
2220,6521
2220,2076
2221,3882
2221,6283
2221,9203
2221,183
2221,5016
2221,732
2222,224
2222,6570
2222,1005
2222,7799
2223,1473
2223,1116
2223,7973
2224,6250
2224,4038
2225,201
2225,6313
2225,5588
2225,6199
2226,836
2226,1064
2226,6552
2226,9017
2226,5981
2227,8832
2227,3462
2227,5867
2227,6223
2227,6672
2227,5109
2227,8469
2227,8632
2227,2682
2227,5245
2228,296
2228,7449
2228,8595
2228,5567
2229,4290
2229,2786
2229,7749
2229,6057
2229,3914
2229,2314
2229,7602
2229,5747
2229,8083
2230,8340
2230,8564
2230,6813
2230,2887
2231,24
2232,4673
2232,3781
2232,6021
2232,4040
2232,3466
2232,2606
2232,1749
2233,2327
2233,2077
2233,7623
2234,8128
2234,4672
2234,7968
2234,2851
2234,8325
2234,4327
2234,780
2234,9292
2234,6832
2234,7668
2234,7645
2234,5662
2236,8679
2236,1481
2236,5900
2236,7795
2236,3032
2236,2874
2237,6873
2237,3884
2237,1021
2238,3726
2238,9126
2239,5752
2239,1097
2239,7299
2240,8385
2240,3238
2240,3784
2240,1270
2240,1531
2240,7580
2240,5118
2241,3302
2241,2538
2241,7252
2241,3636
2241,2488
2241,5626
2242,5508
2242,4581
2242,1969
2242,8786
2242,2453
2242,8542
2243,5792
2243,3875
2243,9763
2243,518
2243,8589
2244,7304
2244,2165
2244,4279
2244,6137
2244,6621
2244,5177
2245,1921
2245,2406
2245,3090
2245,1459
2245,4830
2246,5833
2246,9826
2246,8836
2247,1731
2247,6108
2247,9645
2247,7318
2248,2138
2248,3404
2248,3101
2248,5935
2249,1888
2249,3
2249,3485
2250,7988
2250,2575
2251,5123
2251,4903
2251,9449
2251,3786
2251,7371
2251,7372
2251,5839
2251,7121
2251,4889
2251,1115
2251,381
2251,8702
2252,6794
2252,7060
2252,1134
2253,4535
2253,643
2253,7075
2253,3433
2253,1042
2253,5494
2253,5270
2253,4092
2255,2096
2255,2409
2255,4396
2256,5640
2256,4075
2256,3755
2256,4686
2256,2642
2256,3219
2257,1504
2257,8354
2257,3562
2257,5867
2257,7630
2257,5969
2257,2933
2257,7446
2257,2171
2258,289
2258,8799
2259,3234
2259,5629
2260,7714
2260,552
2260,9162
2260,1034
2260,554
2260,6001
2260,6487
2260,9049
2260,4986
2260,8507
2261,544
2261,225
2261,4605
2262,1004
2262,2063
2262,6835
2262,5783
2262,4825
2262,7034
2263,7877
2263,8583
2263,9967
2263,9299
2263,6964
2263,5109
2263,9718
2263,1975
2263,3930
2264,9504
2264,1218
2264,1637
2264,7019
2264,3854
2264,5393
2264,9364
2264,3094
2264,9821
2264,3455
2265,2178
2265,7784
2265,7178
2265,4208
2265,721
2265,1619
2265,8279
2265,7417
2265,7802
2265,4795
2265,3516
2265,831
2266,3336
2266,5834
2266,3594
2266,5900
2266,6861
2266,757
2266,3065
2266,4218
2266,6107
2267,2799
2268,8564
2268,3470
2268,4079
2269,6784
2269,1321
2269,395
2269,7837
2270,5504
2270,2625
2270,8102
2270,4679
2270,4968
2270,6761
2270,8041
2270,8043
2270,274
2270,8434
2270,3161
2270,1052
2271,7648
2271,8921
2271,135
2272,8322
2272,2730
2272,8241
2272,8541
2272,5887
2273,3140
2273,3272
2273,3057
2273,6458
2273,1788
2274,3290
2275,5320
2275,6891
2275,4325
2276,3137
2276,8102
2276,4263
2276,6603
2276,9943
2276,4985
2276,218
2276,4667
2277,6153
2277,6387
2277,1508
2277,998
2278,873
2278,955
2278,358
2279,4386
2279,6888
2279,5228
2279,621
2279,2265
2279,5754
2279,604
2280,1113
2280,2826
2280,4679
2281,5553
2281,4730
2281,2610
2281,1762
2282,5180
2282,9670
2283,8868
2283,2348
2283,9264
2283,1266
2283,5299
2283,7226
2283,1564
2284,485
2284,710
2284,4550
2284,7272
2284,7467
2284,3598
2284,6479
2284,751
2284,8019
2284,2517
2284,5403
2285,396
2285,7502
2285,303
2285,1170
2285,6034
2285,4244
2285,3411
2285,4950
2285,5144
2286,7064
2287,1856
2287,1543
2287,583
2287,5163
2287,6860
2287,237
2287,2414
2287,9107
2287,9687
2287,1019
2287,3550
2288,2945
2288,8578
2288,5122
2288,2820
2288,6061
2288,1870
2288,8238
2288,49
2288,6610
2288,5844
2288,7253
2288,7034
2288,4700
2291,9401
2291,808
2291,9257
2291,7821
2291,561
2291,2932
2291,4502
2291,5977
2291,8991
2292,7873
2292,6083
2292,4965
2292,7557
2292,9415
2292,777
2292,3121
2292,3479
2292,8541
2293,1234
2293,1423
2294,0
2294,5441
2294,1715
2294,4772
2295,8514
2295,6149
2295,1804
2295,3565
2295,1908
2295,5782
2295,8796
2296,3200
2296,2018
2296,7396
2296,478
2296,2860
2296,6190
2296,3151
2296,5364
2296,7222
2296,6487
2296,8987
2296,5662
2296,5631
2297,7374
2297,335
2297,8560
2297,9077
2297,3958
2297,3672
2297,4377
2298,6688
2298,3851
2299,9191
2299,6057
2299,4362
2299,813
2299,9101
2299,3027
2299,2869
2299,6742
2299,3191
2300,3335
2300,6518
2300,3190
2300,3350
2300,8985
2301,8129
2301,4677
2301,5932
2301,6160
2301,4758
2301,4760
2301,892
2302,400
2302,2418
2302,3533
2303,5949
2304,9099
2304,7565
2304,6896
2304,9496
2304,4863
2305,4904
2305,3691
2305,533
2305,4078
2306,2256
2306,2642
2306,6572
2306,9646
2307,6275
2307,8966
2307,8427
2307,8460
2307,8758
2307,5850
2307,543
2308,1664
2308,6756
2308,6022
2308,582
2308,4823
2308,5042
2308,5268
2308,6934
2308,9911
2308,4600
2308,2617
2308,8731
2308,6015
2308,8223
2310,5114
2310,796
2310,1637
2310,9548
2311,3747
2311,1799
2311,8206
2311,7925
2311,3671
2312,5049
2312,2926
2312,9215
2313,7576
2313,249
2313,6156
2313,54
2314,4918
2314,9890
2314,2726
2315,3074
2315,3291
2315,1850
2316,7904
2316,8694
2316,8199
2317,6176
2317,7200
2317,417
2317,5101
2317,6836
2317,4660
2317,5463
2318,3522
2318,7310
2319,545
2319,6722
2319,6757
2319,3886
2319,2160
2319,1618
2319,4505
2319,829
2320,8448
2320,6627
2320,997
2320,8517
2320,3239
2320,6248
2320,4042
2320,7179
2320,5738
2320,332
2320,9554
2320,9747
2321,6361
2321,5111
2322,9577
2322,4129
2323,9699
2323,48
2323,3122
2323,8819
2323,7091
2324,8137
2324,2187
2324,5075
2324,3288
2324,1023
2325,4072
2325,9288
2325,6532
2325,367
2326,8888
2326,1075
2326,6126
2326,2143
2327,5495
2327,7057
2327,8788
2327,8327
2328,3752
2328,4729
2328,2794
2328,5181
2329,8288
2329,4426
2329,7344
2329,3635
2329,3061
2329,2682
2329,8860
2330,8672
2330,1057
2330,5228
2330,1647
2330,2127
2330,117
2330,1852
2331,708
2331,3560
2331,105
2331,5226
2331,8266
2331,6968
2331,2706
2331,724
2331,8567
2331,1400
2331,2046
2332,8420
2332,5674
2332,6157
2332,8878
2332,1330
2332,4147
2332,6258
2332,5237
2332,178
2332,5241
2332,1083
2332,829
2333,8961
2333,7596
2333,4652
2333,5743
2334,2354
2334,1388
2334,477
2335,1600
2335,3331
2335,2632
2335,3434
2335,8141
2335,7853
2335,3343
2335,1298
2335,147
2335,7219
2335,2427
2335,8764
2335,3389
2336,6136
2336,4757
2337,8484
2337,973
2337,782
2337,8691
2337,6613
2337,2934
2338,6112
2338,5857
2338,3454
2338,2501
2338,1068
2338,1391
2338,4016
2338,6130
2338,1918
2338,5171
2338,5304
2338,7294
2339,4081
2339,5851
2340,159
2340,5224
2340,9000
2340,3369
2340,7789
2340,6387
2340,9023
2340,8603
2340,3199
2341,9572
2341,8776
2341,7658
2341,214
2341,8377
2342,5186
2342,708
2342,6309
2342,7369
2342,5516
2342,1229
2342,3857
2342,824
2343,390
2343,2895
2343,6896
2343,4369
2343,5075
2343,2003
2343,9788
2344,9949
2344,1265
2344,5373
2344,4431
2345,5704
2345,2863
2345,3637
2345,3899
2345,1597
2347,2214
2347,5734
2347,7438
2347,2510
2347,2323
2347,9817
2347,7581
2348,9409
2348,741
2348,6534
2348,1805
2348,4593
2348,8373
2348,5020
2348,6335
2349,1928
2349,3883
2349,6254
2349,6192
2349,5201
2349,6323
2349,2965
2349,598
2350,4769
2350,1674
2351,2849
2351,228
2351,4235
2351,4403
2351,1428
2351,2269
2352,4216
2352,2633
2352,7388
2352,4536
2353,5601
2353,2475
2353,3512
2353,2554
2353,8189
2354,3491
2354,6067
2355,3041
2355,3303
2355,2471
2355,2125
2355,1999
2355,2840
2355,3035
2355,3260
2355,4159
2356,2305
2356,9659
2357,7365
2358,3756
2359,6209
2359,8037
2359,4103
2359,8398
2359,8239
2359,4763
2359,2430
2359,5119
2360,1255
2360,1961
2360,8628
2360,7956
2360,4380
2360,8126
2360,2303
2361,5221
2361,7687
2361,1802
2361,3373
2361,7853
2361,1008
2361,8568
2361,1147
2362,924
2362,6647
2364,7074
2364,9062
2364,8967
2364,1934
2364,3378
2364,8214
2364,3738
2364,7070
2365,864
2365,162
2365,6245
2365,8463
2365,6800
2365,1331
2365,2040
2366,1392
2366,7261
2366,6517
2367,8098
2367,2082
2367,9988
2367,203
2367,6930
2367,1716
2367,1817
2368,7649
2368,2660
2368,8230
2368,7723
2368,9134
2368,2959
2368,5234
2368,223
2369,1030
2369,4521
2369,8299
2369,2222
2369,47
2369,9007
2369,8469
2369,1368
2369,703
2370,8929
2370,8298
2370,4497
2370,6006
2370,7926
2371,97
2371,7672
2371,2762
2371,5643
2371,5965
2371,7928
2372,9698
2372,1895
2372,1032
2372,3148
2372,6705
2372,9651
2372,7289
2373,6562
2373,9219
2373,6055
2373,9003
2373,2159
2373,5938
2373,5980
2373,7357
2373,8543
2374,5528
2374,3177
2374,390
2374,2999
2375,6368
2375,1408
2375,6756
2375,6917
2375,5638
2375,5192
2375,7148
2375,9746
2375,7602
2375,2717
2375,95
2376,8864
2376,2369
2376,8203
2376,3710
2377,8256
2377,3777
2377,7842
2377,43
2377,428
2377,6094
2377,6575
2377,8911
2377,4434
2377,6358
2377,1341
2378,5761
2378,3555
2378,3730
2378,2610
2378,3126
2378,2808
2379,3457
2379,3490
2379,4196
2379,3818
2379,8150
2379,2586
2380,6563
2380,9708
2380,5615
2380,2933
2380,6364
2380,8989
2380,4958
2380,4575
2381,6570
2381,5245
2381,3975
2382,4802
2382,8527
2382,3349
2382,7511
2382,1467
2382,444
2383,7232
2383,5737
2383,3563
2384,3458
2384,9539
2384,8677
2384,4999
2384,2749
2384,7541
2384,4376
2384,1053
2385,7714
2385,4325
2385,5990
2385,9481
2385,6250
2385,6763
2385,5870
2385,9263
2385,8507
2385,4341
2385,6105
2385,8667
2385,3261
2385,5533
2386,880
2386,1231
2386,6500
2386,5639
2387,272
2387,573
2387,8086
2387,1839
2388,3464
2388,1256
2388,6900
2388,1589
2388,4186
2389,2240
2389,1483
2389,8566
2390,5514
2390,6957
2390,6061
2390,3118
2390,5392
2390,6070
2390,5976
2390,4123
2390,4924
2391,4770
2391,6504
2391,4107
2391,2356
2391,7482
2391,315
2391,7198
2392,4552
2392,4305
2392,3148
2393,4056
2393,6033
2393,2141
2393,5959
2394,3367
2394,2796
2394,7823
2394,2617
2394,1968
2394,2738
2394,1330
2394,498
2394,3737
2394,2299
2394,7260
2394,574
2395,8514
2395,8030
2395,2119
2396,4448
2396,2754
2396,8007
2396,6600
2396,4105
2396,4752
2396,4408
2396,9882
2396,2942
2397,261
2397,6695
2397,5866
2397,6605
2397,1517
2397,7125
2397,6297
2397,9658
2398,5796
2398,1415
2398,9447
2398,2832
2398,7923
2398,7350
2398,797
2399,8258
2399,4132
2399,2569
2399,5325
2399,4078
2399,3310
2399,8024
2399,8696
2399,2075
2400,7875
2400,8772
2400,4679
2400,1994
2400,2736
2400,7415
2400,8153
2401,1249
2401,1731
2401,1700
2401,2373
2401,715
2401,6130
2401,8085
2401,5078
2401,2870
2401,383
2402,4968
2402,8876
2402,15
2402,23
2402,3802
2402,6589
2403,6048
2403,1089
2403,7180
2403,144
2403,2900
2403,216
2403,2751
2404,3878
2404,2399
2404,2537
2404,2285
2404,8988
2404,6751
2405,7648
2405,3957
2405,1197
2405,9519
2406,1830
2406,9480
2406,7370
2406,5930
2406,4461
2406,6574
2406,7181
2406,4017
2406,5116
2406,350
2406,2751
2407,7520
2407,7604
2407,2454
2408,5640
2408,4854
2408,6042
2408,27
2408,9148
2408,8029
2409,6720
2409,933
2409,7208
2409,2507
2409,495
2409,3695
2410,4352
2410,7714
2410,3014
2410,400
2410,53
2410,6585
2410,7163
2410,413
2411,906
2411,2595
2412,2752
2412,5298
2413,1794
2413,3053
2413,7038
2413,1631
2414,8706
2414,4034
2414,1475
2414,4132
2414,4592
2414,4178
2414,6904
2414,1626
2415,9091
2415,8774
2415,3816
2415,172
2415,5105
2415,2615
2415,1303
2416,2340
2416,4937
2416,6605
2416,9777
2416,6453
2417,3975
2417,3337
2417,3497
2417,1513
2417,8140
2417,3924
2417,3420
2418,5476
2418,773
2418,6761
2418,48
2418,8018
2418,2011
2419,6899
2419,7349
2419,5687
2419,1658
2419,9917
2420,6560
2420,7747
2420,2277
2420,2876
2420,7756
2420,4026
2420,6172
2421,2520
2421,8603
2421,3111
2422,4605
2422,419
2422,7621
2422,5702
2422,5255
2422,1959
2422,6918
2422,7181
2422,4240
2422,8529
2422,2205
2422,5375
2423,6852
2423,8164
2423,2953
2423,3307
2423,9068
2423,1389
2423,6479
2423,9080
2423,8223
2424,5889
2424,9317
2424,7239
2424,8423
2424,7595
2424,6957
2425,8257
2425,8547
2425,9799
2425,2543
2426,6403
2426,12
2426,6999
2426,6455
2427,6656
2427,8835
2427,4548
2427,7338
2427,5198
2427,7197
2428,7235
2428,9451
2428,5485
2428,174
2428,6735
2428,338
2428,1845
2428,6966
2428,2870
2428,1278
2429,1121
2429,710
2429,7562
2429,8271
2429,1845
2429,6009
2429,927
2430,2049
2430,4742
2430,2157
2430,8045
2430,6960
2430,8145
2431,8288
2431,5574
2431,8395
2431,3309
2431,4596
2432,7777
2432,5198
2432,7719
2433,6488
2433,4092
2433,3552
2433,4158
2434,2505
2434,8433
2434,5428
2434,3002
2434,509
2434,7134
2434,3551
2436,6823
2436,4268
2436,8500
2436,9592
2436,8350
2437,376
2437,1320
2437,6701
2437,6925
2437,4270
2437,8176
2437,7698
2437,7635
2437,7826
2437,4600
2437,7454
2438,2308
2438,8230
2439,4576
2439,547
2439,2275
2439,4068
2439,7099
2439,8709
2439,7976
2439,1973
2439,6488
2439,6075
2439,4605
2440,7564
2440,6132
2440,5909
2440,3543
2440,5561
2440,2973
2441,8913
2441,8818
2442,9953
2442,3994
2442,2180
2442,9982
2443,1639
2443,5518
2443,6551
2443,8568
2443,1851
2443,4223
2444,3353
2445,7591
2445,2536
2445,6826
2445,9227
2445,7471
2445,2033
2445,3858
2445,9301
2445,2613
2445,927
2445,5087
2446,3017
2446,427
2446,7059
2446,1716
2446,694
2446,3961
2446,1918
2447,4608
2447,7593
2447,1658
2447,9867
2448,5123
2448,8707
2448,649
2448,19
2448,2486
2448,5657
2449,263
2449,7196
2449,6349
2449,9201
2449,8018
2449,2676
2449,5462
2449,8380
2449,7486
2450,6592
2450,1888
2450,6499
2450,3779
2450,5035
2450,3441
2450,817
2450,1619
2450,4276
2450,220
2450,7775
2451,2560
2451,4066
2451,6531
2451,1060
2451,9251
2451,4454
2451,4391
2451,6760
2451,486
2451,7278
2451,5489
2451,3061
2451,7288
2451,5722
2452,4320
2452,8423
2452,8108
2452,2673
2452,2678
2452,1209
2453,6400
2453,9635
2453,5099
2453,9548
2453,1708
2453,6414
2453,2288
2453,4499
2453,7449
2453,9469
2454,4672
2454,3012
2454,5163
2454,2828
2454,9262
2454,1935
2454,8336
2454,7832
2454,7131
2454,1693
2455,5509
2455,4841
2455,3917
2455,2320
2455,8275
2455,6107
2456,2497
2456,2403
2456,4517
2456,2794
2456,5515
2456,525
2456,9038
2456,8463
2456,7921
2457,66
2457,4003
2457,6888
2457,5580
2457,1612
2457,8476
2457,9244
2457,8254
2458,4192
2458,5252
2458,8839
2459,6661
2459,7724
2459,2285
2459,4756
2459,5622
2460,6992
2460,8841
2460,6085
2461,2896
2461,4306
2461,5970
2461,1173
2461,8122
2461,1340
2462,576
2462,1341
2462,5013
2462,2151
2463,8897
2463,1121
2463,4771
2463,8548
2463,7076
2463,6980
2463,6730
2463,1809
2463,7538
2463,50
2463,9556
2464,7744
2464,8495
2465,8778
2465,7117
2465,6096
2465,4563
2465,9141
2465,1463
2465,8601
2466,3300
2466,494
2466,8215
2466,8057
2466,7834
2466,6140
2466,4863
2467,8708
2467,4590
2467,3599
2467,2448
2467,8561
2467,4406
2467,2426
2467,2172
2468,1505
2468,5700
2468,7589
2468,5835
2468,1330
2468,8498
2468,8535
2468,8954
2468,8763
2469,9751
2469,2536
2469,4461
2469,463
2469,2868
2469,662
2469,3479
2469,2106
2469,95
2470,9217
2470,6754
2470,5860
2470,2746
2470,8571
2471,3601
2471,4061
2471,25
2472,7907
2472,5444
2472,2341
2472,3911
2472,1867
2472,4766
2472,3533
2472,942
2472,5740
2472,2640
2472,8087
2472,2706
2472,6514
2472,6996
2472,7063
2472,5214
2473,355
2473,395
2473,1616
2473,755
2473,4916
2473,4661
2473,5912
2473,125
2474,2169
2474,5780
2475,4058
2475,2957
2476,3538
2476,34
2476,3534
2476,3431
2477,2753
2477,2882
2477,7334
2477,3689
2477,5171
2477,405
2477,4473
2477,6749
2478,6496
2478,7460
2479,5529
2479,5388
2479,7951
2480,485
2480,3914
2480,7499
2480,5487
2480,3737
2480,1946
2480,443
2481,9701
2481,5354
2481,6701
2481,8054
2481,8986
2482,4966
2482,3537
2482,9010
2482,1081
2482,7707
2483,5978
2483,9167
2484,137
2484,5100
2484,1689
2484,6750
2484,8575
2485,6438
2485,8719
2485,4720
2485,6706
2485,6168
2485,8985
2486,6944
2486,356
2486,5572
2486,876
2486,7826
2486,7954
2486,1234
2486,5237
2486,56
2486,5403
2487,8317
2488,8433
2488,2435
2488,2119
2489,2976
2489,7554
2489,3175
2489,2184
2489,14
2489,7671
2489,1116
2490,4504
2490,5529
2491,4376
2491,665
2491,194
2491,806
2492,6240
2492,421
2493,2457
2493,6485
2494,6663
2495,3161
2495,8019
2495,6803
2496,3616
2496,5122
2496,5188
2496,5257
2496,1580
2496,7791
2496,6517
2496,5566
2497,4929
2497,5350
2497,6760
2497,9033
2497,8760
2497,409
2498,897
2498,9123
2498,7235
2498,7974
2498,6345
2498,5547
2498,9231
2498,7762
2498,1363
2498,4470
2498,5277
2498,7870
2498,8671
2499,1348
2499,5190
2499,3822
2499,2127
2499,1043
2499,8470
2499,5110
2501,5985
2501,6211
2501,2182
2501,72
2501,2894
2501,5038
2501,1373
2502,5404
2502,7365
2503,5571
2503,4361
2503,1230
2503,3984
2503,6706
2503,2932
2503,7421
2504,1764
2504,4997
2504,5100
2504,3246
2504,8373
2504,6678
2505,4617
2505,5740
2505,6975
2505,3463
2507,7472
2507,1202
2507,8845
2507,1662
2508,3145
2508,5965
2508,4241
2508,4467
2508,9268
2508,9301
2508,8281
2509,8705
2509,2562
2509,3974
2509,8558
2509,3471
2509,4431
2509,1588
2510,7360
2510,1827
2510,1732
2510,6981
2510,362
2510,4075
2511,3049
2512,7522
2512,5355
2512,5037
2512,6991
2512,6999
2513,6561
2513,4805
2513,5614
2513,3795
2513,3640
2514,9941
2514,1418
2514,189
2514,2143
2515,1792
2515,2303
2515,1163
2515,6029
2515,7839
2515,8503
2515,8220
2515,735
2516,993
2516,7842
2516,3494
2517,2404
2517,2695
2517,4872
2517,2423
2517,4187
2517,1310
2518,164
2518,5133
2518,6454
2518,7415
2518,5691
2518,8286
2519,7684
2520,5107
2521,4161
2521,7364
2521,4235
2521,1395
2521,2419
2521,2518
2522,3107
2522,5603
2522,1096
2522,8968
2522,1326
2522,9883
2523,6785
2523,4931
2523,2699
2523,1901
2523,8270
2523,6509
2523,912
2523,5295
2523,3674
2525,5326
2525,6353
2525,5142
2525,6268
2525,2206
2526,3104
2526,773
2526,1894
2526,6247
2526,8592
2526,2686
2526,4095
2527,6457
2528,5602
2528,8356
2528,5639
2528,3112
2528,3658
2528,3601
2528,8721
2528,6449
2528,8983
2528,6393
2528,2462
2528,1399
2529,4130
2529,1477
2529,4327
2529,8136
2529,2602
2529,5226
2529,6445
2529,2609
2529,3412
2529,6581
2530,2881
2530,5220
2530,8641
2530,6711
2531,3298
2531,196
2531,8616
2531,4301
2531,1933
2531,1645
2531,561
2531,4370
2531,9268
2531,824
2532,449
2532,8226
2532,2402
2532,4515
2532,5573
2532,9604
2532,3845
2532,7020
2532,401
2532,2070
2532,8919
2532,4312
2532,9563
2532,3165
2533,8687
2534,7972
2534,4168
2534,5876
2534,2775
2534,6617
2534,3001
2534,5950
2535,801
2535,3394
2535,3371
2535,6484
2535,117
2535,3100
2535,9631
2536,8544
2536,3139
2536,1731
2536,5061
2536,2630
2536,5383
2536,681
2536,3123
2536,4469
2536,1593
2536,2622
2536,2623
2537,1633
2537,6561
2537,5703
2537,5899
2537,9617
2537,1683
2537,2844
2538,2169
2538,3490
2538,3993
2539,3776
2539,4677
2539,7781
2539,6321
2539,1525
2539,9498
2540,6802
2540,3183
2540,518
2540,7058
2541,9987
2541,3971
2541,2725
2541,6502
2541,9265
2541,9147
2543,1128
2543,3746
2543,3101
2544,7394
2544,9123
2544,8327
2544,1001
2544,6826
2544,3787
2544,786
2544,1235
2544,1270
2544,6747
2544,8254
2545,8060
2545,3939
2545,9100
2546,9250
2546,8329
2546,5577
2546,9739
2546,6319
2546,6169
2546,4734
2547,2096
2547,2112
2547,5699
2547,7054
2548,8640
2548,2360
2548,4136
2548,3608
2548,7818
2548,4280
2549,3755
2550,792
2550,1297
2550,6243
2550,8582
2551,2234
2552,1185
2552,9893
2552,7623
2552,9384
2552,6807
2552,2065
2552,7986
2552,2453
2552,1303
2553,4952
2554,5411
2554,6311
2554,616
2554,5790
2554,9357
2554,3666
2554,7673
2554,1854
2554,159
2555,6723
2555,7747
2555,2983
2555,5672
2555,3627
2555,7468
2555,748
2555,6414
2555,8850
2555,4499
2555,9784
2555,5625
2555,3482
2556,4675
2556,9539
2556,2097
2556,9011
2556,3540
2557,6401
2557,5718
2557,5527
2558,145
2558,2754
2558,507
2558,3398
2559,7289
2560,4577
2560,4581
2560,711
2560,7672
2560,7346
2560,9910
2560,4246
2560,6616
2560,735
2561,5152
2561,2392
2561,5130
2561,7917
2561,3118
2561,3153
2561,2296
2561,4217
2561,956
2562,7719
2562,6346
2562,8138
2562,7436
2562,8525
2562,1805
2562,7727
2562,1386
2562,8717
2562,7608
2562,1789
2563,4329
2563,2957
2563,1142
2563,767
2564,8064
2564,7297
2564,9735
2564,8298
2564,8588
2564,47
2564,1842
2564,8313
2564,4730
2564,5979
2565,3431
2565,7464
2565,2731
2565,8015
2565,2293
2566,4002
2566,6947
2566,351
2566,3499
2566,1554
2566,2904
2566,6744
2566,57
2566,5563
2566,4958
2566,6463
2567,9667
2567,9636
2567,36
2567,8590
2567,1464
2567,1401
2567,2876
2568,736
2568,2883
2568,8842
2568,7307
2568,6094
2568,367
2568,7636
2568,3733
2568,537
2568,6941
2569,1536
2569,7110
2569,3435
2569,3986
2569,319
2570,2855
2570,8264
2570,9449
2570,553
2570,1742
2571,4320
2571,768
2571,5985
2571,1221
2571,1961
2571,3123
2571,6234
2571,8923
2572,8034
2572,3970
2572,2598
2572,3179
2572,811
2572,9421
2572,5584
2572,3955
2572,3733
2572,2554
2572,603
2573,7658
2573,2286
2573,782
2573,3536
2573,1910
2573,956
2574,581
2574,4905
2574,8267
2574,473
2574,139
2574,1165
2574,9943
2574,7161
2575,4000
2575,7970
2575,7046
2575,9415
2575,1516
2575,3660
2575,6513
2575,3572
2575,6777
2575,8794
2575,2908
2576,1891
2576,6565
2576,2469
2576,7495
2576,9515
2576,7757
2576,6094
2576,878
2576,5008
2576,6552
2576,8122
2577,7976
2577,5026
2577,7390
2578,1326
2578,6137
2578,1358
2579,4688
2579,913
2579,1680
2579,8437
2580,6464
2580,8225
2580,333
2580,3118
2580,6197
2580,2045
2581,5504
2581,6705
2581,3090
2581,9298
2581,217
2582,5698
2582,3826
2583,5317
2583,9200
2583,4305
2583,2258
2583,2653
2583,1310
2584,7586
2584,8167
2584,7544
2584,7547
2584,5533
2585,4547
2585,8622
2585,2418
2585,786
2585,2581
2585,5496
2585,7294
2586,1544
2586,3225
2586,1834
2586,4548
2587,4616
2587,4209
2587,9642
2587,8019
2588,8674
2588,6309
2588,6822
2588,8232
2588,9744
2588,4336
2588,4722
2588,5459
2588,8277
2588,62
2589,2371
2589,8644
2589,7622
2589,9964
2589,7632
2589,209
2589,6711
2589,2077
2589,4479
2590,7904
2590,2349
2590,687
2590,5809
2590,7347
2590,6331
2590,3260
2591,3088
2591,3733
2592,4257
2592,3239
2592,843
2592,9647
2592,1139
2592,3828
2592,4374
2592,5047
2592,9560
2592,8827
2592,735
2593,2885
2593,2827
2593,528
2593,3123
2593,8564
2593,3967
2594,561
2594,9259
2595,7737
2595,7222
2596,6473
2596,82
2596,8907
2597,40
2597,7627
2597,1086
2597,3615
2598,5065
2598,6522
2598,5148
2598,5758
2599,5058
2599,259
2600,1883
2600,7926
2601,3304
2601,4363
2601,687
2601,8336
2601,5300
2601,2837
2601,8184
2601,5913
2601,7324
2601,2077
2602,7596
2602,2853
2602,8166
2602,1711
2603,2114
2603,163
2603,743
2603,2027
2603,2610
2603,4185
2603,6426
2603,8284
2603,5407
2604,9131
2604,3901
2605,9764
2605,4806
2605,7656
2605,9197
2605,8238
2605,1325
2605,5518
2605,1463
2605,3449
2606,392
2606,9800
2606,980
2606,2613
2606,2327
2606,7194
2606,2235
2607,2716
2607,1319
2608,1890
2608,7203
2608,7394
2608,1061
2608,168
2608,5322
2608,9901
2608,1935
2608,2417
2608,4499
2608,8121
2608,4766
2610,2581
2610,4527
2611,5861
2611,5094
2611,2759
2611,6727
2611,1642
2611,1867
2611,2321
2611,54
2611,2457
2612,2436
2612,6245
2612,9673
2612,2892
2612,5399
2612,9784
2613,1248
2613,7490
2613,2627
2613,4100
2613,7783
2613,8937
2613,2956
2613,5458
2613,8822
2613,9178
2613,6143
2614,5764
2614,2054
2614,6503
2614,8455
2614,4905
2614,5495
2614,6716
2615,6273
2615,2856
2615,8585
2615,6318
2615,6095
2615,8981
2615,6231
2615,6647
2615,728
2615,9241
2615,1915
2615,5404
2615,1399
2616,1507
2616,6211
2616,1078
2616,5817
2616,4634
2618,162
2618,6436
2618,6980
2618,1702
2618,6699
2618,6672
2618,7410
2618,6040
2618,3294
2619,992
2619,1125
2619,7532
2619,7315
2619,6581
2619,989
2620,743
2620,3604
2620,7958
2620,3927
2621,3041
2621,1640
2621,8107
2621,877
2621,1935
2621,3384
2622,1792
2622,8802
2622,1347
2622,7780
2622,2213
2622,2105
2624,2343
2624,8691
2624,5492
2624,2263
2624,7707
2625,7137
2625,7972
2625,1936
2625,6108
2625,4157
2625,8671
2626,1127
2626,2440
2626,7577
2626,7787
2626,4010
2626,4685
2626,9902
2626,2610
2626,8372
2626,8661
2626,7673
2627,7752
2627,4546
2627,4478
2627,2502
2628,3353
2628,8475
2628,8659
2628,8095
2630,8896
2630,5760
2630,6082
2630,7459
2630,6184
2630,8856
2630,9722
2631,1704
2631,2481
2631,5897
2631,1696
2632,8914
2632,5797
2633,7488
2633,6728
2633,9321
2633,7240
2633,3510
2633,6326
2633,3259
2633,7965
2634,761
2634,1406
2635,2369
2635,6020
2635,181
2635,1530
2635,1468
2635,9855
2636,1602
2636,8938
2636,4205
2636,5521
2636,1363
2637,6021
2637,3594
2637,1868
2637,9613
2637,1144
2637,8703
2638,6400
2638,7712
2638,5031
2638,1258
2638,2903
2638,6999
2638,5655
2638,4825
2638,8127
2639,3012
2639,4485
2639,6718
2639,4618
2639,9886
2640,519
2640,8455
2640,1161
2640,7253
2640,5209
2640,4731
2640,6268
2641,6855
2641,2025
2641,7150
2641,9007
2641,1008
2641,2932
2641,7957
2641,4598
2642,452
2642,9291
2642,8619
2642,3758
2642,2448
2642,3571
2642,9942
2642,1913
2642,7103
2643,152
2643,9057
2643,5410
2643,525
2644,4864
2644,6720
2644,4322
2644,9107
2644,7384
2644,1657
2644,2170
2644,4222
2644,7135
2645,7809
2645,2316
2645,2541
2645,1807
2645,9906
2645,3637
2645,1719
2646,8615
2646,5512
2646,7500
2646,3853
2646,114
2646,5141
2646,4378
2646,1630
2646,5855
2647,8929
2647,2690
2647,116
2647,6806
2647,8378
2648,6183
2648,2169
2648,698
2648,8155
2648,6207
2649,99
2649,1611
2649,8084
2649,5269
2649,6517
2649,567
2649,3641
2649,6398
2650,2313
2651,9442
2651,7476
2652,9853
2652,4902
2652,6061
2652,719
2652,3664
2652,4663
2652,1656
2652,7707
2652,3101
2653,6055
2653,7146
2653,8875
2653,1996
2653,788
2653,1302
2653,4859
2654,7826
2654,3500
2655,1930
2655,356
2656,6626
2656,4445
2656,6290
2657,7424
2657,7619
2657,3149
2657,7182
2657,4625
2657,4499
2657,6195
2657,5758
2658,2487
2658,1347
2658,9339
2658,5727
2659,2465
2659,2471
2659,8238
2659,3346
2659,6746
2660,9667
2660,1543
2660,4839
2660,4487
2660,3831
2660,4143
2660,6768
2660,1054
2660,920
2660,4667
2660,4541
2660,2718
2660,7711
2661,1033
2662,1882
2663,7616
2663,228
2663,2244
2663,3846
2663,2694
2663,4776
2663,4329
2663,9353
2663,9388
2663,7377
2663,2806
2663,1048
2663,6649
2664,7427
2664,4579
2664,6117
2664,2066
2664,7188
2664,9751
2665,546
2665,3683
2665,2311
2665,1735
2665,9737
2665,364
2665,8879
2665,9265
2665,8755
2665,4984
2665,5048
2665,4511
2666,2944
2666,2779
2666,7005
2667,5888
2667,8355
2667,4377
2667,986
2667,7133
2668,4400
2668,8036
2668,4341
2668,4132
2669,1353
2669,43
2669,1427
2669,1404
2670,7584
2670,6625
2670,8776
2670,5616
2670,9810
2670,3678
2671,8736
2671,6802
2671,6195
2671,3381
2671,632
2671,9721
2671,8251
2671,2108
2671,9215
2672,3427
2672,6022
2672,2440
2672,6506
2672,9759
2672,9005
2672,983
2672,2996
2672,2004
2672,6164
2672,1686
2672,3766
2672,5526
2672,4311
2672,7643
2672,5469
2672,9919
2673,8760
2673,8361
2673,422
2673,6326
2674,4988
2674,8936
2674,7530
2674,5803
2674,9004
2674,7310
2674,3441
2674,5553
2674,8563
2674,8476
2674,6358
2674,6108
2674,1086
2675,5536
2675,3361
2675,9698
2675,6432
2675,9670
2675,1299
2675,2937
2676,3281
2676,2025
2676,614
2676,6023
2677,4526
2677,3028
2677,1812
2677,8470
2677,9398
2678,2592
2678,6274
2678,1892
2678,805
2678,2425
2678,781
2678,4813
2678,6094
2678,8592
2678,7088
2678,2038
2678,9497
2678,8731
2679,39
2679,6187
2679,2668
2679,5842
2679,2548
2679,1814
2679,1337
2680,2274
2680,547
2680,4258
2680,326
2680,7241
2680,5929
2680,2872
2681,7917
2681,6261
2682,7357
2682,494
2682,7879
2683,4354
2683,7011
2683,7339
2683,2059
2683,3824
2683,341
2683,7031
2683,4924
2683,1630
2684,6629
2684,7847
2684,2184
2684,3057
2684,913
2684,6198
2684,8184
2685,866
2685,1123
2685,3652
2685,8229
2685,8873
2685,170
2685,5833
2685,177
2685,6839
2685,7736
2685,1113
2686,807
2686,6845
2686,1311
2687,135
2687,9904
2687,7505
2687,1780
2687,956
2688,8773
2688,5453
2688,1165
2688,3702
2688,3002
2689,611
2689,6860
2689,8332
2689,5363
2689,1270
2690,7760
2690,6236
2691,6635
2691,4336
2691,1496
2691,6393
2691,5659
2691,4606
2692,6481
2692,4337
2693,8795
2693,8355
2694,4769
2694,9040
2694,1744
2694,4789
2694,6909
2695,1455
2695,1119
2696,1188
2696,1786
2696,5126
2696,6921
2696,1295
2696,7443
2696,5876
2696,5621
2696,2387
2696,2008
2696,7162
2696,8123
2697,2725
2697,7355
2697,654
2697,2936
2697,2267
2697,6622
2698,6685
2698,4674
2698,3140
2698,9386
2698,9970
2698,9686
2698,7513
2698,4986
2698,2041
2698,5631
2699,1352
2699,7448
2699,1779
2699,5555
2700,9985
2700,3301
2700,8647
2700,6255
2700,3697
2700,3732
2700,4377
2700,4831
2701,806
2701,977
2701,4788
2701,5014
2702,6272
2703,2272
2703,2625
2703,1518
2703,8815
2703,4562
2703,7573
2703,9755
2703,2078
2703,6239
2704,6788
2704,8101
2704,9354
2704,5868
2704,8076
2704,8783
2704,4694
2704,2487
2705,8504
2705,326
2705,652
2705,3153
2705,6963
2705,5528
2707,8995
2707,1260
2707,6188
2707,5108
2707,2741
2707,5910
2707,7575
2707,575
2708,4422
2708,3368
2708,5546
2708,6379
2708,6096
2708,860
2708,9887
2709,3617
2709,3138
2709,337
2709,3316
2709,3060
2709,1718
2709,6455
2709,2876
2709,5439
2710,6892
2710,3846
2711,6193
2711,8867
2711,8587
2711,427
2712,8201
2713,8419
2713,6599
2713,5644
2713,7056
2713,4689
2713,83
2713,8666
2713,3932
2714,881
2714,1919
2714,3173
2714,5037
2715,4711
2715,3304
2715,2123
2715,1680
2715,9657
2715,9119
2716,1120
2716,2312
2716,6020
2716,2782
2717,6912
2717,3801
2717,7163
2717,8182
2718,7489
2718,9992
2718,4624
2718,5080
2718,9082
2719,2054
2719,5575
2719,1514
2719,8268
2719,1392
2719,3829
2720,5289
2720,8295
2721,1177
2721,2246
2721,9630
2722,1733
2722,620
2722,5366
2722,1113
2722,123
2723,5315
2723,8742
2723,9064
2723,3576
2723,3151
2723,3920
2723,8912
2723,6776
2723,8831
2724,6177
2724,6019
2724,5445
2724,3417
2724,3689
2724,4304
2724,8180
2724,3350
2724,3225
2724,4159
2725,9767
2725,882
2725,2742
2725,2647
2725,1176
2725,729
2725,8031
2726,2208
2726,3105
2726,77
2726,925
2726,4467
2726,7770
2726,8125
2726,2970
2726,3935
2727,4131
2727,4134
2727,619
2727,1261
2727,8686
2727,6831
2727,8247
2727,4634
2727,6395
2728,3041
2728,4968
2728,1649
2728,3957
2728,4601
2728,8764
2728,2973
2729,8068
2729,7177
2729,941
2729,4183
2729,1820
2730,3426
2730,332
2730,2935
2730,5680
2730,241
2730,8436
2730,3892
2730,8023
2731,4740
2731,6893
2731,3413
2731,5112
2731,9307
2731,1214
2732,509
2732,962
2732,35
2732,2131
2732,4791
2732,7229
2733,635
2733,8579
2734,9541
2734,5388
2734,5522
2734,9525
2734,1494
2734,3965
2735,2385
2735,5978
2735,7301
2735,1438
2736,2306
2736,6755
2736,5125
2736,5749
2736,5720
2736,991
2737,5954
2737,5227
2737,396
2737,8691
2737,3516
2738,9441
2738,8227
2738,776
2738,2606
2738,2643
2738,2740
2738,9942
2738,4822
2738,1083
2738,1887
2739,9834
2739,625
2739,9236
2739,1556
2739,4886
2740,5401
2741,5232
2741,1194
2741,294
2742,450
2742,8988
2743,6723
2743,8198
2743,6569
2743,658
2743,7028
2743,6648
2743,5083
2744,4901
2744,3814
2745,6048
2745,6083
2745,3238
2745,5963
2745,5931
2745,7563
2745,7183
2745,785
2745,6840
2745,9177
2745,5982
2746,8607
2746,8023
2746,9038
2746,7175
2747,5361
2748,3748
2748,2314
2748,7661
2748,2158
2748,6382
2748,2865
2748,9809
2748,29
2748,7094
2748,8471
2748,253
2748,6846
2749,3432
2749,5943
2750,6797
2750,4210
2750,2613
2750,8504
2750,2459
2751,8544
2751,9793
2751,6081
2751,3970
2751,2245
2751,7302
2751,967
2751,1032
2751,6889
2751,746
2751,1071
2751,1718
2752,1064
2752,7218
2752,5107
2753,7398
2754,7535
2755,2945
2755,6660
2755,6309
2755,455
2755,9162
2755,2668
2755,2032
2755,177
2755,305
2755,2099
2755,1048
2755,8187
2756,1252
2756,2854
2756,2154
2756,2260
2756,4566
2757,3298
2757,7
2757,4811
2757,791
2757,3120
2757,5941
2757,3447
2757,4505
2757,1916
2758,9669
2758,5510
2758,5287
2758,8201
2758,3678
2758,2096
2758,3378
2758,1267
2758,2266
2758,6716
2758,2974
2759,6180
2759,8422
2759,4168
2759,8744
2759,6731
2759,9867
2759,2705
2759,7350
2760,8514
2760,4709
2760,1929
2760,2189
2760,2005
2760,5143
2760,8318
2760,4190
2762,1122
2762,2434
2762,1031
2762,6825
2762,5099
2762,7086
2762,7710
2763,6593
2763,9729
2763,1820
2763,5101
2763,7283
2763,7124
2763,6196
2763,1724
2764,3072
2764,5057
2764,3809
2764,3405
2764,3440
2764,3474
2765,1883
2765,4499
2766,8761
2766,2211
2766,6695
2766,7119
2767,3907
2767,8835
2767,6437
2767,8807
2767,7469
2767,569
2767,7291
2768,3938
2768,2062
2768,5042
2768,7412
2768,6232
2768,6393
2768,318
2768,6367
2769,880
2769,1884
2769,2887
2770,2745
2771,4856
2771,6236
2771,1573
2771,8503
2773,7969
2773,5675
2773,1907
2773,9173
2773,4341
2773,3007
2773,6269
2773,1151
2774,1697
2774,5121
2774,4644
2774,1060
2774,9237
2774,855
2774,2236
2774,8542
2774,4511
2775,6273
2775,2081
2775,5828
2775,8549
2775,1222
2775,1929
2775,3917
2775,7632
2775,5269
2776,1281
2776,2853
2776,1190
2776,7910
2776,7958
2777,5848
2777,4769
2778,7720
2778,3049
2778,6955
2778,3083
2778,2293
2778,343
2778,857
2778,1850
2778,5180
2778,4830
2779,8544
2779,6644
2779,734
2780,9121
2780,3335
2780,8940
2780,1234
2780,1592
2780,7611
2781,2592
2781,1063
2781,1643
2781,171
2781,4653
2781,6289
2781,444
2781,7356
2781,5405
2782,4356
2782,424
2782,5833
2782,1624
2782,2226
2782,9555
2782,8052
2782,6357
2782,214
2782,5176
2783,7228
2783,2557
2783,5495
2784,9953
2784,7650
2784,5134
2784,3247
2784,2354
2784,2483
2784,6518
2784,3064
2784,5753
2784,92
2785,7907
2785,5161
2785,1996
2785,5261
2785,7028
2785,3349
2785,4950
2786,3747
2786,9099
2786,7374
2786,8947
2786,9789
2787,5184
2787,8775
2787,3289
2787,6139
2787,4606
2788,7522
2788,9596
2789,8855
2790,9030
2790,8335
2790,9264
2790,6994
2790,6420
2790,5175
2790,4089
2791,718
2791,1489
2791,8981
2791,3413
2791,3125
2791,6584
2791,7483
2791,5183
2792,6308
2792,72
2792,3662
2792,6005
2792,4437
2792,3288
2792,8249
2792,61
2793,556
2793,3701
2794,1089
2794,8769
2794,293
2794,2598
2794,7114
2794,1162
2794,1132
2794,7115
2794,3089
2794,178
2794,1747
2794,3254
2795,8704
2795,9892
2795,522
2795,1291
2795,4460
2795,8748
2795,7503
2795,591
2795,2033
2795,7791
2795,4473
2795,2396
2796,3330
2796,679
2796,5416
2796,2122
2796,77
2796,1395
2796,7380
2796,1686
2796,4218
2796,4255
2797,4832
2797,3588
2797,8444
2797,7951
2798,1571
2798,8196
2798,453
2798,198
2798,5638
2798,4778
2798,7660
2798,3183
2798,2396
2798,253
2799,3335
2799,4552
2799,6029
2799,4879
2799,9811
2799,1239
2799,4891
2800,6192
2800,245
2801,5221
2801,2737
2801,5522
2801,1589
2801,7935
2802,7602
2802,333
2802,2381
2802,895
2803,3136
2803,8354
2803,4515
2803,6020
2803,1925
2803,3269
2803,7273
2803,4489
2803,5231
2804,5185
2804,1506
2804,5890
2804,7105
2804,7556
2804,3662
2804,4184
2805,6086
2805,1394
2805,469
2805,826
2805,6175
2806,8569
2806,5618
2806,8340
2806,3029
2807,3744
2807,7042
2807,5764
2807,9671
2807,2985
2807,1583
2807,6992
2807,1683
2807,9275
2808,9670
2808,711
2808,397
2808,2004
2808,8789
2808,825
2808,2617
2808,1850
2808,222
2808,4383
2809,2591
2810,8064
2810,9652
2812,325
2812,9885
2812,8039
2812,5320
2812,8522
2812,8210
2812,9654
2812,1917
2813,1799
2813,911
2814,9856
2814,8452
2814,5965
2814,1268
2814,1725
2815,6812
2815,6020
2815,2437
2815,9637
2815,2918
2815,905
2815,5610
2815,8365
2815,8238
2815,8881
2815,5617
2815,4508
2815,6079
2816,3376
2816,2330
2816,5326
2816,4191
2817,769
2817,3682
2817,6243
2817,1352
2817,5963
2817,6222
2817,2961
2817,5396
2817,7733
2817,2588
2817,2398
2817,8031
2818,1688
2818,528
2820,6465
2820,1744
2820,2225
2820,4504
2820,5529
2821,6565
2821,2603
2821,973
2821,8662
2821,7671
2821,1846
2821,5471
2822,1940
2822,422
2823,753
2823,2551
2824,1413
2824,6934
2825,2528
2825,9795
2825,2507
2825,176
2825,402
2825,9210
2826,648
2826,7223
2827,8649
2827,1498
2827,4533
2827,3513
2827,2938
2827,7774
2828,8896
2828,4263
2828,3753
2828,2065
2828,3477
2828,9784
2828,6175
2829,1632
2829,9696
2829,8997
2829,3945
2829,6236
2829,9840
2829,8593
2829,4371
2829,2908
2830,8409
2830,6309
2831,5727
2831,8894
2831,2143
2832,6820
2832,2820
2832,3140
2833,1472
2833,2465
2833,8328
2833,430
2833,6255
2833,3859
2833,4884
2833,1940
2833,2199
2833,729
2833,3518
2834,3874
2834,8805
2834,1227
2834,6668
2834,5617
2834,4210
2834,6359
2835,2402
2835,3332
2835,3045
2835,8999
2835,3241
2835,2793
2835,5360
2835,7569
2835,9202
2835,6555
2835,471
2835,6203
2836,514
2836,7461
2836,2567
2836,265
2836,3598
2836,9939
2836,7542
2836,2839
2836,8664
2836,4635
2836,2140
2837,8945
2837,4795
2837,7015
2838,4421
2838,4071
2838,7568
2838,5816
2838,1086
2839,5184
2839,9062
2839,9232
2839,9712
2839,3826
2839,6942
2839,4383
2840,7713
2840,2497
2840,8419
2840,2596
2840,6629
2840,744
2840,7466
2840,6578
2840,2355
2840,7186
2840,1465
2840,5049
2840,2012
2841,7463
2841,1480
2841,9296
2841,7446
2841,5755
2842,1897
2842,1522
2843,8900
2843,8424
2843,4940
2843,557
2843,205
2844,49
2844,2173
2844,3261
2844,462
2845,5474
2845,9448
2845,1868
2845,4820
2845,5785
2845,8858
2845,94
2845,9567
2846,7018
2846,1619
2846,9365
2846,838
2847,5561
2847,8210
2847,1251
2848,3328
2848,6625
2848,9193
2848,7435
2848,8339
2848,7701
2848,4503
2848,7613
2849,97
2849,5251
2849,741
2849,3111
2849,6220
2849,5209
2849,8542
2850,970
2850,3918
2850,4304
2850,4438
2850,4919
2850,7133
2851,969
2851,6290
2851,9495
2851,888
2851,7449
2851,2874
2852,5337
2852,1739
2852,6478
2852,2484
2852,8535
2852,8633
2852,5247
2853,6304
2853,228
2853,1415
2853,8744
2853,2602
2853,6059
2853,7442
2853,6450
2853,1975
2854,5344
2854,643
2854,1414
2854,7790
2854,3375
2854,5364
2854,6651
2854,2366
2856,5568
2856,4777
2856,8628
2856,6750
2857,8260
2857,6569
2857,3626
2857,1737
2857,49
2857,6714
2857,3636
2857,8536
2857,4250
2857,6779
2857,2527
2858,7077
2858,263
2858,456
2858,8744
2858,746
2858,6426
2858,4669
2859,8688
2859,2690
2859,6187
2859,3389
2860,1438
2860,2629
2860,4902
2860,4999
2860,2056
2860,2156
2860,9873
2860,2331
2860,1246
2861,3587
2861,8059
2861,967
2861,2377
2861,2635
2861,4621
2861,4025
2861,7515
2861,2270
2862,6076
2862,2828
2863,4112
2863,5672
2863,2219
2863,8575
2864,356
2864,6044
2864,3805
2864,9135
2865,9728
2865,5603
2865,3077
2865,3782
2865,3576
2865,4426
2865,7690
2865,6348
2865,2648
2866,5415
2867,544
2867,6691
2867,5165
2867,3088
2867,7732
2867,1208
2867,5435
2868,2020
2868,6188
2868,6458
2868,2320
2868,8826
2868,3162
2868,9820
2869,7712
2869,5067
2869,5998
2869,3346
2869,6936
2869,4413
2870,7233
2870,6120
2870,9936
2870,9265
2870,4562
2870,8306
2870,8561
2870,7729
2870,5372
2871,6816
2871,8258
2871,8783
2871,1402
2871,4829
2871,926
2872,4457
2872,9770
2873,3618
2874,8107
2874,6660
2874,8638
2875,1587
2875,3371
2875,6244
2876,7928
2876,8085
2876,9622
2877,770
2877,2532
2877,2823
2877,4492
2877,5676
2877,3469
2877,7609
2877,8890
2878,3907
2878,1092
2878,5020
2878,8171
2878,1141
2878,4693
2878,1495
2878,1718
2878,4476
2879,7345
2879,1209
2879,7039
2880,135
2880,7905
2880,5671
2881,5407
2882,1612
2882,7094
2883,914
2883,213
2883,653
2884,3432
2884,6091
2884,3505
2884,4274
2884,4084
2884,7638
2884,598
2884,6399
2885,7434
2885,9995
2885,6987
2885,7149
2885,6415
2885,9841
2885,1522
2885,4953
2885,2079
2885,5951
2886,454
2886,872
2886,1066
2886,4920
2886,7703
2886,8376
2887,4870
2887,135
2887,749
2887,4815
2887,4917
2887,3253
2887,2522
2888,5336
2888,5961
2888,5908
2889,2822
2889,6861
2889,879
2889,4505
2889,381
2890,6432
2892,8449
2892,4387
2892,5220
2892,7751
2892,5138
2892,946
2892,6294
2892,5943
2892,1305
2892,4154
2893,2688
2893,3653
2893,9189
2893,9389
2893,2896
2893,369
2893,1173
2893,3992
2893,2494
2893,8575
2894,548
2895,2720
2895,3604
2896,5839
2897,8345
2897,8538
2897,3090
2897,7519
2898,6305
2898,705
2898,1747
2898,4307
2898,7254
2898,8888
2899,5925
2899,7013
2899,9290
2899,6798
2899,1232
2899,1812
2899,4477
2899,8440
2899,5533
2900,9889
2900,7330
2900,7310
2900,943
2900,8885
2900,8309
2900,8857
2900,9117
2900,5470
2900,3129
2901,6966
2902,1265
2902,6401
2902,59
2902,1437
2903,2130
2903,9668
2904,3426
2904,8196
2904,2089
2904,6704
2904,7647
2905,4384
2905,5345
2905,1826
2905,3535
2905,6000
2905,1878
2905,1721
2905,3002
2906,8386
2906,5829
2906,421
2906,5927
2906,4489
2906,1931
2906,2003
2906,5278
2907,1857
2907,8970
2907,7629
2907,6542
2907,4047
2907,9944
2907,5242
2907,3071
2908,7527
2909,5174
2909,3233
2909,1190
2909,1129
2910,8832
2910,4742
2910,1575
2910,9801
2910,7405
2910,9295
2910,7889
2910,2778
2910,9340
2910,1405
2911,2884
2911,3307
2911,205
2911,5582
2911,5010
2911,8210
2912,8480
2912,2737
2912,5234
2912,1120
2913,4167
2913,3435
2913,1615
2913,9874
2913,243
2913,755
2913,8023
2913,9241
2913,6780
2914,8135
2914,2279
2914,490
2914,54
2914,5723
2915,8725
2915,8999
2916,1387
2916,8251
2916,693
2916,5159
2917,4655
2918,2412
2918,3044
2919,8257
2919,2210
2919,7553
2919,4838
2919,2377
2919,1418
2919,9003
2919,8728
2919,4560
2919,9238
2919,824
2919,542
2921,6241
2921,2306
2921,6572
2921,6510
2921,3282
2921,3864
2921,4830
2922,5088
2922,4803
2922,2915
2922,6286
2922,2255
2922,9052
2923,7682
2923,6538
2923,3596
2923,8172
2923,5584
2923,6577
2923,8304
2923,6901
2923,7990
2923,8025
2923,6876
2924,4126
2925,6873
2925,3546
2925,6859
2925,5093
2926,7588
2926,7816
2926,8464
2926,208
2926,4022
2926,3481
2927,7168
2927,6307
2927,6794
2927,8011
2927,8339
2927,7288
2927,1402
2928,1544
2928,4014
2929,5191
2929,7658
2929,4970
2929,2188
2929,3245
2929,85
2929,4668
2929,8732
2929,7966
2929,223
2930,3074
2930,7595
2930,7021
2930,5487
2930,1200
2930,655
2930,1331
2930,6452
2930,24
2930,7038
2931,899
2931,4813
2931,2993
2931,7923
2931,6591
2932,3586
2932,4038
2932,4076
2932,8783
2932,2553
2932,3322
2932,3323
2932,831
2933,4323
2933,164
2933,8501
2933,415
2934,611
2934,9444
2934,4197
2934,6172
2934,816
2934,5138
2934,4156
2934,8796
2935,3562
2935,983
2935,4954
2935,1791
2936,1030
2937,3234
2937,8068
2937,2469
2937,8013
2937,80
2937,4337
2938,5376
2938,2593
2938,9390
2938,3252
2938,2136
2938,7485
2939,3480
2939,1646
2939,6228
2939,2342
2940,1315
2941,1330
2941,4860
2942,2151
2942,6122
2942,4811
2942,7440
2942,4274
2942,4339
2942,3069
2942,5278
2943,4721
2943,171
2943,2924
2944,8784
2944,1336
2944,2191
2945,228
2945,6152
2945,7534
2945,2783
2945,2866
2945,8340
2945,8055
2945,91
2945,6495
2946,6336
2946,8740
2946,5669
2946,3741
2946,1991
2946,3773
2946,6026
2946,1361
2946,5404
2946,2813
2946,9566
2947,7776
2947,7844
2947,1733
2947,4614
2947,139
2947,6700
2947,8684
2947,8910
2947,4625
2947,2970
2947,567
2947,4634
2947,4190
2947,1695
2948,3849
2948,332
2948,5491
2948,4789
2948,1974
2948,5405
2949,4860
2949,550
2950,4359
2950,6220
2950,3697
2950,1745
2950,7710
2950,4831
2951,3780
2951,6701
2951,5816
2951,561
2951,7862
2951,663
2951,9336
2951,3578
2951,7196
2951,8573
2951,6943
2952,2064
2952,1554
2952,9028
2952,2901
2953,7139
2953,141
2954,4908
2954,6869
2954,5542
2954,5175
2955,7226
2955,331
2955,117
2955,559
2956,4481
2956,206
2956,798
2956,5493
2956,6971
2956,2142
2957,3778
2957,853
2957,6285
2958,1925
2958,1031
2958,3339
2958,2444
2958,6520
2958,2841
2958,1789
2959,6850
2960,2177
2960,1222
2960,4297
2960,460
2960,5426
2960,2102
2960,7064
2960,5342
2960,4958
2961,4801
2961,9740
2961,1606
2962,5524
2962,3766
2963,7110
2963,6566
2963,4809
2963,1481
2963,4012
2963,8685
2963,5554
2963,723
2963,5911
2964,1408
2964,5769
2964,3437
2964,6447
2964,6384
2964,6739
2964,3675
2964,4572
2964,3965
2965,3047
2965,3818
2965,591
2965,2737
2965,4594
2966,361
2966,8954
2966,6397
2966,6199
2967,515
2967,8617
2967,1454
2967,4212
2967,4693
2968,9444
2968,4645
2968,6249
2968,9934
2968,3633
2968,7089
2968,1721
2968,5621
2968,6489
2968,4766
2968,6271
2969,8034
2969,8610
2969,2213
2969,3919
2969,5841
2969,4241
2969,499
2969,8373
2970,3905
2970,1697
2970,7336
2970,9434
2970,9023
2971,1856
2971,5863
2971,6987
2971,3404
2971,8623
2971,5170
2971,8887
2971,3066
2971,3548
2971,4127
2972,7809
2972,5863
2972,6783
2972,9105
2972,181
2972,9430
2972,1656
2972,3707
2972,7357
2972,2559
2973,9352
2973,8169
2973,3987
2975,9088
2975,6852
2975,7364
2975,1741
2975,9165
2975,8816
2976,8678
2976,9354
2976,6076
2976,5804
2976,7597
2976,4299
2976,9743
2976,3761
2976,1650
2976,7706
2976,1756
2977,576
2977,8263
2977,7729
2977,2004
2977,6810
2977,4413
2977,7453
2978,2472
2978,9161
2978,7594
2978,6637
2978,7085
2978,1339
2978,4830
2979,9360
2979,1830
2979,8927
2980,1635
2980,165
2980,5994
2980,8811
2980,3658
2980,7572
2980,5813
2980,7542
2980,7415
2980,5366
2980,3674
2980,5983
2981,3552
2981,8705
2981,7013
2981,9287
2981,8272
2982,5859
2982,8432
2982,1841
2982,8114
2982,7248
2982,5786
2983,2017
2983,9730
2983,1508
2983,6149
2983,5893
2983,8710
2983,3312
2983,7579
2983,1212
2984,4417
2984,6535
2984,2665
2984,2281
2984,5996
2984,48
2984,2673
2984,2747
2984,189
2985,6948
2985,9162
2985,1899
2985,4338
2985,1171
2986,7897
2986,1214
2986,8767
2987,9537
2987,8293
2987,6858
2987,5547
2987,9867
2987,1421
2987,7934
2987,9500
2987,283
2987,604
2987,5053
2987,4670
2988,9985
2988,6853
2988,3630
2988,7098
2988,7707
2988,4637
2989,3080
2989,5614
2989,3568
2989,7960
2989,1044
2989,3352
2989,3833
2989,7999
2990,6531
2990,6953
2990,8048
2990,3032
2990,8921
2990,7293
2991,1501
2991,417
2991,5765
2991,1318
2991,3335
2991,3434
2991,1514
2991,2474
2991,8309
2991,6550
2991,6391
2991,3292
2991,5533
2991,9788
2992,2514
2992,7989
2992,1418
2993,1587
2993,7413
2993,1397
2993,3830
2993,444
2994,7779
2994,7978
2994,6739
2994,4980
2994,2934
2994,8698
2994,3579
2995,728
2995,1611
2996,3266
2996,587
2996,1519
2996,3152
2996,7471
2996,6129
2996,820
2996,346
2997,8281
2997,1141
2997,9301
2997,7335
2998,5168
2998,6283
2998,5093
2999,7690
2999,4788
3000,5633
3000,4615
3000,8264
3000,6089
3000,3531
3000,3599
3000,1905
3000,4915
3000,9816
3000,8319
3001,255
3001,7271
3001,2732
3001,2960
3001,9653
3001,3518
3001,1407
3002,2848
3002,7073
3002,4129
3002,7461
3002,9611
3002,4331
3002,1303
3002,7743
3003,5705
3003,8075
3003,8431
3003,4497
3003,5362
3003,2452
3003,6997
3003,7451
3004,2600
3004,6809
3004,3581
3004,3918
3005,7938
3005,8133
3005,6181
3005,3526
3005,1925
3005,2335
3006,1187
3006,1732
3006,8165
3006,5413
3006,3724
3006,9518
3006,895
3007,9281
3007,5186
3007,6595
3007,5060
3007,263
3007,3243
3007,4886
3008,7201
3008,7684
3008,2607
3009,7616
3009,3275
3009,5359
3009,9841
3009,210
3009,2901
3009,7573
3009,2168
3009,1340
3009,5661
3010,1121
3010,8014
3010,7158
3010,6829
3011,4784
3011,6579
3011,1404
3011,2871
3012,4775
3012,1452
3012,8019
3012,2291
3012,5013
3012,6008
3012,2586
3012,7900
3013,9188
3013,9414
3013,8968
3013,7817
3013,4399
3013,2999
3013,4414
3014,7559
3014,9289
3014,4110
3014,2680
3014,25
3014,4443
3015,1696
3015,4705
3015,9348
3015,8551
3015,4239
3015,1008
3015,8687
3015,8242
3015,4863
3015,2739
3015,1882
3015,831
3017,9506
3017,9000
3017,2026
3017,8010
3017,4621
3017,2733
3017,3283
3017,4211
3017,1914
3018,8200
3018,7962
3018,3435
3018,8589
3019,8288
3019,4897
3019,7718
3019,3050
3019,2028
3019,3181
3019,1837
3019,405
3019,3415
3019,6556
3019,7070
3020,4033
3020,4020
3020,8668
3020,1940
3021,422
3021,2696
3021,5002
3021,527
3021,2002
3021,596
3021,4189
3021,7998
3021,8127
3022,6946
3022,98
3022,9383
3022,936
3022,9930
3022,9226
3022,7378
3022,7612
3022,1373
3023,4985
3023,9477
3023,7691
3023,588
3023,1721
3024,2121
3024,174
3024,9039
3024,7727
3024,3662
3024,8273
3024,7635
3024,6964
3024,8700
3024,926
3024,2202
3024,3516
3024,6558
3025,2081
3025,4329
3025,6712
3025,8188
3025,6301
3026,928
3026,3554
3026,3491
3026,7634
3026,4949
3026,8409
3028,4229
3028,1925
3028,4103
3028,4456
3028,5673
3028,6667
3028,1805
3028,1296
3028,2129
3028,7440
3028,1404
3028,5150
3029,8667
3029,5126
3030,6784
3030,5448
3030,2830
3030,3314
3030,3479
3030,5500
3031,9674
3031,4267
3031,5085
3031,6678
3032,835
3032,6202
3032,603
3033,1680
3033,5273
3033,1875
3033,7549
3034,8635
3035,9280
3035,6114
3035,4229
3035,5541
3035,69
3035,8681
3035,9865
3035,2767
3035,1395
3035,7896
3035,1340
3035,7615
3036,705
3036,8290
3036,6179
3036,6244
3036,1926
3036,5223
3036,5961
3036,7210
3036,1646
3036,9070
3036,5362
3036,5818
3036,8189
3036,4350
3037,8128
3037,1666
3037,5058
3037,1370
3037,5520
3037,1140
3037,4569
3037,6938
3038,6464
3038,4675
3038,1512
3038,6989
3038,2269
3039,1993
3039,2616
3039,3531
3039,6608
3039,3667
3039,243
3039,1464
3039,2236
3040,7236
3040,4553
3040,6122
3040,8139
3040,460
3040,8943
3040,7195
3040,9758
3040,2495
3041,1387
3041,8621
3042,7168
3042,8225
3042,5767
3042,3879
3042,7531
3042,4812
3042,7820
3042,2011
3042,732
3042,6205
3043,3118
3043,1878
3044,2528
3044,2084
3044,3461
3044,7799
3044,1229
3044,5975
3044,7960
3044,8281
3044,5082
3044,9724
3044,4637
3045,1770
3045,4076
3046,5089
3046,4582
3047,1137
3047,7730
3047,1411
3047,517
3048,3912
3048,5933
3048,1428
3048,6905
3048,2555
3049,2021
3049,2411
3049,2967
3049,2811
3049,8510
3050,3105
3050,2088
3050,4366
3050,7516
3050,1278
3051,2596
3051,5317
3051,5054
3051,5591
3052,6631
3052,6379
3052,8951
3052,6893
3052,7860
3052,117
3052,4086
3052,8375
3053,7846
3053,6192
3053,7569
3053,5075
3053,6363
3053,2142
3053,9535
3054,7297
3054,4804
3054,2821
3054,5509
3054,6236
3054,7643
3054,9884
3055,6649
3055,17
3056,9408
3056,5485
3056,7920
3056,8913
3056,7378
3056,4918
3057,4167
3057,8585
3057,1230
3057,4494
3057,5457
3057,6235
3057,3678
3058,9569
3058,3863
3060,4322
3060,1406
3060,258
3060,5385
3060,8917
3060,5976
3060,3293
3060,7326
3061,7106
3061,2182
3061,3688
3061,9102
3061,5936
3061,7413
3061,4215
3062,6659
3062,1673
3062,6154
3062,178
3062,8499
3062,8254
3062,4222
3063,3440
3063,1099
3063,6854
3064,8834
3064,7974
3064,1095
3064,7413
3064,3230
3065,5752
3065,528
3066,359
3066,361
3066,5392
3066,2007
3066,5983
3067,68
3067,8229
3067,8167
3067,3024
3067,4081
3067,4819
3067,7509
3067,7061
3067,5274
3068,4290
3068,356
3068,4778
3068,331
3068,6668
3068,3598
3068,3183
3068,1977
3068,730
3068,1147
3068,9852
3068,3774
3069,6882
3069,8708
3069,4680
3069,2570
3069,562
3069,9462
3069,8922
3070,4805
3070,7853
3070,4433
3070,2324
3070,8632
3070,4345
3071,5508
3071,520
3071,9932
3071,9971
3071,1244
3072,8610
3072,4003
3072,2276
3072,1673
3072,1630
3072,4625
3072,2775
3072,7678
3073,1089
3073,1859
3073,6148
3073,8744
3073,2383
3073,4305
3073,2611
3073,5011
3073,54
3073,5850
3073,6559
3074,6227
3075,1187
3075,6696
3075,3310
3075,5006
3075,4944
3075,9329
3075,9242
3075,5567
3076,8992
3076,5609
3076,1018
3076,2155
3077,512
3077,2661
3077,4663
3077,679
3077,1519
3077,3345
3077,4147
3077,2230
3077,4795
3077,2808
3077,3673
3077,1147
3077,1660
3077,4413
3078,1028
3078,1348
3078,1096
3078,1389
3078,3535
3078,3472
3078,6749
3079,4968
3079,5625
3079,6895
3080,928
3080,4891
3080,1591
3080,479
3081,6850
3081,4389
3081,7116
3081,1904
3081,8054
3081,5149
3082,128
3082,4865
3082,5922
3082,4420
3082,646
3082,2858
3082,7822
3082,9424
3082,4946
3082,7956
3082,693
3082,6741
3082,4601
3082,2206
3083,9280
3083,1187
3083,1158
3083,7815
3083,8203
3083,6507
3083,178
3083,9365
3083,5500
3084,5349
3084,7592
3084,7370
3084,2475
3084,8429
3084,4973
3084,1842
3084,882
3084,7416
3084,8857
3084,6236
3085,6224
3085,2195
3085,3124
3085,686
3086,5391
3086,4528
3086,913
3086,312
3086,4154
3086,8188
3086,1150
3086,8735
3087,5197
3087,3774
3088,7150
3088,3824
3088,2450
3088,500
3088,7191
3088,252
3088,1438
3089,3169
3089,6406
3089,1128
3089,9100
3089,9688
3090,2368
3091,6872
3091,6728
3091,277
3091,5030
3092,9473
3092,4272
3092,9778
3092,1778
3092,6582
3093,5096
3094,4768
3094,8714
3094,1290
3094,1327
3094,6224
3094,3313
3094,786
3094,1683
3094,6324
3094,4794
3094,3512
3094,4665
3094,6074
3094,7068
3094,2237
3095,5462
3096,802
3096,2275
3096,6148
3096,1475
3096,5863
3096,4999
3096,5833
3096,2929
3096,2099
3096,2583
3096,8697
3096,5691
3096,1566
3096,7903
3097,4418
3097,3939
3097,1193
3097,7183
3097,2320
3097,8019
3097,5629
3098,6993
3098,8065
3098,9996
3098,9598
3099,7793
3099,106
3099,2500
3099,9830
3100,6050
3100,1363
3100,7492
3100,765
3101,467
3101,1420
3102,3131
3102,8220
3102,8926
3102,3431
3103,4513
3103,225
3103,2303
3103,8932
3103,4582
3103,4136
3103,7368
3103,4552
3103,3563
3103,4620
3103,4752
3103,6549
3103,7736
3103,7162
3103,6973
3103,3359
3104,5922
3104,9571
3104,7270
3104,8621
3104,3568
3104,1555
3104,2103
3104,8411
3104,3486
3105,2176
3105,5281
3105,3330
3105,5029
3105,5318
3105,5549
3105,3886
3105,5133
3105,8598
3105,56
3105,7804
3105,3999
3106,4868
3106,6061
3107,9952
3107,2882
3107,196
3107,4663
3107,6344
3107,5773
3107,5678
3107,3472
3107,5267
3107,2739
3107,1690
3107,316
3107,9847
3107,9210
3107,5820
3107,703
3108,7469
3108,4142
3108,7919
3108,5053
3108,1437
3109,8219
3110,3200
3110,4167
3110,3626
3110,5226
3110,9262
3110,7644
3110,3677
3111,3042
3111,7299
3111,610
3111,7909
3111,2663
3111,553
3111,7499
3111,1488
3111,7346
3111,403
3111,7412
3112,5699
3112,804
3112,7589
3112,4778
3112,8268
3112,2477
3112,2927
3112,4530
3112,9782
3112,22
3112,56
3112,6301
3112,638
3113,5761
3113,3879
3113,6505
3113,5802
3113,2959
3113,8816
3113,1749
3113,8278
3113,8571
3114,9571
3114,8932
3114,7097
3114,6426
3114,6491
3114,8284
3115,3422
3115,6819
3115,2726
3115,424
3115,4361
3115,3914
3115,4462
3115,6255
3115,1135
3115,1618
3115,1182
3115,2462
3116,7554
3116,1922
3116,9032
3116,4043
3116,1836
3116,1303
3116,5200
3116,1618
3116,5493
3116,2775
3116,6428
3116,5950
3117,2113
3117,5858
3117,6148
3117,8231
3117,6445
3117,3726
3117,1007
3117,9074
3117,6778
3117,667
3118,4864
3118,6467
3118,931
3118,612
3118,7339
3118,1327
3118,6904
3118,4310
3118,5271
3118,3512
3119,4994
3119,5956
3119,3397
3119,5862
3119,40
3119,2891
3119,79
3119,2256
3119,6354
3119,4120
3119,3161
3120,2962
3120,150
3120,2954
3121,1657
3122,738
3122,8015
3122,2480
3122,3416
3122,6969
3122,2142
3123,5784
3123,1923
3123,1557
3123,6398
3124,8193
3124,7813
3124,3551
3124,1067
3124,5450
3124,4592
3124,6131
3124,8854
3124,5021
3124,7711
3125,6177
3125,9570
3125,8290
3125,5494
3125,3132
3125,3197
3126,9977
3126,2859
3127,2252
3127,390
3128,8296
3128,8705
3129,8240
3129,322
3129,7284
3129,285
3130,5025
3130,1540
3130,5477
3130,3048
3130,8620
3130,526
3130,7315
3130,3923
3130,3705
3130,8442
3130,4701
3131,7099
3132,6273
3132,7362
3132,2753
3132,7279
3132,1981
3133,7098
3133,2428
3133,2757
3134,3265
3134,4931
3134,5283
3134,4027
3134,7654
3134,675
3134,8958
3134,3030
3134,1911
3134,792
3134,6553
3134,4025
3134,3261
3134,9982
3135,7232
3135,1762
3135,4962
3135,8036
3135,7236
3135,1001
3135,3404
3135,6580
3135,4541
3136,4161
3136,3015
3136,7883
3136,2349
3136,4433
3136,4723
3136,5945
3136,1885
3137,7784
3137,4521
3137,1897
3137,8113
3137,8083
3137,7197
3137,2143
3138,9273
3138,4388
3138,8997
3139,4016
3139,3009
3139,9836
3140,6794
3140,5437
3140,8845
3141,5451
3141,3107
3141,6964
3141,9823
3142,8474
3142,2684
3142,2574
3142,2519
3143,2291
3143,7702
3143,5511
3144,5776
3144,7586
3144,3663
3144,728
3145,9864
3145,7273
3145,9995
3145,2859
3145,6767
3145,6359
3145,8665
3146,7394
3146,6949
3146,9670
3146,1287
3146,8553
3146,2831
3146,3152
3146,2482
3146,120
3146,2491
3147,9792
3147,4930
3147,1286
3147,7529
3147,1900
3147,8689
3147,691
3147,3513
3147,5854
3148,2788
3148,4133
3148,300
3148,2640
3148,4439
3149,418
3149,3971
3149,6762
3149,6865
3149,8339
3149,6556
3150,2904
3150,6738
3150,7349
3150,479
3151,1838
3151,7344
3151,6034
3151,2389
3151,2550
3152,7208
3152,4033
3152,2625
3152,5775
3153,4225
3153,5002
3153,3338
3153,2577
3153,4690
3153,7828
3153,1085
3153,222
3154,8547
3154,3892
3155,655
3156,9120
3156,1029
3156,9958
3156,1712
3156,5203
3156,1913
3156,6939
3157,6316
3157,7631
3157,2228
3157,8693
3157,7061
3157,3675
3157,9788
3157,446
3157,2143
3158,6160
3158,2887
3159,1384
3159,7012
3159,998
3161,4053
3161,7303
3162,3556
3162,2468
3162,2406
3162,7880
3162,9737
3162,361
3162,9327
3162,3926
3162,7198
3163,964
3163,4168
3163,6888
3163,6891
3163,7053
3163,465
3163,2135
3163,5529
3163,5210
3163,191
3164,2279
3164,3914
3164,7539
3164,5844
3164,7513
3165,2950
3165,8273
3165,1620
3165,5462
3165,3932
3165,4350
3166,4132
3166,6884
3166,7720
3166,5036
3166,8333
3166,2350
3166,3292
3166,3070
3167,4288
3167,6882
3167,6563
3167,2950
3167,1544
3167,3551
3168,2432
3168,1383
3169,5570
3169,7174
3169,4748
3169,685
3169,4402
3169,9270
3169,92
3170,5452
3171,4256
3171,4774
3171,2183
3171,2956
3171,6831
3171,2000
3171,687
3171,7895
3171,3513
3171,5307
3172,6208
3172,3009
3172,6305
3172,2948
3172,742
3172,1127
3172,4269
3172,7758
3172,2064
3172,2833
3172,9974
3172,6973
3173,5668
3173,453
3173,9292
3173,4846
3173,6457
3174,9634
3174,8746
3174,4139
3174,411
3174,4092
3174,8701
3175,570
3176,8387
3176,7175
3176,8431
3176,1200
3176,3634
3177,488
3177,7911
3177,8167
3179,1469
3179,7990
3179,2183
3180,7104
3180,9864
3180,3849
3180,7786
3180,3119
3180,178
3180,8540
3180,7353
3180,8956
3180,6239
3181,1037
3181,4254
3181,47
3182,8930
3182,3018
3182,622
3182,1589
3182,8085
3183,9610
3183,8044
3183,3981
3183,6800
3183,6033
3183,52
3183,3959
3183,3097
3183,5087
3184,740
3184,8613
3184,2790
3184,9035
3184,9612
3184,1772
3184,3989
3185,4576
3185,7011
3185,8071
3185,3662
3185,6806
3185,4056
3185,4126
3186,7557
3186,4390
3186,1630
3186,5514
3186,1357
3186,5006
3186,4881
3186,4403
3186,5118
3186,8382
3188,482
3188,1029
3188,7656
3188,8777
3188,6477
3188,2319
3188,9552
3188,8692
3188,791
3188,1758
3189,3585
3189,5253
3189,9095
3189,2622
3189,8841
3189,6922
3189,7275
3189,3182
3189,2382
3189,6131
3189,1301
3189,665
3189,7678
3189,3551
3190,6861
3190,1945
3190,2717
3191,896
3191,1377
3191,6882
3191,2477
3191,9206
3192,6849
3192,5986
3192,1123
3192,3553
3192,3014
3192,6718
3192,2027
3192,9932
3192,6059
3192,9982
3192,9904
3192,6622
3193,3077
3193,1895
3193,232
3193,3113
3193,1805
3193,5748
3193,3514
3193,4027
3194,6565
3194,3864
3194,5334
3194,6520
3194,5305
3194,1210
3194,3581
3194,6431
3195,3249
3195,6119
3196,3746
3196,1861
3196,568
3196,492
3196,590
3196,6865
3196,7636
3196,216
3196,1369
3196,7514
3197,6690
3197,5163
3197,2295
3197,3769
3197,3290
3197,3131
3197,7711
3198,8673
3198,2980
3198,8485
3198,3576
3198,7132
3198,6045
3199,7522
3199,6181
3199,7701
3200,6849
3200,7939
3200,6540
3200,4188
3200,6288
3200,1073
3200,2012
3200,4509
3200,6142
3201,3584
3201,4997
3201,8678
3201,7915
3201,3985
3201,945
3201,6387
3201,2077
3202,7864
3202,4299
3202,7334
3202,2222
3203,104
3203,5228
3203,9037
3203,2286
3203,7501
3203,9040
3203,7151
3203,4722
3203,8466
3203,5971
3203,6070
3203,1558
3203,7670
3203,8697
3203,4540
3204,7506
3204,7431
3205,4659
3205,4773
3205,3579
3206,2452
3206,3326
3206,4071
3207,1986
3207,4136
3207,7726
3207,8846
3207,6068
3207,6269
3207,1918
3208,7940
3208,7428
3209,3890
3209,7925
3210,1115
3211,289
3211,3075
3211,326
3211,1927
3211,1195
3211,4172
3211,9517
3211,9904
3211,8402
3211,725
3211,3254
3211,6589
3212,1505
3212,3016
3212,4555
3212,2606
3212,2194
3212,627
3212,798
3213,9988
3213,742
3213,2633
3213,8907
3213,1744
3213,9873
3213,497
3213,1171
3213,8887
3213,6968
3213,7833
3214,5185
3214,5382
3214,7120
3214,438
3214,3768
3214,3225
3215,9314
3215,2476
3215,6964
3216,2627
3216,2315
3217,291
3217,1027
3217,5223
3217,6475
3217,7243
3217,1300
3217,1908
3217,7292
3217,8093
3218,3713
3218,7816
3218,1099
3218,8940
3218,4652
3218,1134
3218,5267
3218,6814
3219,3715
3219,5639
3219,9847
3219,6122
3219,7148
3219,4146
3219,5974
3219,3991
3220,1979
3220,5736
3220,2026
3220,2220
3220,3852
3220,7507
3220,7931
3221,6466
3221,9861
3221,6574
3222,1576
3222,4905
3222,9321
3222,2507
3222,2315
3222,909
3222,974
3222,8460
3222,3501
3222,5834
3222,318
3223,4679
3223,9832
3223,8040
3223,9132
3223,9562
3223,1008
3223,9465
3223,3642
3224,4202
3224,12
3224,2862
3224,303
3224,7417
3224,4317
3225,6663
3225,5232
3225,9489
3225,1819
3225,3803
3226,4258
3226,6307
3226,772
3226,4293
3226,2276
3226,2538
3226,202
3226,2832
3226,5713
3226,3121
3226,887
3226,3899
3227,519
3227,2351
3227,1844
3227,341
3227,9242
3227,1500
3227,1629
3227,414
3228,2716
3228,1449
3228,4272
3228,598
3228,3804
3228,510
3229,6592
3229,1769
3229,5898
3229,7404
3229,5430
3229,8214
3229,2042
3229,8061
3229,9374
3230,4576
3230,3163
3230,941
3230,4825
3230,2075
3231,8397
3231,991
3231,6933
3231,6247
3232,6433
3232,7426
3232,9283
3232,9925
3232,7704
3232,4847
3232,7217
3232,8755
3232,3256
3232,5273
3232,7708
3232,8925
3233,6152
3233,5885
3233,5390
3233,8854
3233,3901
3234,6760
3234,3948
3234,2382
3234,403
3234,3357
3234,4063
3235,2467
3235,3044
3235,9637
3235,8262
3235,4262
3235,142
3235,1040
3235,7729
3235,8978
3235,7128
3235,6713
3235,8347
3235,8351
3236,2616
3236,3067
3237,6786
3237,3015
3237,2058
3237,8684
3237,6126
3237,6447
3237,6830
3237,2453
3237,6167
3237,7737
3237,826
3237,2140
3238,7873
3238,8099
3238,8741
3238,851
3238,4119
3238,9119
3239,6901
3239,4950
3239,9719
3239,4344
3239,5887
3240,7469
3240,4686
3241,3302
3241,7305
3241,2986
3241,5741
3241,9135
3241,7056
3241,8594
3241,6614
3241,9399
3242,8387
3243,996
3243,8359
3243,2481
3243,2643
3243,4860
3244,3696
3244,2153
3244,2619
3245,2052
3245,5189
3245,710
3245,357
3245,4105
3245,8618
3245,6299
3245,1840
3245,3702
3245,6969
3245,9691
3245,5628
3245,7742
3246,97
3246,5713
3246,6321
3246,753
3246,2068
3246,2708
3246,7579
3246,9183
3247,3936
3247,752
3247,9074
3247,3220
3247,24
3247,1658
3247,4127
3248,1345
3248,266
3248,4779
3248,1615
3248,8915
3248,691
3248,3002
3249,4058
3249,8870
3249,426
3249,8431
3249,442
3249,2192
3249,1882
3249,9461
3249,248
3249,7385
3249,7482
3249,6269
3249,2526
3250,322
3250,556
3250,661
3251,3712
3251,1476
3251,307
3251,5077
3251,9435
3251,6557
3252,1650
3253,1312
3253,7274
3253,4491
3253,9869
3253,3832
3253,9649
3253,3928
3253,2910
3254,3089
3254,161
3254,5860
3254,8932
3255,4313
3255,7078
3255,2470
3255,6790
3255,8249
3255,5375
3256,9842
3256,5389
3256,1735
3257,9217
3257,1154
3257,4440
3257,2246
3257,8
3257,2516
3257,7413
3257,1496
3257,8378
3257,1308
3258,5314
3258,5154
3258,5506
3258,2360
3258,770
3258,5226
3258,9550
3258,4948
3258,7317
3258,9591
3258,4215
3259,42
3259,3399
3260,8995
3260,7685
3260,2470
3260,9615
3260,1718
3260,6651
3260,2265
3260,7867
3261,1283
3261,9254
3261,873
3261,746
3261,9244
3261,7663
3261,1276
3261,2972
3261,477
3261,3230
3261,2815
3262,9050
3262,8311
3263,2192
3263,3608
3263,2346
3263,3179
3264,3745
3264,3205
3264,8360
3264,81
3264,3349
3264,4154
3264,7839
3265,1995
3266,6471
3266,3631
3266,2833
3266,8498
3266,6841
3266,9593
3266,9819
3267,9506
3267,1838
3267,8430
3267,5039
3267,3985
3267,6515
3267,4381
3268,8830
3269,7685
3269,7719
3269,713
3269,1134
3269,4402
3269,4697
3270,9701
3270,4394
3270,3508
3270,7641
3270,1786
3271,9568
3271,2834
3271,5077
3271,5013
3271,1206
3272,4712
3272,4907
3272,459
3272,816
3272,9043
3272,6676
3272,3062
3272,8380
3273,416
3273,8257
3273,7746
3273,1796
3273,2374
3273,4554
3273,4651
3273,8048
3273,8113
3273,4983
3273,2171
3274,5665
3274,2243
3274,4584
3274,9961
3274,2090
3274,7912
3274,3753
3274,1391
3274,8657
3274,8434
3274,2261
3274,2360
3274,8826
3274,7485
3274,2591
3275,5538
3275,9350
3275,4655
3275,9813
3275,6997
3275,987
3276,9921
3276,8515
3276,4240
3276,7415
3276,6459
3276,3389
3277,553
3277,3115
3277,8012
3277,2510
3278,4711
3278,4081
3278,591
3279,5088
3279,2755
3279,7628
3279,4310
3279,1848
3280,4393
3280,7999
3280,918
3280,951
3281,802
3281,8734
3281,7000
3281,7866
3281,315
3281,638
3281,1599
3282,6385
3282,8966
3283,1953
3283,6340
3283,2323
3283,666
3283,9054
3283,3519
3284,2688
3284,3899
3284,3749
3284,5618
3284,2770
3284,756
3284,6294
3284,5019
3285,5088
3285,1057
3285,3269
3285,4742
3285,774
3285,6283
3285,9454
3285,7061
3285,5786
3285,3864
3285,4698
3286,5664
3286,5400
3286,1184
3286,5921
3286,8164
3286,6721
3286,8651
3286,9228
3286,8754
3286,4949
3286,6168
3286,4539
3286,4863
3287,8105
3287,4714
3287,2189
3287,1055
3288,2883
3288,6793
3288,5515
3288,1486
3288,499
3288,7445
3288,7775
3289,4088
3289,3020
3289,7940
3289,7478
3290,9989
3290,950
3290,4103
3291,8962
3291,1348
3291,9637
3291,3367
3291,3081
3291,9355
3291,7116
3291,5293
3291,1035
3291,464
3291,785
3291,7890
3291,2386
3291,6134
3291,6876
3291,8543
3292,8545
3292,6851
3292,1477
3292,2955
3292,4493
3292,3475
3292,8570
3293,1313
3293,2181
3293,774
3293,3591
3293,5330
3293,9271
3293,9086
3294,2432
3294,9377
3294,9858
3294,4173
3294,7390
3295,4785
3296,5152
3296,1066
3296,6030
3296,2766
3296,1328
3296,4147
3296,5461
3296,2423
3296,8863
3297,1413
3297,8037
3297,2473
3297,170
3297,6162
3297,2804
3297,7415
3298,2631
3298,9675
3298,1293
3298,5458
3298,4275
3298,9939
3298,2651
3298,28
3298,127
3299,5474
3299,9805
3299,7718
3299,5391
3300,4056
3300,2421
3300,5064
3301,1106
3301,2364
3302,7362
3302,6340
3302,5893
3302,1031
3302,9224
3302,5928
3302,4364
3302,8493
3302,3312
3302,723
3303,6544
3304,8070
3304,6151
3304,7081
3304,2026
3304,9067
3304,4079
3304,2420
3304,4277
3304,5205
3304,2268
3305,2305
3305,9701
3305,8702
3305,3240
3305,3728
3305,7123
3305,3422
3306,6213
3306,7885
3306,7342
3306,3897
3306,4220
3307,6882
3307,2375
3307,7412
3307,1083
3307,1022
3308,8434
3308,533
3308,3926
3309,7834
3309,6067
3309,4967
3310,7074
3310,6408
3310,4909
3310,1584
3310,3088
3310,242
3310,5392
3310,9047
3310,3738
3311,3896
3311,9482
3311,4621
3312,5626
3312,8325
3312,4622
3313,5475
3313,4422
3313,7693
3313,3279
3313,3921
3313,7071
3314,8384
3314,2819
3314,1255
3314,4586
3314,2670
3314,7983
3314,1970
3314,8915
3315,1376
3315,3938
3315,495
3315,5679
3315,851
3316,5763
3316,2757
3316,2184
3316,4714
3316,1900
3316,6131
3316,7546
3316,9083
3316,3036
3316,4414
3316,5695
3317,6530
3317,5254
3317,6924
3317,783
3317,6776
3318,1824
3318,99
3318,4922
3318,4931
3319,8563
3319,8231
3320,9605
3320,8325
3320,8686
3320,8021
3320,8855
3321,5042
3321,2134
3322,8928
3322,8162
3322,3204
3322,3976
3322,4650
3322,3102
3322,5850
3322,4830
3323,8224
3323,5060
3323,6884
3323,6406
3323,1575
3323,1417
3323,8586
3323,9582
3323,1038
3323,4466
3324,8599
3324,801
3324,1444
3324,8166
3324,8296
3324,6441
3324,2544
3324,9074
3324,4659
3324,3540
3324,2037
3324,4311
3325,6560
3325,2786
3325,2451
3325,8821
3325,506
3325,2524
3325,5404
3326,4096
3326,8227
3326,8068
3326,8328
3326,8619
3326,3533
3326,9715
3326,503
3326,2841
3326,7259
3327,3717
3327,5169
3327,2131
3327,6523
3327,667
3327,93
3327,2271
3328,672
3328,3968
3328,2018
3328,2245
3328,5516
3328,1516
3328,2290
3328,8153
3329,1761
3329,8486
3329,1702
3329,2697
3329,8458
3329,5136
3330,6757
3330,8327
3330,3180
3330,1681
3330,1307
3331,4678
3331,3875
3331,3116
3331,8126
3332,9369
3332,1270
3333,5440
3333,9538
3333,4302
3333,7156
3333,3477
3333,3545
3333,6558
3334,3232
3334,1770
3334,6013
3334,6394
3334,5725
3335,7820
3336,9649
3336,53
3336,1309
3336,7694
3337,3401
3337,9435
3337,9293
3337,1902
3338,3778
3338,5449
3338,9258
3338,5131
3338,9935
3338,5169
3338,8821
3338,2806
3338,6235
3338,6623
3339,9832
3339,9728
3339,1083
3339,243
3340,7522
3340,5036
3340,149
3340,9207
3340,1116
3341,3744
3341,9796
3341,7364
3341,5737
3341,2345
3341,2860
3341,9133
3341,9711
3341,3952
3341,8433
3341,3922
3341,5813
3341,8022
3341,7735
3341,8286
3341,6335
3342,937
3342,106
3342,588
3342,1199
3342,5425
3342,6962
3342,599
3342,3967
3343,5544
3343,5781
3343,790
3343,2359
3343,5594
3343,9180
3344,2748
3344,1059
3344,1287
3344,2824
3344,8105
3344,618
3344,1169
3344,983
3344,760
3344,8986
3344,7195
3344,860
3344,2237
3344,1278
3344,2111
3345,1573
3345,3461
3345,2309
3345,7563
3345,1389
3345,2798
3345,9583
3345,2224
3345,3760
3345,5628
3345,7471
3345,2140
3345,6748
3346,7400
3346,7660
3346,6291
3346,4181
3346,633
3347,1337
3347,8362
3347,4780
3347,6649
3347,1358
3347,7378
3347,89
3348,1241
3348,6084
3348,103
3348,4956
3348,1936
3348,6549
3348,8601
3348,3898
3348,732
3348,6974
3349,2336
3349,520
3349,4877
3349,4913
3349,6622
3350,8097
3350,8027
3350,8406
3351,2156
3352,2447
3352,4210
3352,7301
3352,9263
3354,3880
3354,8049
3354,5948
3354,3469
3355,988
3355,7
3356,5989
3356,2246
3356,968
3356,7158
3356,1661
3357,4385
3357,2920
3357,5579
3357,6229
3357,5365
3357,3319
3357,4603
3357,6302
3358,833
3358,6818
3358,5603
3358,1286
3358,4680
3358,8952
3358,1657
3358,5596
3358,8604
3359,4769
3359,1450
3359,8266
3359,8654
3359,1426
3359,2740
3359,7805
3360,6210
3360,1030
3360,6184
3360,5903
3360,4784
3360,3772
3360,4703
3361,1889
3361,3141
3361,2347
3361,4204
3361,1933
3361,1043
3361,1524
3361,9206
3361,6653
3362,302
3362,7775
3362,7726
3362,7866
3362,7356
3362,2078
3362,6239
3363,7840
3363,9953
3363,4161
3363,8364
3363,238
3363,942
3363,6224
3363,7857
3363,2354
3365,6822
3365,8502
3366,227
3366,6552
3366,678
3366,9959
3366,6951
3366,4777
3366,8330
3366,9419
3366,9579
3366,4173
3366,5166
3366,6706
3366,3762
3366,4274
3366,440
3367,5572
3367,7494
3367,618
3367,1268
3367,7862
3367,4216
3367,4635
3367,7420
3368,0
3368,5578
3368,9135
3368,3856
3368,3092
3368,2236
3368,895
3369,3233
3369,8418
3369,4645
3369,6483
3369,1599
3370,2744
3370,6266
3370,3587
3371,5417
3371,1911
3372,7009
3372,6177
3372,4266
3372,7741
3372,1407
3373,5665
3373,2755
3373,6980
3373,5064
3373,3662
3373,6127
3373,8206
3373,4623
3373,9778
3373,1203
3373,9525
3373,4054
3373,3006
3373,7935
3374,5187
3374,37
3374,9670
3374,269
3374,3437
3374,6383
3374,4473
3374,7387
3374,3135
3375,216
3375,1397
3375,5880
3376,5608
3376,6319
3376,6001
3376,2419
3376,7772
3377,3899
3377,1782
3378,1217
3378,7974
3378,1998
3378,3219
3378,5787
3378,3580
3379,6628
3379,1196
3379,2256
3379,9331
3379,5724
3380,6094
3380,5102
3380,6300
3380,500
3380,6837
3380,6074
3380,7612
3380,414
3381,8323
3382,291
3382,8965
3382,575
3382,5296
3382,9403
3382,7230
3382,5439
3383,6405
3383,4614
3383,5385
3383,716
3383,3661
3383,2489
3383,6650
3384,7649
3384,3116
3384,4083
3384,6100
3384,6041
3385,4676
3385,968
3385,2987
3385,43
3385,4403
3385,8024
3385,2588
3385,8286
3386,4964
3386,9003
3386,7312
3386,1723
3386,636
3386,9117
3386,7775
3387,534
3387,4421
3387,1366
3387,7519
3388,3904
3388,3494
3388,8361
3388,3436
3388,494
3388,1139
3388,4954
3388,3582
3389,2369
3389,2532
3389,8104
3389,5231
3389,6485
3389,2997
3389,3194
3390,9344
3390,8257
3390,7362
3390,4627
3390,4087
3390,6142
3391,3040
3391,3171
3391,516
3391,3913
3391,7626
3391,4842
3391,8814
3391,4754
3391,5620
3391,8468
3391,5019
3391,7871
3392,7585
3392,7294
3393,9376
3393,7986
3393,1290
3394,8224
3394,6759
3394,7240
3394,4853
3394,1819
3394,7294
3395,4060
3396,7921
3396,3454
3396,2793
3396,7294
3397,4131
3397,4425
3397,2774
3397,5720
3397,1086
3397,383
3398,7488
3398,9120
3398,8107
3398,5293
3398,7534
3398,9911
3398,6808
3399,5701
3399,4682
3399,5261
3399,9614
3399,3055
3399,9009
3399,4210
3399,4413
3400,6849
3400,4363
3400,261
3401,4960
3401,1697
3401,1379
3401,3461
3401,5446
3401,2438
3401,7980
3401,688
3401,8050
3401,9943
3401,1753
3401,186
3401,7899
3402,1856
3402,1483
3402,4653
3402,3540
3402,6166
3402,991
3402,2399
3403,2210
3404,8576
3405,3426
3405,3431
3405,5867
3405,4753
3405,6065
3405,9751
3406,2070
3407,7528
3407,2396
3408,8738
3408,8036
3408,2598
3408,5338
3408,2313
3408,6445
3408,4974
3408,4690
3408,6650
3408,2620
3409,834
3409,3461
3409,3558
3409,3759
3410,8866
3410,6184
3410,3051
3410,8651
3410,8570
3410,7578
3410,6830
3410,3706
3410,6044
3410,7934
3411,27
3411,1411
3411,6191
3411,6447
3412,3994
3412,3605
3412,1182
3412,4023
3413,6695
3413,3496
3413,3888
3413,2391
3413,9496
3414,484
3414,8711
3414,1738
3414,3022
3414,8824
3415,1651
3415,4812
3415,796
3416,4642
3416,269
3416,3861
3416,5657
3416,7294
3417,38
3417,5383
3417,4456
3417,1904
3417,2801
3417,6706
3417,5525
3417,342
3417,4991
3417,8056
3417,9849
3417,2422
3417,9563
3417,8799
3418,9556
3418,6415
3419,16
3419,6000
3419,7519
3420,270
3420,9317
3420,1359
3420,1031
3421,9160
3421,195
3421,3533
3421,5534
3422,5091
3422,2052
3422,1542
3422,1514
3422,5773
3422,3599
3422,7952
3422,2643
3422,6046
3422,2111
3423,2209
3423,6982
3423,6920
3423,2633
3423,925
3423,7582
3423,9791
3424,8169
3424,1179
3424,8879
3424,6672
3424,1499
3424,4633
3424,6203
3424,7389
3424,4159
3425,1154
3425,5383
3425,8394
3425,9834
3425,7155
3425,8479
3426,136
3426,948
3426,7357
3426,176
3427,2145
3427,6660
3427,269
3428,3440
3428,7985
3428,5876
3428,9784
3428,8859
3429,3265
3429,7182
3429,9138
3429,1714
3429,6486
3429,7068
3430,4640
3430,3808
3430,4704
3430,2821
3430,1127
3430,1961
3430,5645
3430,8410
3430,4796
3430,607
3431,3649
3431,8815
3431,7090
3431,8467
3431,8884
3431,3795
3432,4304
3432,8712
3432,4923
3433,907
3434,7206
3434,8551
3434,5031
3434,814
3434,3866
3435,2211
3435,1795
3435,7496
3435,7882
3435,8843
3435,2252
3435,6617
3435,2011
3435,9756
3436,5634
3436,836
3436,4169
3436,8563
3436,4185
3437,2213
3438,1492
3438,2821
3438,3830
3439,9314
3439,3462
3439,3887
3439,8465
3439,5683
3439,8436
3439,3285
3439,7446
3439,3703
3440,6592
3440,8915
3440,8982
3440,2775
3441,3655
3441,8410
3441,652
3441,8173
3441,5721
3441,2993
3441,7673
3441,7258
3441,2622
3442,4928
3442,5732
3442,7622
3443,9241
3443,5515
3443,100
3444,2338
3444,9414
3444,7622
3444,1608
3444,8285
3445,5637
3445,4233
3445,2550
3445,7933
3445,6527
3446,6145
3446,6246
3446,1094
3446,1709
3446,4370
3446,5751
3446,7868
3446,6687
3447,5572
3447,8872
3447,5487
3447,7796
3447,8247
3448,304
3448,674
3448,2885
3448,2591
3449,8227
3449,4676
3449,4775
3449,3755
3449,4139
3449,5678
3449,8878
3449,274
3449,919
3449,3960
3449,9724
3449,8989
3449,4542
3450,5470
3450,929
3450,5411
3450,2475
3450,592
3450,882
3450,1780
3450,8922
3450,8763
3450,6398
3451,6497
3451,1038
3451,1648
3451,4121
3451,9852
3451,4926
3451,63
3452,9891
3452,4518
3452,7375
3452,1651
3452,9814
3453,2405
3453,2886
3453,59
3453,9934
3453,4815
3453,4539
3453,2876
3454,6026
3455,4896
3455,5313
3455,6307
3455,6085
3455,2950
3455,3275
3455,591
3455,3284
3455,4021
3455,5015
3455,7928
3455,5913
3455,5789
3456,8597
3456,7303
3457,2635
3457,3285
3457,6910
3458,6423
3458,9860
3458,447
3459,8736
3459,3410
3459,6485
3460,3200
3460,7879
3460,232
3460,1770
3460,3118
3460,6801
3460,5939
3460,9556
3460,181
3460,4118
3460,7126
3460,702
3461,5957
3461,3238
3461,5894
3461,3594
3461,3243
3461,5834
3461,6826
3461,3667
3461,182
3461,4124
3461,5055
3462,2265
3462,634
3462,3074
3462,3869
3463,642
3463,7277
3463,8210
3463,6422
3463,4119
3464,8836
3464,6405
3464,6950
3464,3304
3464,7661
3464,5269
3464,4250
3464,1150
3465,4388
3465,1928
3465,2857
3465,8846
3465,5520
3465,1969
3465,5712
3465,7540
3465,988
3465,1181
3466,1985
3466,2214
3466,9670
3466,710
3466,7402
3466,3242
3466,5196
3466,3178
3466,8463
3466,3087
3466,1617
3466,627
3466,3252
3466,7510
3466,8726
3466,5913
3466,2716
3467,6791
3467,4554
3467,9775
3467,6127
3467,7346
3467,9176
3467,2107
3467,9501
3468,4740
3468,7012
3468,4207
3468,2674
3468,1467
3470,6512
3471,8900
3471,5769
3471,7241
3471,6507
3471,527
3471,5168
3471,8787
3471,1823
3471,2904
3471,7864
3471,1405
3471,6111
3472,4612
3472,8261
3472,5799
3472,9800
3472,905
3472,7336
3472,2449
3472,1274
3472,891
3473,6328
3473,7282
3473,1435
3474,7584
3474,4289
3474,3937
3474,5446
3474,1223
3474,5095
3474,9934
3475,8736
3475,6806
3475,3303
3476,8392
3476,7337
3476,1932
3476,4716
3476,1294
3476,2288
3476,600
3477,1841
3477,459
3478,7264
3478,4376
3478,8068
3478,1995
3478,7984
3478,5941
3478,9494
3478,9624
3479,834
3479,4834
3479,291
3479,7270
3479,7760
3479,6577
3479,5682
3479,148
3479,7926
3480,7514
3480,6147
3480,6323
3481,3584
3481,6153
3481,2223
3481,6864
3481,8468
3481,891
3482,6280
3482,2856
3482,8943
3482,6647
3482,5821
3483,3238
3483,9610
3483,3372
3483,4845
3483,5748
3483,7864
3484,6532
3484,6622
3484,1574
3484,8935
3484,6354
3484,4471
3484,92
3484,7870
3484,4959
3485,7695
3485,6471
3486,8451
3486,7044
3486,8037
3486,772
3486,2028
3486,6062
3486,48
3486,9265
3486,2418
3487,2937
3487,835
3487,7269
3487,3593
3487,2841
3487,3514
3488,3512
3488,6034
3488,6076
3488,7856
3489,3160
3489,4569
3489,5939
3489,6580
3490,261
3490,2502
3490,4936
3490,1804
3490,1679
3490,7535
3490,2743
3490,2813
3490,2399
3491,2498
3491,7076
3491,9971
3491,8853
3491,727
3492,5863
3493,1344
3493,3714
3493,5347
3493,677
3493,9669
3493,4778
3493,3882
3493,7794
3493,694
3493,5079
3493,56
3493,8219
3494,6023
3494,9961
3494,9357
3494,3196
3494,1108
3494,8981
3494,1846
3494,8092
3494,7294
3495,4483
3495,8871
3495,4168
3495,6541
3495,9045
3495,1750
3495,4310
3495,757
3495,7770
3495,9275
3496,3809
3496,4577
3496,6530
3496,1283
3496,8683
3496,2960
3496,7735
3496,3481
3497,4289
3497,5093
3497,8775
3497,3016
3497,975
3497,4790
3497,8695
3497,2872
3497,1982
3498,6803
3498,1716
3498,7607
3499,107
3499,2018
3499,4547
3499,124
3500,3992
3500,8464
3500,7813
3501,8480
3501,5510
3501,3047
3501,3722
3501,3851
3501,1260
3501,6189
3501,2991
3501,434
3501,7679
3503,8864
3503,5410
3503,7184
3503,6484
3503,1623
3503,9757
3504,3232
3504,7662
3504,4881
3504,3987
3504,3029
3505,4261
3505,6534
3505,5161
3505,4461
3505,9616
3505,4144
3505,7377
3506,5539
3506,2571
3506,8587
3506,2446
3506,208
3507,867
3507,8676
3507,7081
3507,3404
3507,76
3507,6773
3507,314
3507,4669
3508,7936
3508,4000
3508,5698
3508,1565
3508,2856
3508,6509
3508,5169
3508,4829
3509,1411
3509,4720
3509,6964
3509,506
3509,859
3510,2048
3510,4778
3510,4590
3510,8050
3510,3803
3510,3580
3511,9216
3511,994
3511,5905
3511,4436
3511,5528
3512,7046
3514,2092
3514,5742
3514,5102
3514,2965
3514,7609
3514,859
3515,6313
3515,8364
3515,5144
3515,2490
3515,8475
3516,9924
3516,9158
3516,6473
3516,4585
3516,3224
3516,1210
3516,2878
3517,5563
3517,8388
3517,4127
3518,7649
3518,5767
3518,8074
3518,4907
3518,4812
3518,6605
3518,8687
3518,2065
3518,8027
3519,2565
3519,5159
3519,8141
3519,8109
3519,883
3519,9267
3519,8595
3519,8950
3519,4863
3520,5745
3520,676
3520,3853
3520,9849
3521,8768
3521,5896
3521,7867
3521,5742
3522,1392
3523,745
3523,9314
3523,8028
3523,9302
3524,1161
3524,6652
3525,1152
3525,6275
3525,106
3525,973
3525,16
3525,4638
3526,3972
3526,1285
3526,695
3526,301
3526,8430
3526,1745
3526,3251
3526,567
3526,187
3526,3327
3527,7877
3527,2376
3527,3881
3527,3945
3527,5450
3527,9424
3527,273
3527,54
3527,2359
3528,4455
3528,9226
3528,7724
3528,5550
3528,7922
3528,3570
3528,4058
3528,765
3528,4574
3528,4703
3529,3210
3529,1787
3529,9237
3530,8564
3531,8745
3531,6634
3531,3934
3531,6735
3532,9060
3532,4744
3532,1128
3532,9675
3532,5486
3532,4175
3532,7247
3532,5684
3532,8477
3533,7779
3533,5988
3533,740
3533,5828
3533,5607
3533,7976
3533,1773
3533,4018
3533,6553
3533,5438
3533,9407
3534,7392
3534,3881
3535,4450
3535,523
3535,7436
3535,4493
3535,5454
3535,7091
3535,7156
3535,9398
3535,6391
3535,378
3535,924
3535,1437
3536,7809
3536,5961
3536,6289
3536,7697
3536,6804
3536,2676
3536,4566
3536,3671
3537,6786
3537,1444
3537,708
3537,6630
3537,1125
3537,8293
3537,1739
3537,5816
3537,4824
3537,7217
3537,2165
3537,4661
3537,8504
3537,4510
3538,1696
3538,937
3539,4608
3539,4898
3539,5414
3539,2279
3539,6928
3539,9522
3541,2562
3541,2603
3541,3607
3542,7681
3542,2658
3542,700
3543,1670
3544,7298
3544,2565
3545,2835
3545,5707
3545,7583
3546,7649
3546,7429
3546,1223
3546,6152
3546,3835
3546,9086
3547,6883
3547,686
3548,643
3548,5540
3548,2559
3548,6581
3548,5431
3548,125
3548,375
3549,7440
3549,9445
3550,296
3550,7587
3551,2634
3551,4846
3551,4399
3551,495
3551,4758
3551,8088
3551,6719
3552,3448
3552,106
3552,8691
3552,6709
3553,6850
3553,5928
3553,8745
3553,1898
3553,7409
3553,8819
3553,1019
3554,7366
3554,7527
3554,3635
3554,7507
3554,474
3554,413
3554,2558
3555,2951
3555,280
3555,5725
3555,1519
3556,1012
3557,185
3558,4898
3558,8965
3558,2854
3558,6503
3558,8010
3558,3180
3558,6163
3558,1719
3558,5917
3558,1854
3559,8938
3559,3779
3559,1350
3560,3716
3560,1764
3560,6602
3560,6603
3560,1968
3560,5906
3561,7650
3561,9973
3562,7568
3562,1965
3562,7550
3563,3169
3563,7151
3563,1331
3563,7063
3563,2296
3564,2744
3564,1298
3564,5101
3564,4350
3565,6624
3565,454
3565,8011
3565,7276
3565,6064
3565,4922
3565,5630
3566,3062
3567,7648
3567,9130
3567,8694
3568,9859
3568,612
3568,7878
3568,5319
3568,8424
3568,4655
3568,3151
3568,4310
3569,1229
3569,1549
3569,7635
3569,6637
3570,9537
3570,1421
3570,1042
3570,6424
3570,8187
3570,8860
3570,6365
3571,7128
3571,522
3571,6892
3571,2776
3572,5424
3572,5085
3572,6924
3572,3421
3573,3093
3573,2685
3574,1825
3574,7366
3574,6221
3574,1422
3574,735
3574,4754
3574,6396
3574,4120
3574,442
3574,5531
3574,4092
3574,2461
3574,4479
3575,9536
3575,547
3575,6790
3575,9844
3575,733
3576,5281
3576,6693
3576,8399
3576,5040
3576,9077
3576,822
3576,56
3576,4217
3576,1374
3577,4297
3577,6569
3577,4366
3577,4176
3577,6320
3577,3992
3577,6587
3578,7456
3578,6213
3578,3110
3578,6840
3578,2709
3578,9622
3578,1464
3578,8861
3578,1502
3579,7801
3579,8578
3579,4691
3579,5010
3580,9124
3580,2301
3580,9382
3580,8967
3581,6561
3581,9252
3581,1767
3581,5512
3581,811
3581,1296
3581,692
3581,759
3581,2841
3582,6040
3583,4160
3583,4097
3583,2177
3583,6723
3583,3529
3583,9677
3583,1293
3583,8339
3583,7571
3583,2005
3583,4154
3583,5404
3583,8926
3584,7489
3584,3306
3584,6222
3584,3057
3584,1494
3584,795
3585,3201
3585,3684
3585,7561
3585,8464
3585,916
3585,5306
3586,1170
3586,7021
3586,5662
3587,3396
3587,1814
3587,5593
3587,5916
3587,2622
3588,1281
3588,7907
3588,4291
3588,4902
3588,1574
3588,5833
3588,5994
3588,7337
3588,3787
3588,5714
3588,7670
3588,8823
3588,8667
3589,8065
3589,9826
3589,3909
3589,9061
3589,4328
3590,1474
3590,4259
3590,8226
3590,8549
3590,9766
3590,4838
3590,1387
3590,5811
3590,215
3590,4472
3590,7449
3590,5594
3591,8193
3591,3938
3591,8867
3591,3751
3591,1065
3591,1424
3591,9562
3592,579
3592,484
3593,6846
3593,391
3594,5694
3594,1133
3594,2094
3594,8564
3594,7348
3594,4700
3594,2749
3594,7582
3595,4224
3595,6138
3595,7708
3595,4744
3596,5017
3596,2758
3597,6704
3597,4006
3599,8576
3599,2947
3599,9606
3599,5482
3599,5965
3599,909
3599,1680
3599,9499
3600,3456
3600,744
3600,5801
3600,2485
3600,1591
3600,1310
3601,4674
3601,1029
3601,6309
3601,1930
3601,7725
3601,3221
3601,1334
3601,9206
3601,7903
3602,4596
3602,5903
3603,4556
3603,5444
3604,2938
3604,5844
3604,3399
3606,8328
3606,6677
3606,5975
3606,6616
3606,347
3606,1055
3607,4557
3607,9421
3607,5615
3607,1715
3607,116
3607,4442
3608,4243
3608,3404
3608,5694
3609,16
3609,7720
3609,5805
3609,2455
3610,7300
3610,272
3610,2325
3610,5532
3610,8864
3610,4014
3610,951
3610,695
3610,1211
3610,9796
3610,5191
3610,5210
3610,3931
3610,8669
3610,2533
3610,5734
3610,4073
3610,878
3610,7542
3610,6397
3611,7651
3611,643
3612,8835
3612,1772
3612,7309
3612,8626
3612,8630
3612,3960
3612,794
3612,9788
3614,5058
3614,4242
3614,5528
3614,2907
3614,1919
3615,483
3615,6749
3615,2662
3615,2792
3615,7435
3615,8173
3615,3823
3615,4497
3615,1918
3615,8824
3615,2205
3615,3454
3615,5503
3616,4320
3616,6755
3616,4933
3616,2089
3616,746
3616,4588
3616,8661
3617,4384
3617,1689
3617,202
3617,6364
3618,2560
3618,1188
3618,81
3618,3892
3618,5015
3619,1617
3619,4460
3619,4070
3619,4399
3620,8913
3620,5041
3620,1909
3620,3942
3621,3587
3621,6244
3621,1257
3621,6415
3621,9020
3622,8994
3622,602
3622,8597
3622,1880
3622,8665
3622,3130
3622,8187
3623,8881
3623,6947
3623,5747
3623,1747
3624,5122
3624,3077
3624,1127
3624,7785
3624,7997
3624,1294
3624,153
3624,7357
3624,8249
3625,5730
3625,3493
3625,9962
3625,2412
3625,1933
3625,4493
3625,7698
3625,1174
3625,1784
3625,8222
3626,6555
3626,7891
3626,7540
3626,7590
3627,3456
3627,3233
3627,4096
3627,4803
3627,9095
3627,9389
3627,1102
3627,8689
3627,402
3627,2769
3627,8729
3628,5568
3628,7866
3628,6451
3628,7892
3629,7123
3630,675
3630,2117
3630,9613
3630,2606
3630,3829
3630,2364
3631,8584
3631,8602
3631,3510
3632,6465
3632,5089
3632,5385
3632,619
3632,716
3632,9548
3632,6641
3632,7665
3632,2582
3632,3899
3632,6877
3633,1978
3633,2634
3633,9653
3634,5314
3634,8932
3634,4713
3634,4233
3634,8587
3634,2452
3634,9143
3634,2782
3635,5216
3635,4230
3635,72
3635,848
3635,1908
3635,3671
3636,4896
3636,4834
3636,1475
3636,3753
3636,8178
3636,6676
3636,1494
3636,7961
3637,9569
3637,9347
3637,1123
3637,2183
3637,5736
3637,5738
3637,8558
3637,7921
3637,4276
3637,6166
3637,5916
3638,1312
3638,7777
3638,4836
3638,9361
3638,2737
3638,7346
3638,2229
3638,4061
3638,8383
3639,874
3639,8493
3639,8336
3639,6896
3639,1299
3639,2196
3639,1431
3639,8026
3640,353
3640,5700
3640,7240
3640,5741
3640,3675
3641,7962
3641,9910
3641,575
3642,2304
3642,1603
3642,6954
3642,8908
3642,8844
3642,1043
3643,5059
3643,5348
3643,2993
3643,3315
3643,149
3644,901
3644,463
3644,692
3644,1492
3644,5751
3644,8952
3644,9273
3644,9726
3644,6201
3645,5825
3645,6659
3645,3749
3645,9511
3645,9545
3645,5784
3645,1874
3645,7443
3645,6131
3645,88
3646,1130
3646,7954
3646,6067
3646,4537
3646,3995
3647,969
3647,2771
3647,2015
3648,7240
3648,9352
3648,6862
3648,6836
3648,6868
3648,1115
3648,9628
3648,2878
3650,6985
3650,12
3650,4529
3650,7410
3650,7858
3650,3095
3650,2999
3651,1702
3651,2509
3651,5360
3651,4283
3651,1756
3652,9121
3652,7086
3652,1105
3652,9651
3652,694
3652,470
3652,6614
3652,5114
3653,4049
3653,9130
3653,6787
3653,2566
3654,1159
3654,780
3654,2062
3654,6098
3654,6458
3655,6145
3655,4698
3655,9051
3655,8570
3656,9506
3656,8482
3656,3110
3656,1809
3656,8952
3657,4944
3657,3192
3657,6120
3659,3296
3659,9562
3659,823
3659,3087
3660,3138
3660,3651
3660,5442
3660,3401
3660,8988
3660,7007
3661,8128
3661,4625
3661,9635
3661,6728
3662,507
3662,9501
3663,2944
3663,5453
3663,2578
3663,3125
3663,5239
3664,8065
3664,4243
3664,7021
3665,2768
3665,1900
3665,3885
3666,5729
3666,2566
3666,2953
3666,4139
3666,5496
3666,6012
3667,3236
3667,4997
3667,3519
3668,1612
3669,7686
3669,8720
3669,5460
3669,4540
3669,6558
3670,9762
3670,8741
3670,38
3670,2249
3670,6794
3670,2252
3670,7694
3670,1712
3670,2738
3670,5719
3670,8605
3671,1920
3671,2281
3671,9194
3671,2861
3671,15
3671,7537
3671,6931
3671,1716
3671,7188
3671,4951
3671,1336
3671,5721
3672,5314
3672,2501
3672,742
3672,3668
3672,6521
3672,3834
3673,2882
3673,9898
3673,1848
3673,8536
3673,6873
3673,7707
3673,574
3674,1770
3674,7828
3674,2262
3674,4182
3674,4376
3674,2009
3674,7933
3676,740
3676,2824
3676,3855
3676,5552
3676,9619
3676,701
3677,3156
3677,7637
3677,4927
3678,5160
3678,4621
3678,1904
3678,6609
3678,946
3678,2484
3678,9429
3678,8597
3678,2263
3679,9799
3679,725
3679,5270
3679,4215
3680,6017
3680,515
3680,6373
3680,1993
3680,7275
3680,5421
3680,2451
3680,3543
3680,1304
3680,1689
3681,6185
3681,1491
3681,2468
3682,1667
3682,6024
3682,1388
3682,8781
3682,780
3682,3444
3682,7158
3682,1021
3682,6430
3682,2463
3683,4961
3683,3875
3683,6700
3683,1079
3683,1209
3683,3007
3684,8544
3684,3681
3684,1731
3684,2213
3684,6632
3684,7467
3684,3438
3684,271
3684,7886
3684,7409
3684,9841
3684,7071
3685,650
3685,172
3685,1486
3685,7888
3685,3729
3685,4570
3685,7898
3686,3843
3686,9835
3687,1186
3687,2346
3688,3333
3688,487
3688,2890
3688,1107
3688,2709
3688,1080
3688,6010
3689,8624
3690,2113
3690,4675
3690,4067
3690,1413
3690,8254
3690,7807
3691,8964
3691,584
3691,9257
3691,4648
3691,6903
3691,1288
3691,503
3691,8920
3691,1946
3691,5211
3692,3816
3692,1922
3692,4965
3692,7535
3693,3784
3693,284
3694,946
3694,6938
3694,6981
3694,4013
3695,8643
3695,1317
3695,3175
3695,6344
3695,2889
3695,6258
3696,4934
3696,7239
3696,5806
3696,5716
3696,8918
3696,4063
3697,6170
3697,2453
3697,215
3698,1251
3698,8966
3698,239
3698,6578
3698,1530
3699,2590
3699,2986
3699,876
3699,1885
3699,5054
3701,322
3701,2982
3701,3282
3701,4115
3701,9788
3701,7039
3702,5537
3702,4420
3702,8650
3702,9899
3702,2096
3702,8380
3702,6262
3702,7254
3702,2139
3702,6812
3702,1631
3703,5068
3703,5548
3703,6771
3703,1423
3704,7430
3705,4519
3705,5353
3705,4266
3705,5066
3705,2634
3705,4525
3706,3178
3706,9294
3706,2831
3706,5999
3706,215
3706,7740
3707,1248
3707,5633
3707,3815
3707,1868
3707,752
3707,3380
3707,1563
3707,4669
3708,7493
3708,2925
3708,8405
3708,5943
3708,4920
3708,5626
3708,7326
3708,7743
3709,2093
3710,6433
3710,4
3710,3596
3710,2257
3710,4914
3710,7605
3710,5750
3711,9824
3711,3877
3711,8107
3711,6605
3711,9685
3711,6614
3712,7947
3712,1507
3712,7547
3713,8951
3713,1202
3713,6164
3713,3895
3713,7128
3714,1857
3714,6105
3714,4898
3715,6209
3715,8930
3715,7555
3715,5189
3715,1260
3715,9304
3715,669
3716,7170
3716,869
3716,4073
3716,2442
3716,6731
3716,8777
3716,1358
3716,3310
3716,5744
3716,5753
3716,1646
3716,1715
3716,7183
3716,4311
3716,1113
3717,4679
3717,3272
3717,3498
3717,1198
3717,2929
3717,9619
3717,1785
3719,7033
3719,2615
3719,9182
3719,4591
3720,6820
3720,8907
3720,8564
3720,1206
3720,7453
3720,6046
3721,5016
3721,5193
3721,1787
3722,4517
3722,3036
3722,8189
3722,3239
3723,7244
3723,2670
3723,3822
3723,656
3723,4637
3724,9826
3724,612
3724,4999
3724,5895
3724,3848
3724,108
3724,9037
3724,1106
3724,2258
3724,5045
3724,2173
3725,8771
3725,3783
3725,1833
3725,2159
3725,3665
3725,7673
3725,2076
3726,7912
3726,2985
3726,4291
3727,637
3727,2613
3727,9031
3728,3938
3728,1704
3728,7177
3728,4910
3728,7471
3728,1205
3728,3416
3728,1596
3729,8451
3729,3385
3729,1257
3729,5551
3729,5652
3729,982
3729,9561
3729,9147
3732,4384
3732,1953
3732,7717
3732,2823
3732,7343
3732,8465
3732,5307
3733,8928
3733,4513
3733,7626
3733,3982
3733,8189
3733,5405
3734,5252
3734,6622
3734,493
3734,7991
3734,7736
3734,733
3734,7006
3735,9066
3735,5643
3735,9308
3735,8026
3735,8988
3736,9733
3736,2762
3736,1707
3736,8880
3736,2515
3736,824
3736,3804
3737,896
3737,5350
3737,6664
3737,1497
3737,6491
3737,9149
3738,5184
3738,8133
3738,582
3738,2633
3738,3290
3738,5370
3738,7547
3738,8094
3739,7328
3739,4202
3740,1441
3740,8965
3740,1734
3740,1439
3740,5584
3740,3903
3741,8408
3741,1521
3741,4677
3741,1109
3743,9697
3743,5602
3743,33
3743,932
3743,3270
3743,5256
3743,825
3743,5981
3743,2815
3744,3973
3744,4008
3744,2957
3744,8696
3744,505
3744,5662
3744,2079
3745,8898
3745,9229
3745,5838
3745,2447
3745,7216
3745,4881
3745,7158
3745,2906
3745,6174
3745,4127
3746,6488
3746,4354
3746,7426
3746,2938
3747,192
3747,9507
3747,6343
3747,1652
3747,2548
3747,9497
3747,5658
3747,6748
3748,1784
3748,58
3748,1515
3749,2170
3749,7452
3749,8846
3750,4288
3750,7786
3750,6331
3751,9637
3751,8779
3751,3472
3751,2833
3751,6902
3751,4183
3751,5752
3751,1593
3751,6906
3752,1440
3752,199
3752,438
3752,3222
3752,9304
3752,9148
3752,7966
3753,2849
3753,3202
3753,8644
3753,8325
3753,6856
3753,9705
3753,2507
3753,398
3753,7374
3753,3250
3753,4470
3753,5814
3754,5900
3754,6157
3754,5102
3754,7407
3754,8627
3754,5919
3755,9171
3755,6772
3757,6021
3757,550
3757,6960
3757,2003
3757,8981
3757,6038
3757,9503
3758,3915
3758,820
3758,4861
3758,2015
3759,4039
3759,8588
3759,7824
3759,1648
3759,7127
3759,4793
3760,3553
3760,1185
3760,4365
3760,4249
3760,8571
3761,9507
3761,9688
3761,5383
3761,5329
3761,210
3761,4723
3761,5048
3762,8177
3762,9626
3762,8931
3762,364
3763,6881
3763,6916
3763,7403
3763,8311
3763,877
3763,2160
3763,274
3763,5815
3763,1820
3764,1748
3765,3424
3765,3522
3765,7586
3765,5349
3765,5575
3765,6636
3765,9709
3765,434
3766,5664
3766,2822
3766,9255
3766,1998
3766,464
3766,5013
3766,8926
3767,3783
3767,3159
3767,9592
3767,5244
3767,4158
3768,8089
3768,8195
3768,8751
3769,2086
3769,9130
3769,334
3769,5103
3769,910
3769,9969
3769,7090
3769,1301
3770,8000
3770,642
3770,1479
3770,7021
3770,5906
3770,9269
3770,2685
3771,6465
3771,8706
3771,2601
3771,2475
3771,3284
3771,1082
3772,1088
3772,2466
3772,3906
3772,229
3772,1317
3772,87
3772,9594
3772,5181
3773,5282
3773,8514
3773,5767
3773,874
3773,2804
3773,2357
3773,4565
3773,5146
3773,8123
3773,7198
3774,1889
3774,6979
3774,4708
3774,4583
3774,5834
3774,208
3774,6705
3774,2962
3774,7380
3774,2869
3774,8054
3774,5076
3774,9947
3774,1884
3774,1566
3774,9919
3775,1030
3775,907
3775,5100
3775,876
3775,8622
3775,638
3776,8544
3776,256
3776,3204
3776,6565
3776,5576
3776,8488
3776,844
3776,211
3776,1151
3777,4723
3777,7851
3777,5735
3778,871
3778,105
3778,4561
3778,3032
3778,4825
3779,482
3780,1514
3780,5355
3780,3599
3780,8692
3780,2517
3780,6713
3780,3993
3780,5279
3781,5600
3781,6982
3781,3625
3781,1930
3781,268
3781,1776
3781,6262
3781,6934
3781,8636
3781,2715
3781,6908
3782,7714
3782,6677
3783,4487
3783,7754
3783,9777
3783,5234
3783,8402
3783,2395
3784,7919
3784,6735
3784,4274
3784,6709
3784,1239
3784,125
3785,1969
3785,6462
3786,896
3786,3755
3786,22
3787,5304
3787,1393
3788,5916
3788,5460
3788,4888
3788,444
3788,5886
3789,807
3789,365
3789,3536
3789,2036
3789,6009
3789,6715
3789,9820
3789,4799
3790,8441
3790,4124
3790,1389
3790,1119
3791,6834
3791,7239
3792,8036
3792,1574
3792,8716
3792,2286
3792,6190
3792,5906
3792,437
3792,7063
3792,7453
3793,5589
3793,5023
3794,7136
3794,5601
3794,744
3794,6793
3794,8042
3794,1931
3794,7693
3794,6640
3794,8628
3794,8246
3794,5759
3795,5728
3795,9891
3795,6883
3795,7429
3795,4492
3795,3311
3795,784
3795,1298
3795,1210
3796,2752
3796,452
3796,3077
3796,4836
3796,8647
3796,8584
3796,7529
3796,6154
3796,5196
3796,4570
3796,3861
3796,3222
3796,8663
3796,3609
3796,2266
3797,992
3797,548
3797,6247
3797,8592
3797,210
3797,9749
3797,3671
3797,2456
3797,7482
3798,2573
3798,7830
3799,3320
3799,8555
3799,595
3799,9848
3799,7261
3799,830
3800,7672
3800,2445
3800,6334
3801,7616
3801,827
3801,5718
3801,7120
3802,4674
3802,3907
3802,3492
3802,2021
3802,6310
3802,2408
3802,3144
3802,2731
3802,3342
3802,8977
3802,8628
3802,6804
3802,9302
3802,7960
3802,6042
3802,5567
3803,8569
3803,3204
3803,5413
3803,22
3804,7012
3804,6565
3804,3079
3804,8343
3804,412
3804,6398
3805,802
3805,4362
3805,8909
3805,4373
3805,6391
3805,2263
3805,8795
3805,2206
3806,1026
3806,9346
3806,8613
3806,2181
3806,2503
3806,3950
3806,5168
3806,2709
3807,3640
3807,4041
3807,378
3807,3957
3808,5774
3809,4737
3809,9091
3809,4078
3809,4656
3809,8499
3810,9736
3810,3715
3810,9661
3810,5773
3811,7519
3812,5227
3812,7564
3812,1356
3812,4378
3812,955
3812,2174
3813,8043
3813,7056
3813,9427
3813,8122
3813,539
3814,3203
3814,5075
3814,8565
3814,7542
3814,3933
3814,2175
3815,2832
3815,7985
3815,3707
3816,6124
3817,3169
3817,1405
3817,2351
3818,2112
3818,3581
3818,6118
3818,3335
3818,713
3818,650
3818,8177
3818,5175
3818,2650
3818,1499
3818,9437
3818,6399
3819,2756
3819,2342
3819,9798
3819,3624
3819,9990
3819,4813
3819,9461
3819,310
3819,7736
3819,7070
3820,7619
3820,7051
3820,882
3820,7316
3820,5173
3820,5300
3820,7064
3820,9273
3820,6970
3820,1788
3820,5854
3821,232
3821,2249
3821,1578
3821,13
3821,3087
3821,3794
3821,8882
3821,3928
3821,635
3821,9823
3822,2145
3822,2471
3822,1447
3822,9675
3822,5452
3822,4333
3822,7154
3822,9850
3823,3456
3823,7537
3823,6026
3823,6149
3824,1568
3824,8385
3824,1184
3824,5578
3824,9580
3824,2989
3824,8685
3824,7165
3824,9139
3824,7157
3824,9397
3824,405
3824,7196
3824,3421
3825,1824
3825,34
3825,4901
3825,1255
3825,4849
3825,1555
3825,1907
3825,9751
3825,217
3825,2969
3826,1825
3826,165
3826,3495
3827,7748
3827,5342
3828,1443
3829,7456
3829,771
3829,9382
3829,1771
3829,6735
3829,2768
3829,9010
3829,5526
3829,7193
3829,2558
3830,777
3830,2260
3830,9100
3831,9705
3831,298
3831,6165
3831,2102
3831,6076
3831,3199
3832,3725
3832,230
3833,4996
3833,5864
3833,2793
3833,1744
3833,344
3833,4351
3834,4511
3834,1833
3834,3554
3834,9767
3835,6578
3835,9257
3835,6354
3835,1989
3836,1433
3836,6517
3836,566
3836,1863
3837,5761
3837,1383
3837,664
3837,922
3837,2651
3838,4163
3838,3653
3838,998
3838,8747
3838,5038
3838,9230
3838,1720
3838,2429
3838,9439
3839,1123
3839,1828
3839,3717
3839,3971
3839,4036
3839,6217
3839,9780
3839,1013
3839,4726
3839,4759
3839,1016
3839,5016
3840,641
3840,8290
3840,8906
3840,8977
3840,9298
3840,7705
3841,1537
3841,6049
3841,8389
3841,3560
3841,1581
3841,6288
3842,7399
3842,5900
3842,5360
3842,5909
3842,3350
3842,5053
3842,4287
3843,1889
3843,9681
3843,1816
3843,3443
3843,760
3844,9643
3844,261
3844,7959
3845,3745
3845,9925
3845,1382
3845,1166
3845,5838
3845,4782
3845,9041
3846,3659
3846,1357
3847,1219
3847,4455
3847,459
3847,7724
3847,4140
3847,5331
3847,4436
3847,1148
3848,4618
3848,7946
3848,5583
3848,9425
3848,5685
3848,2293
3848,7868
3849,5920
3849,7719
3849,5738
3849,4092
3849,8541
3849,8862
3850,8533
3850,4211
3850,948
3850,2909
3851,706
3851,7365
3851,1863
3851,1910
3851,8151
3851,7865
3851,7646
3851,223
3852,3746
3852,2
3852,4397
3852,7261
3852,1918
3853,3811
3853,6510
3853,2801
3853,2450
3853,242
3853,6423
3853,1471
3854,2561
3854,8322
3854,8228
3854,6666
3854,4718
3854,3963
3855,617
3855,5262
3855,7663
3855,2609
3855,2009
3855,3101
3856,9316
3856,2532
3856,4683
3856,7347
3856,8056
3856,6905
3857,2918
3857,5483
3857,5205
3857,7190
3857,6552
3857,8506
3857,4157
3858,967
3858,9707
3858,2413
3858,8470
3858,7196
3859,8636
3859,6164
3859,1716
3859,2030
3860,3977
3860,176
3860,2360
3860,7134
3860,8959
3861,107
3861,5643
3861,5647
3861,4146
3861,6260
3861,6716
3861,318
3862,4706
3862,5966
3862,430
3862,2643
3862,8311
3862,7643
3862,8349
3862,6487
3863,7312
3863,2626
3863,9987
3864,6476
3864,1005
3864,3569
3864,7417
3864,4315
3864,5565
3866,4578
3866,2595
3866,4580
3866,1349
3866,5579
3866,8877
3866,8784
3866,3538
3866,5715
3866,2265
3866,250
3866,8799
3867,424
3867,5883
3867,6478
3868,4353
3868,7010
3868,5701
3868,5511
3868,4297
3868,585
3868,6793
3868,4282
3869,7981
3869,4494
3869,8335
3869,3027
3869,6165
3870,2854
3870,8488
3870,2697
3870,5641
3870,6155
3870,8524
3870,1621
3870,2422
3870,8407
3870,5470
3871,5280
3871,748
3871,5615
3871,9584
3871,4049
3871,3316
3871,9273
3872,9290
3872,2092
3872,2321
3872,6519
3872,894
3873,7684
3873,1547
3873,8495
3873,4787
3873,1525
3873,1847
3874,7506
3875,6573
3875,4678
3875,5223
3876,9136
3876,6739
3876,4760
3876,9678
3877,5554
3877,2891
3878,1649
3878,7378
3878,7739
3879,3655
3879,2453
3879,4982
3879,4183
3879,6267
3879,2327
3880,2048
3880,1314
3880,2430
3880,2249
3880,2314
3880,5163
3880,2448
3880,3346
3880,665
3880,8830
3880,9119
3881,1454
3881,4239
3881,1584
3881,4693
3881,858
3882,1346
3882,4803
3882,327
3882,7988
3882,1179
3882,1885
3883,1981
3884,3344
3884,1531
3884,4127
3885,3138
3885,8443
3885,884
3885,4174
3886,4615
3886,7196
3886,8974
3886,1944
3886,5468
3887,6688
3887,8354
3887,9316
3887,4457
3887,4943
3887,8720
3887,8753
3887,5751
3887,3224
3888,5672
3888,5294
3888,6928
3888,7703
3888,6619
3889,1633
3889,3687
3889,5703
3889,7849
3889,4019
3889,8571
3890,4137
3890,5274
3890,5268
3891,9348
3891,7687
3891,4488
3891,5068
3891,2862
3891,7184
3891,5425
3891,850
3891,7766
3891,7927
3891,5115
3891,1852
3891,8158
3892,5634
3892,6116
3892,3944
3892,1962
3892,6251
3892,7982
3892,9810
3892,6387
3892,948
3892,7668
3892,8316
3892,4157
3892,4734
3893,6308
3893,4452
3893,5065
3893,2474
3893,4685
3893,6872
3893,3761
3893,824
3894,850
3894,8524
3894,8700
3894,6006
3895,1660
3895,9892
3895,3815
3895,5577
3895,4567
3895,5272
3895,3580
3896,9635
3896,9351
3896,3474
3896,7827
3896,1653
3897,3233
3897,2851
3897,5990
3897,2567
3897,5769
3897,2357
3898,7760
3898,5446
3898,4978
3898,9834
3899,8368
3899,4074
3899,9730
3899,1894
3900,6753
3900,1930
3900,8908
3900,2224
3900,1212
3900,2809
3900,7130
3900,4860
3900,3262
3901,2946
3901,4997
3901,9769
3901,7789
3901,1773
3901,346
3901,4725
3901,2872
3901,7130
3901,4509
3902,7009
3902,3234
3902,610
3902,4452
3902,5704
3902,3372
3902,5612
3902,4338
3902,1108
3902,8118
3902,7930
3902,668
3902,3838
3903,6658
3903,6055
3903,204
3903,304
3903,6463
3904,3010
3904,3561
3904,7628
3904,1809
3904,8565
3904,2550
3904,8698
3904,4475
3905,6818
3905,7115
3905,196
3905,8797
3906,3168
3906,481
3906,3142
3906,6671
3906,6710
3906,1499
3907,4665
3907,9940
3907,9894
3908,6105
3908,730
3908,4610
3908,2686
3909,3
3909,8902
3909,934
3909,392
3909,3691
3909,1590
3909,4630
3909,2232
3909,7322
3909,5820
3909,703
3910,7273
3910,4492
3910,9905
3910,7314
3910,1651
3911,1529
3911,5709
3912,6858
3913,6735
3914,8017
3914,1043
3914,8307
3914,3253
3914,3287
3914,5147
3914,7199
3914,927
3915,484
3915,839
3915,1612
3915,4718
3915,2387
3915,1013
3915,6267
3915,8669
3916,6928
3916,4340
3916,2688
3916,8823
3917,4001
3917,2915
3917,4037
3917,7975
3917,39
3917,1191
3917,1418
3917,5406
3918,6788
3918,4613
3918,1189
3918,3015
3918,6664
3918,1566
3918,8522
3918,8367
3918,5264
3918,7666
3918,7383
3918,7000
3918,315
3918,3070
3919,1957
3919,1209
3919,2010
3919,3100
3919,7517
3920,1729
3920,772
3920,3307
3920,7340
3920,6957
3920,820
3920,4891
3920,6173
3922,7138
3922,1337
3922,4816
3922,8404
3922,9337
3922,4602
3922,7901
3923,4438
3923,1213
3923,5062
3924,7584
3924,553
3924,3062
3924,7823
3925,6689
3925,3942
3925,1576
3925,3602
3925,7094
3925,3133
3925,5630
3926,1728
3927,3440
3927,3714
3927,9630
3927,9671
3928,2818
3928,2723
3928,3364
3928,9898
3928,7660
3928,2327
3928,9657
3929,292
3929,5886
3929,5367
3930,7689
3930,297
3930,9612
3930,1710
3930,8239
3930,8112
3930,1777
3930,302
3930,2132
3930,6649
3930,5434
3931,1724
3931,9980
3931,3081
3931,1514
3931,5834
3931,268
3931,2033
3931,5268
3931,309
3931,6837
3931,4567
3931,60
3931,1630
3932,1442
3932,1314
3932,5001
3932,3131
3932,5707
3932,5519
3932,9616
3932,5811
3932,1141
3932,699
3933,2776
3933,4120
3933,7922
3933,1276
3934,448
3934,6561
3934,7589
3934,5327
3934,2074
3935,4418
3935,4067
3936,3075
3936,7365
3936,2086
3936,9045
3936,8348
3937,7682
3937,9026
3937,5188
3937,6181
3937,2571
3937,9003
3937,2330
3937,9038
3937,1103
3937,3123
3937,4086
3937,3161
3937,8410
3937,1695
3938,5418
3938,6556
3939,5647
3939,9137
3939,1045
3939,6263
3939,2140
3940,7489
3940,2957
3941,5072
3941,9178
3941,980
3941,7334
3942,7024
3942,1194
3942,3044
3943,7201
3943,6530
3943,7491
3943,868
3943,7691
3943,511
3943,4335
3943,7765
3943,2133
3943,2234
3943,6523
3943,988
3943,1567
3944,441
3944,9058
3944,6929
3944,1478
3945,3110
3945,7919
3945,4786
3945,4697
3945,5339
3945,6076
3946,1443
3946,4454
3946,4615
3946,7752
3946,6537
3946,7118
3946,5043
3946,6900
3946,9689
3946,8730
3947,2809
3947,8699
3947,9222
3948,8501
3948,7212
3948,5845
3948,3391
3949,5500
3949,28
3949,516
3949,4277
3950,8976
3950,4747
3950,8909
3950,8167
3951,192
3951,2516
3951,565
3952,170
3952,5106
3952,477
3952,5631
3953,2412
3953,717
3953,7758
3953,4655
3954,8410
3954,6404
3955,2826
3955,1963
3955,7532
3955,4683
3955,818
3955,1042
3955,918
3955,2007
3955,121
3955,1851
3955,3134
3956,9416
3956,1813
3958,4977
3958,7518
3958,4455
3959,4434
3959,5859
3959,749
3960,6209
3960,8168
3960,6190
3960,593
3960,632
3960,8985
3961,1632
3961,2568
3961,4268
3961,4415
3962,5760
3962,1219
3962,9572
3962,8809
3962,938
3962,6607
3962,500
3962,4376
3962,7002
3963,7040
3963,3010
3963,1477
3963,3570
3963,1589
3963,2645
3963,6623
3964,7793
3965,8995
3965,9454
3965,7915
3966,9281
3966,6145
3966,5035
3966,5375
3967,6052
3967,8101
3967,8427
3967,5963
3967,5137
3967,6869
3967,1367
3967,3102
3968,3875
3968,6413
3968,7411
3968,7188
3968,7893
3968,7926
3968,2740
3968,5496
3968,5365
3968,7352
3969,3401
3971,1492
3971,3443
3971,668
3972,7906
3972,3492
3972,1579
3972,7853
3972,1454
3972,5587
3972,8026
3973,9952
3973,9441
3973,1063
3973,8073
3973,4395
3973,3979
3973,142
3973,2962
3973,8278
3973,5977
3974,4580
3974,7686
3974,8199
3974,7305
3974,8239
3974,3184
3974,8691
3974,4857
3974,4350
3974,5151
3975,7890
3975,7851
3975,6796
3975,9020
3976,2720
3976,8953
3976,7030
3976,406
3977,3257
3977,5691
3977,2455
3978,6305
3978,5375
3978,899
3978,6661
3978,6509
3978,8274
3978,5369
3978,4415
3979,7385
3979,2894
3979,3919
3979,7797
3979,4761
3980,8359
3980,4916
3980,1013
3980,1237
3980,8311
3980,7226
3981,1603
3981,6917
3981,4615
3981,2442
3981,3307
3981,8238
3981,8719
3981,6037
3981,1497
3982,7808
3982,4737
3982,8388
3982,7303
3982,8810
3982,9357
3982,5614
3982,8087
3982,6591
3983,2981
3983,2868
3983,3286
3983,8759
3983,569
3983,1755
3983,638
3984,5378
3984,4820
3985,6371
3985,7596
3985,7182
3986,8042
3986,4145
3986,436
3986,853
3986,9660
3986,2783
3987,425
3987,2907
3987,3164
3987,2132
3988,292
3988,5124
3988,1772
3988,757
3988,5335
3989,9442
3989,1630
3990,5940
3990,3102
3990,4903
3991,1542
3991,1578
3991,4333
3991,4910
3991,8175
3991,4181
3991,893
3992,2848
3992,3393
3992,711
3992,6088
3992,2185
3992,3692
3992,5584
3992,4499
3992,5942
3992,7319
3993,8649
3993,5065
3993,8302
3993,1079
3993,889
3993,4859
3993,4286
3993,6398
3993,2270
3994,5221
3994,4229
3994,2761
3994,7439
3994,8752
3994,4638
3995,1788
3995,3639
3996,5608
3996,6926
3996,7663
3997,6680
3997,8195
3997,5020
3997,5942
3998,1680
3998,909
3998,9206
3998,5103
3999,9121
3999,6411
3999,1227
3999,7372
3999,5814
3999,9919
4000,2952
4000,2920
4000,5738
4000,426
4000,2440
4000,5496
4000,8222
4000,3647
4001,5152
4001,7456
4001,1029
4001,8486
4001,2836
4001,6462
4001,735
4002,8979
4003,7984
4003,3211
4003,9611
4003,2388
4004,9094
4004,8940
4004,2733
4004,3088
4004,9684
4004,6998
4004,4793
4004,122
4004,5627
4004,3069
4004,318
4005,9992
4005,8945
4005,7522
4005,8320
4006,8161
4006,9921
4006,9476
4006,2277
4006,6665
4006,6672
4006,2706
4006,4863
4007,3744
4007,1380
4007,1639
4007,3153
4007,6776
4007,3675
4007,91
4007,7199
4008,1048
4008,7170
4008,1451
4008,4522
4009,6372
4009,8551
4009,2119
4009,1588
4009,7896
4009,3035
4009,7967
4010,3901
4010,4335
4011,5152
4011,5346
4011,8903
4011,9899
4011,4626
4011,8114
4011,3127
4011,664
4011,5273
4011,8188
4011,3037
4012,2237
4012,1983
4013,7713
4013,6118
4013,4363
4013,4365
4013,4881
4013,4850
4013,2837
4013,7166
4014,2113
4014,2786
4014,2694
4014,9530
4014,62
4015,2179
4015,7172
4015,1285
4015,3631
4015,9847
4015,56
4015,4124
4016,2401
4016,2425
4016,1947
4016,5981
4016,7775
4017,2373
4017,4461
4017,6246
4017,8950
4018,6392
4018,9353
4018,5156
4018,8791
4019,9602
4019,3208
4019,8812
4019,6124
4019,6141
4019,1172
4019,4309
4019,3673
4019,4413
4019,8637
4020,9163
4020,6222
4020,6673
4020,4055
4020,7801
4020,2847
4021,5474
4021,6658
4021,1706
4021,6251
4021,4528
4021,4281
4021,4031
4022,4640
4022,6065
4022,5472
4022,5996
4023,3398
4024,3809
4024,547
4024,6214
4024,3787
4024,4908
4024,9139
4024,8596
4024,2556
4025,3362
4025,5851
4025,1687
4026,4228
4026,7077
4026,3209
4026,1484
4026,5780
4026,7573
4026,7540
4026,535
4026,8731
4026,124
4027,6022
4027,5642
4027,7694
4027,5104
4027,5521
4027,7125
4027,1592
4028,8320
4028,3138
4028,8332
4028,5169
4028,6101
4028,918
4029,6448
4029,2804
4030,610
4030,6595
4030,2882
4030,3171
4030,1862
4030,8750
4030,4349
4031,4066
4031,3272
4031,906
4031,1419
4031,1292
4032,7328
4032,1348
4032,3876
4032,1291
4032,6550
4032,4823
4032,8505
4032,4411
4032,9727
4033,4706
4033,9861
4033,7589
4033,1930
4033,381
4033,8052
4033,3126
4033,6007
4033,8889
4033,8573
4034,7874
4034,3142
4034,5385
4034,2538
4034,4364
4034,7182
4034,2927
4035,8288
4035,7042
4035,8487
4035,9098
4035,8619
4035,5612
4036,1312
4036,7009
4036,8837
4036,1228
4036,825
4036,3770
4036,635
4036,8991
4037,4482
4037,3556
4037,7492
4037,3564
4037,4717
4037,2035
4037,9719
4037,9785
4038,1473
4038,9830
4038,523
4038,7023
4038,2134
4038,4633
4039,1601
4039,291
4039,4685
4039,4346
4039,9723
4039,3100
4040,3210
4040,3882
4040,7326
4040,2567
4041,3021
4041,5519
4041,8273
4041,6035
4041,2964
4041,2231
4041,2104
4041,8858
4041,4223
4042,1763
4042,4965
4042,4838
4042,2697
4042,1682
4042,3608
4044,3745
4044,2650
4044,5507
4044,2278
4045,2259
4045,3942
4045,1791
4046,320
4046,2817
4046,9539
4046,9796
4046,708
4046,6532
4046,1161
4046,6416
4046,2302
4046,2399
4047,1219
4047,9860
4047,7045
4047,6542
4047,818
4047,1558
4047,7960
4047,6841
4047,6687
4048,3204
4048,1387
4048,6960
4048,6355
4048,1620
4048,7124
4048,2333
4048,767
4049,3622
4049,7430
4049,1004
4049,3021
4049,622
4049,8943
4049,3696
4049,6831
4049,4981
4049,5621
4049,7097
4049,3997
4049,9950
4049,3231
4050,7544
4050,6660
4051,4320
4051,2469
4051,11
4051,2226
4051,6229
4051,8537
4052,3044
4052,8681
4052,1648
4052,6260
4052,8566
4052,5791
4053,8137
4053,6709
4053,9879
4053,3866
4053,3806
4054,8450
4054,4747
4054,3469
4054,7053
4054,8849
4054,1958
4054,1831
4054,7731
4054,5044
4054,8509
4054,9922
4054,8901
4054,3784
4054,6219
4054,8794
4054,2395
4054,1756
4054,9455
4054,1137
4054,9588
4054,8957
4055,6640
4055,1931
4055,3332
4055,2799
4056,5282
4056,1125
4056,3015
4056,4110
4056,6223
4056,7226
4057,8288
4057,4837
4057,6150
4057,4010
4057,6393
4058,824
4058,9395
4058,374
4058,6687
4059,2560
4059,9024
4059,1673
4059,1962
4059,6732
4059,9868
4059,334
4059,5199
4059,4561
4059,4691
4059,3095
4059,5977
4059,6394
4060,6425
4060,2059
4060,1148
4060,1180
4061,9031
4061,7304
4061,1578
4061,9332
4061,340
4061,1655
4062,1314
4062,647
4062,9800
4062,1784
4062,6003
4062,5336
4062,924
4063,7554
4063,4774
4063,3302
4063,712
4063,9609
4063,4488
4063,9428
4063,3896
4063,476
4063,94
4065,9472
4065,8453
4065,4135
4065,2542
4065,4595
4066,2512
4066,3592
4066,6373
4067,9187
4067,5989
4067,552
4067,5067
4067,3052
4067,5935
4067,2735
4067,319
4069,6981
4070,608
4070,2084
4070,5892
4070,8804
4070,7024
4070,7060
4070,5659
4070,2780
4070,4254
4070,8955
4071,1441
4071,2535
4071,9391
4071,2610
4071,7602
4071,8759
4071,8829
4072,9216
4072,209
4072,3570
4072,4634
4072,957
4072,3230
4073,4869
4073,3014
4073,5479
4073,8237
4073,3022
4073,1711
4073,752
4073,5938
4073,4031
4074,5696
4074,9992
4074,8189
4074,4051
4074,9207
4074,7293
4075,4147
4075,3638
4075,2941
4075,1022
4075,5791
4076,5925
4076,8869
4076,5640
4076,2734
4076,1647
4076,1169
4076,659
4076,3447
4076,5339
4076,4445
4077,4739
4077,6574
4077,4239
4077,5200
4077,2837
4077,6719
4078,7068
4078,5838
4078,111
4079,4737
4079,5992
4079,9167
4079,9685
4079,6231
4080,8608
4080,674
4080,457
4080,5290
4080,1518
4080,2897
4080,5501
4080,5406
4080,1791
4081,1635
4081,7815
4081,1811
4081,3286
4081,3224
4081,8507
4081,7294
4081,7327
4082,5825
4082,418
4082,610
4082,8899
4082,194
4082,6886
4082,3785
4082,3444
4082,7039
4082,1051
4082,1116
4082,6271
4083,8512
4083,2529
4083,3267
4083,1765
4083,6319
4083,2928
4083,4657
4083,6134
4083,6583
4084,3905
4084,5346
4084,9731
4084,1989
4084,9815
4084,3271
4084,8204
4084,6382
4084,7440
4084,1712
4084,3379
4084,2229
4084,150
4084,9975
4084,1498
4085,8320
4085,2115
4085,6064
4086,1376
4086,9442
4086,6018
4086,3760
4086,8371
4086,2996
4086,3350
4086,9882
4086,2365
4087,5697
4087,6537
4087,4587
4087,93
4088,9153
4088,8834
4088,3846
4088,7958
4088,6172
4088,3903
4089,8171
4089,3381
4089,6859
4089,2231
4090,7944
4090,195
4091,5890
4091,5028
4091,3366
4091,8583
4091,4075
4091,8044
4091,3278
4091,5646
4091,1136
4091,4335
4091,6418
4091,850
4091,1526
4091,7864
4091,285
4092,4907
4092,2861
4092,5329
4092,116
4092,7990
4092,7355
4092,6588
4093,7440
4093,2699
4093,7828
4093,5285
4094,4769
4094,1798
4094,8039
4094,1415
4094,3596
4094,8400
4094,3537
4094,5529
4094,2619
4095,6449
4095,1139
4095,3623
4096,6944
4096,9800
4096,6354
4096,2614
4096,376
4096,4346
4096,2396
4097,1665
4097,9188
4097,901
4097,7140
4097,2218
4097,791
4097,4396
4097,5583
4097,1778
4097,4434
4097,3732
4097,2612
4097,6711
4097,6233
4097,7930
4097,2460
4097,5246
4097,9183
4098,6723
4098,99
4098,366
4099,6320
4099,4683
4099,7245
4099,8534
4100,424
4100,634
4100,8559
4101,2021
4101,8651
4101,7725
4101,2257
4101,8568
4101,4223
4102,2629
4102,5388
4102,2547
4102,5779
4102,309
4102,694
4102,475
4102,6813
4102,2111
4103,7303
4103,4294
4103,7815
4104,3153
4104,7138
4104,8662
4104,4343
4105,4768
4105,3493
4105,7799
4105,7823
4105,3027
4105,1655
4105,2525
4105,4926
4106,4287
4106,4867
4106,7047
4106,6376
4106,4873
4106,8970
4106,5839
4106,7193
4106,1055
4107,2336
4107,4841
4107,3725
4107,7600
4107,4721
4107,7314
4107,345
4107,1051
4107,7134
4108,1318
4108,758
4109,7966
4110,5569
4110,1409
4110,7844
4110,9352
4110,6669
4110,4431
4110,3567
4110,2741
4110,9176
4111,75
4111,684
4111,9509
4111,7758
4112,160
4112,2277
4112,6825
4112,6798
4112,398
4112,6000
4112,5138
4112,7315
4112,6898
4112,8412
4112,3868
4112,5341
4113,4795
4113,3869
4113,6303
4114,5317
4114,6984
4114,6477
4114,8400
4114,915
4114,1784
4114,7929
4114,5598
4114,7199
4115,2991
4115,6391
4115,3864
4115,2393
4115,6302
4116,196
4116,2437
4116,6121
4116,587
4116,4530
4116,6354
4116,8951
4116,825
4116,7838
4117,2550
4117,1335
4118,427
4119,4769
4119,3170
4119,9090
4119,932
4119,4166
4119,5145
4119,2427
4120,3535
4120,2535
4120,4495
4121,3427
4121,5647
4121,9977
4121,7516
4121,8318
4122,4820
4122,1061
4122,2709
4123,5580
4123,8388
4123,3997
4123,814
4124,2480
4124,2881
4124,5782
4124,1271
4125,4704
4125,1025
4125,7987
4125,2205
4125,9246
4126,2800
4126,6306
4126,598
4127,4808
4127,2892
4127,3408
4127,7032
4127,8286
4128,2144
4128,3746
4128,6632
4128,744
4128,8874
4128,8464
4128,8657
4128,882
4128,4562
4128,1108
4128,1713
4128,4951
4129,8294
4129,4938
4129,1770
4129,5871
4129,8176
4129,2322
4129,3283
4129,9846
4129,3095
4129,5880
4129,6550
4130,477
4130,5162
4130,6444
4130,2286
4130,6574
4130,6160
4130,1939
4130,212
4130,2995
4130,6845
4130,6174
4131,3777
4131,7588
4131,8741
4131,1450
4131,1264
4131,3382
4131,4095
4132,6667
4132,5772
4132,244
4132,5624
4132,4763
4132,8413
4132,5502
4133,3728
4133,6564
4134,3735
4134,1073
4134,1862
4134,7983
4135,2820
4136,296
4136,681
4136,10
4136,3797
4137,6328
4137,7817
4137,6322
4137,9294
4138,451
4138,9827
4138,5071
4138,5721
4138,8543
4139,8769
4139,1005
4139,2230
4139,6262
4139,3832
4139,7454
4140,570
4140,2957
4140,5622
4141,457
4141,6670
4141,4280
4141,7577
4141,8062
4142,3873
4142,4774
4142,7827
4142,3444
4142,5525
4142,7865
4143,5333
4144,8868
4144,1566
4144,6223
4144,7703
4144,7515
4144,2014
4145,7032
4145,9009
4145,2915
4145,2439
4146,776
4146,6250
4146,4555
4146,1363
4146,22
4146,7224
4146,7643
4147,8416
4147,5953
4147,628
4147,920
4147,6010
4147,4444
4148,2396
4148,5789
4148,5958
4148,8735
4149,4873
4149,5454
4149,5648
4149,7605
4149,6230
4149,5498
4149,1887
4150,7494
4150,9802
4150,8971
4150,941
4150,9616
4150,5649
4150,3509
4150,3866
4151,2466
4151,8550
4151,7367
4151,5482
4151,6974
4151,817
4151,8402
4151,2076
4151,6686
4153,1938
4153,8431
4153,9391
4154,6944
4154,160
4154,5760
4154,8906
4154,7723
4154,6235
4154,4316
4155,199
4155,2312
4155,8137
4155,8525
4155,1424
4155,1841
4155,5044
4155,2492
4156,8087
4156,7644
4156,1012
4156,9687
4157,6704
4157,8258
4157,7925
4158,1154
4158,4170
4158,7243
4158,491
4158,3893
4158,376
4158,8796
4158,7677
4159,3525
4159,5419
4159,1675
4159,1869
4159,1651
4160,9095
4160,7304
4160,6314
4160,5074
4160,5365
4160,3413
4160,6711
4160,4059
4160,4575
4161,2945
4161,9797
4161,7498
4161,719
4161,8377
4161,31
4161,9087
4162,4985
4162,8692
4163,5223
4163,6307
4163,1670
4163,8247
4164,6729
4164,3114
4164,4148
4164,148
4164,9246
4165,1000
4165,602
4165,5891
4165,8352
4166,5320
4166,8052
4166,3183
4166,1744
4167,1414
4167,9230
4167,4499
4167,8533
4167,3478
4167,8441
4168,6148
4168,4940
4168,5203
4168,7260
4168,9087
4169,6020
4169,7407
4169,3989
4169,3702
4169,7582
4170,3747
4170,1127
4170,9416
4170,5230
4170,1391
4171,5457
4171,9665
4171,8355
4171,2273
4172,7960
4172,8348
4172,2212
4172,2672
4173,8745
4173,5804
4173,3509
4173,6167
4173,2846
4174,6400
4174,4769
4174,4325
4174,9319
4174,1224
4174,6891
4174,7477
4174,6810
4174,6623
4175,8929
4175,8259
4175,6757
4175,1511
4175,3754
4176,99
4176,9770
4176,5995
4176,2380
4176,110
4176,6714
4176,701
4177,128
4177,7802
4177,8174
4178,5793
4178,6625
4178,1988
4178,7782
4178,3111
4178,7561
4178,7895
4178,5163
4178,7806
4178,7789
4178,2095
4178,9681
4178,1908
4178,2005
4178,8247
4178,2903
4178,692
4178,1342
4179,2878
4180,7328
4180,5987
4180,3844
4180,2407
4180,5613
4180,9326
4180,8527
4180,4976
4180,4382
4181,6448
4181,3247
4182,3524
4182,2731
4182,4748
4182,1973
4182,2683
4183,3020
4183,1174
4183,8327
4184,8368
4184,1669
4184,4029
4185,2144
4185,546
4185,72
4185,5800
4185,4456
4185,3756
4185,1133
4185,9710
4185,882
4185,5781
4185,8476
4185,6014
4186,549
4186,6405
4186,6373
4186,906
4186,7885
4186,7668
4186,9333
4186,1181
4187,3398
4187,570
4187,1083
4187,7582
4187,6655
4188,9769
4188,8725
4188,516
4188,9181
4189,7407
4189,7060
4189,6991
4190,1793
4190,3753
4190,8086
4190,8503
4191,6688
4191,6342
4191,614
4191,1706
4191,4619
4191,8012
4191,184
4192,7416
4192,2823
4192,8874
4192,6187
4192,8331
4192,944
4192,6227
4192,6803
4192,6420
4192,1974
4192,2803
4192,9592
4192,8378
4192,6715
4192,8860
4192,6014
4192,2623
4193,9744
4193,2089
4193,9930
4194,4737
4194,5508
4194,7306
4194,4364
4194,8762
4195,931
4195,8813
4195,7217
4195,9142
4195,8696
4195,4861
4196,2440
4196,3785
4196,5453
4196,7279
4196,337
4196,8734
4197,3696
4197,2913
4197,2979
4198,3207
4198,6311
4198,3849
4198,2572
4198,5810
4198,5682
4198,8539
4199,352
4199,8361
4200,9474
4200,4651
4200,7738
4200,927
4201,8224
4201,8833
4201,420
4201,1656
4201,4978
4201,4469
4201,4951
4201,3448
4201,3257
4201,6492
4201,6398
4202,2810
4202,3093
4203,4075
4203,271
4203,1489
4203,2100
4203,4374
4203,6455
4204,66
4204,3908
4204,5222
4204,716
4204,2007
4204,7934
4204,6559
4205,68
4205,4869
4205,1414
4205,5129
4205,6253
4205,557
4205,942
4205,5233
4205,660
4205,1973
4205,9045
4205,8596
4205,3642
4205,573
4206,2360
4206,6652
4206,3799
4207,2598
4207,4841
4207,5353
4207,8753
4207,2908
4207,2461
4207,5343
4208,5945
4208,5157
4208,9213
4208,7673
4209,2617
4209,1877
4210,2113
4210,513
4210,5315
4210,6758
4210,5356
4210,3854
4210,5754
4210,1055
4211,7649
4211,4322
4211,5091
4211,871
4211,9130
4211,6896
4211,3057
4211,337
4211,2738
4211,9566
4212,1
4212,7602
4212,595
4212,5886
4213,1888
4213,1538
4213,4583
4213,2637
4213,8398
4213,7693
4213,765
4214,5152
4214,3048
4214,9006
4214,8020
4214,7487
4215,3875
4215,5476
4215,8874
4215,9706
4215,7284
4216,5000
4216,7369
4216,3886
4216,2480
4216,6737
4216,1010
4216,9715
4216,7794
4217,3265
4217,7170
4217,9539
4217,6906
4218,4521
4219,7660
4219,1964
4219,4686
4219,5204
4219,7637
4219,3320
4219,9245
4220,1379
4220,423
4220,3849
4220,1067
4220,300
4220,5262
4220,1201
4220,8408
4220,123
4220,6879
4221,3265
4221,6466
4221,1251
4221,1667
4221,3545
4221,1556
4221,5145
4221,4924
4221,2559
4222,2312
4222,529
4222,3060
4222,7734
4223,3300
4223,4485
4223,1316
4223,3067
4223,9865
4223,6159
4223,80
4223,1587
4223,2804
4223,4694
4223,8091
4224,2080
4224,9275
4224,9229
4224,2511
4225,8331
4226,4864
4226,1900
4226,7375
4226,374
4226,2363
4227,8515
4227,2565
4227,9518
4227,5177
4227,8858
4227,4571
4227,826
4228,4379
4228,4356
4228,2269
4228,862
4229,6082
4229,1669
4229,9108
4229,1591
4229,5400
4229,7163
4229,3869
4230,9592
4230,801
4230,1754
4230,4941
4231,6864
4231,5850
4231,8029
4232,5253
4232,5704
4232,2408
4232,5421
4232,5202
4232,6676
4232,8918
4232,9467
4232,2047
4233,361
4233,3088
4233,3539
4233,8152
4233,2297
4233,1148
4233,6589
4234,481
4234,7074
4234,5802
4234,6067
4234,8949
4234,3128
4234,7001
4235,740
4235,5437
4235,2935
4236,2144
4236,8243
4236,1324
4237,178
4238,5313
4238,4610
4238,6659
4238,1475
4238,357
4238,3793
4238,596
4239,1026
4239,7459
4239,428
4239,8215
4239,5274
4240,673
4240,2370
4240,3147
4240,7696
4240,7409
4240,2581
4240,9589
4240,7037
4241,9864
4241,3977
4241,4240
4241,9840
4241,2610
4241,3635
4241,7155
4241,2516
4241,4758
4241,1078
4241,2904
4242,3681
4242,8035
4242,1219
4242,4931
4242,3980
4242,140
4242,3101
4242,1332
4242,6360
4242,6845
4243,2296
4243,517
4243,709
4244,1280
4244,3588
4244,7174
4244,4906
4244,2668
4244,6030
4244,9049
4244,827
4244,4861
4244,4094
4245,1760
4245,4514
4245,4070
4245,714
4245,1964
4245,5037
4245,7218
4245,7259
4245,1662
4247,3185
4247,8786
4247,1931
4247,2150
4248,5056
4248,704
4248,9347
4248,101
4248,1031
4248,8081
4248,5182
4248,5658
4248,5758
4248,5823
4249,9120
4249,512
4249,2146
4249,7749
4249,8301
4249,7604
4249,1654
4249,3766
4249,4218
4249,1053
4250,3820
4250,4597
4250,7288
4250,509
4250,5599
4251,8674
4251,3751
4251,7176
4251,6635
4251,12
4251,267
4251,4339
4251,7254
4253,5073
4253,6003
4253,909
4254,2757
4254,1510
4254,5801
4254,2796
4254,4109
4254,2670
4254,5743
4254,8816
4254,3287
4254,1497
4255,5768
4255,4313
4255,9909
4256,8841
4256,6843
4256,5052
4256,7375
4257,5841
4257,1425
4257,597
4257,7543
4258,2612
4259,4065
4259,1157
4259,5542
4259,7463
4259,4492
4259,9299
4259,4212
4259,3128
4259,6745
4259,6136
4262,4163
4262,3291
4262,8527
4262,5104
4262,113
4262,2521
4262,9499
4262,254
4263,8352
4263,2786
4263,6374
4263,2538
4263,3021
4263,9230
4263,4079
4263,5328
4263,5270
4263,1976
4264,3137
4264,7202
4264,4643
4264,5751
4264,6973
4265,3460
4265,764
4265,8998
4265,141
4265,1715
4265,7318
4265,2972
4266,2576
4266,8679
4267,9824
4267,4134
4267,6540
4267,9548
4267,8751
4267,1523
4267,1109
4267,7541
4267,7930
4267,3547
4267,2559
4268,3329
4268,5186
4268,7043
4268,5803
4268,3214
4268,2226
4268,2647
4269,5515
4269,2098
4269,662
4269,569
4269,7325
4269,9599
4270,352
4270,5542
4270,6182
4270,7309
4270,3215
4270,1647
4270,5588
4270,6367
4271,1568
4271,294
4271,5672
4271,7918
4271,5678
4271,9338
4271,3582
4272,8868
4272,6853
4272,3462
4272,3431
4272,3590
4272,3369
4272,3403
4272,8206
4272,5263
4272,8564
4272,4828
4272,5566
4273,927
4274,3440
4275,1530
4275,4254
4276,2336
4276,8929
4276,8434
4277,355
4278,6818
4278,4009
4278,8140
4278,6860
4278,492
4278,6867
4278,8088
4278,6616
4278,1822
4279,5824
4279,4716
4279,7501
4279,1973
4279,5341
4279,314
4279,6268
4279,5437
4280,704
4280,2246
4280,2446
4280,7824
4280,1717
4281,9189
4281,5288
4281,2857
4281,202
4281,3529
4281,3372
4281,8460
4281,3471
4281,3124
4281,828
4281,861
4282,2434
4282,4267
4282,524
4282,6172
4282,6156
4282,2011
4282,9116
4283,4152
4283,3179
4283,6803
4284,2288
4284,8106
4284,965
4284,8655
4285,1891
4285,4900
4285,4486
4285,6068
4285,4152
4286,3599
4287,4704
4287,2261
4287,3542
4287,1240
4288,5704
4288,7337
4288,7528
4288,2092
4288,2765
4288,602
4288,7102
4289,7264
4289,4451
4289,932
4289,8997
4289,6319
4289,783
4289,9622
4289,9435
4289,3420
4289,7326
4290,3786
4290,8078
4290,2259
4290,2038
4290,4860
4291,4536
4291,7265
4292,5311
4292,4226
4292,3916
4292,9343
4293,7462
4293,4806
4293,3816
4293,6098
4293,4085
4293,599
4293,9311
4293,3583
4294,7104
4294,4259
4294,7499
4294,8080
4294,1045
4294,215
4294,5276
4294,8158
4295,3328
4295,2036
4295,7190
4295,407
4295,124
4296,7301
4296,8967
4296,9654
4296,7225
4296,5311
4297,3584
4297,3393
4297,962
4297,8835
4297,8968
4297,2856
4297,9611
4297,7631
4297,7344
4297,7634
4297,8051
4297,6587
4297,7390
4298,6074
4299,1600
4299,8651
4299,8049
4299,7313
4299,8179
4299,8181
4300,8225
4300,6535
4300,3917
4300,1813
4300,3161
4301,321
4301,9731
4301,37
4301,8967
4301,2408
4301,9738
4301,3377
4301,5873
4301,5779
4301,9684
4301,7197
4301,350
4302,5995
4302,7676
4303,8293
4303,1356
4303,8893
4304,3459
4304,6118
4304,2590
4304,4456
4304,3434
4304,9066
4304,83
4304,7317
4304,7291
4304,5404
4304,4029
4304,8510
4305,4670
4305,2560
4305,8190
4306,6822
4306,2152
4306,1486
4306,945
4306,4344
4306,1503
4307,9025
4307,1829
4307,4841
4307,5069
4307,3736
4307,5551
4307,3220
4307,6964
4307,8023
4307,6552
4307,8859
4307,3870
4308,5792
4308,9884
4308,5902
4309,163
4309,3141
4309,7
4309,7601
4309,4245
4309,5558
4309,8855
4309,1050
4309,1790
4310,7904
4310,2721
4310,2
4310,9123
4310,2404
4310,9284
4310,2180
4310,5925
4310,875
4310,1839
4310,8729
4310,6138
4310,6683
4310,3934
4311,8612
4311,2313
4311,6750
4311,8958
4311,1169
4311,9842
4311,956
4311,8350
4312,2961
4312,7223
4313,8848
4313,4308
4313,791
4313,8959
4314,8385
4314,6178
4314,752
4314,81
4314,4851
4315,6240
4315,3648
4315,4965
4315,3527
4315,4456
4315,5751
4315,8972
4315,6189
4315,8720
4315,6096
4315,9783
4315,1979
4315,1756
4316,3762
4316,382
4316,1862
4317,8450
4317,1701
4317,4200
4317,3082
4317,1642
4317,588
4317,86
4317,5788
4318,4144
4318,605
4319,8177
4319,4474
4319,8763
4319,2238
4320,6481
4320,7573
4321,7395
4321,5369
4321,3527
4321,1033
4321,6474
4321,5995
4321,649
4321,6127
4321,3699
4321,569
4322,2627
4322,1478
4322,2234
4322,3372
4322,5038
4322,80
4322,4532
4322,5722
4322,2903
4322,6327
4322,4186
4323,3016
4323,6680
4323,3277
4323,816
4323,7443
4323,1461
4323,8280
4323,6778
4323,2621
4324,33
4324,2210
4324,2209
4324,5873
4324,5397
4324,731
4325,8935
4325,4078
4325,1903
4325,4697
4325,9875
4325,214
4325,3190
4325,9944
4325,25
4325,2043
4325,5081
4325,7933
4326,907
4326,5548
4326,6385
4326,2422
4326,1499
4327,1379
4327,9189
4327,5806
4327,6079
4327,1086
4327,287
4328,5417
4328,5870
4328,7921
4328,631
4328,3801
4328,8572
4328,3071
4329,7344
4329,3349
4329,5191
4330,1646
4330,7791
4331,3136
4331,1642
4331,2542
4331,4943
4331,7319
4332,5264
4333,8068
4333,6345
4333,5610
4333,8855
4333,3002
4333,4926
4333,5791
4334,2083
4334,361
4334,4596
4334,376
4334,1849
4334,925
4334,8703
4335,5832
4335,746
4335,916
4335,1559
4336,5923
4336,7140
4336,5451
4336,7412
4336,8765
4337,8514
4337,6471
4337,746
4337,944
4337,498
4337,7250
4338,9376
4338,5828
4338,8740
4338,3465
4338,8140
4338,2672
4338,8854
4338,5627
4339,1348
4339,2702
4339,2287
4340,8414
4341,5240
4341,5976
4341,9557
4342,2252
4342,8332
4342,8695
4343,1859
4343,6504
4343,6604
4343,5901
4343,4919
4344,8016
4344,7202
4344,4307
4345,3417
4345,6395
4345,6519
4346,4016
4346,7226
4348,5826
4348,3749
4348,5832
4348,3306
4348,5902
4348,1102
4348,2000
4348,6712
4348,2745
4348,187
4348,9054
4349,4416
4349,549
4349,2502
4349,9224
4349,1356
4349,1678
4349,9104
4349,9779
4349,567
4349,2681
4349,3899
4349,7996
4350,8961
4351,2560
4351,3147
4351,3284
4351,8179
4352,9375
4352,5283
4352,9861
4352,1354
4352,9227
4352,9551
4352,5647
4352,783
4352,949
4352,663
4352,5978
4352,3423
4353,6116
4353,2536
4353,8971
4353,2764
4353,6865
4353,2714
4354,2320
4354,5096
4354,9022
4355,258
4355,7722
4355,178
4355,5875
4355,3319
4355,7007
4356,8744
4357,4163
4357,554
4357,3116
4357,7889
4357,2323
4357,1525
4357,4063
4358,2953
4358,1406
4358,735
4359,2241
4359,4258
4359,5795
4359,9477
4359,237
4359,4883
4359,4501
4359,6903
4360,4320
4360,6377
4361,3428
4361,6983
4361,8681
4361,1229
4361,8656
4361,155
4361,7166
4362,4160
4362,4563
4362,2933
4362,4111
4363,5266
4363,1486
4364,5504
4364,1793
4364,9251
4364,7717
4364,9392
4364,6515
4364,6583
4364,7066
4365,1409
4365,8803
4365,2755
4365,8486
4365,2263
4365,9535
4366,2817
4366,1222
4366,7080
4366,3278
4366,2037
4366,6847
4367,9126
4367,1767
4367,2728
4367,5865
4367,6833
4367,8887
4367,8158
4368,2185
4369,8517
4369,3999
4370,7416
4370,16
4370,40
4371,5480
4371,456
4371,1887
4371,3776
4372,5534
4372,4456
4372,4010
4372,2668
4372,8598
4372,3414
4372,414
4373,98
4373,3818
4373,1591
4373,1214
4373,895
4374,6018
4374,1324
4374,3187
4374,1815
4374,3834
4374,3643
4374,4445
4375,672
4375,1864
4375,265
4375,1002
4375,3149
4375,7888
4375,7294
4376,1281
4376,7910
4376,2059
4376,109
4376,4278
4376,5852
4376,5374
4377,7394
4377,2661
4377,2758
4377,8905
4377,7408
4377,3449
4377,1786
4377,3451
4378,6225
4379,551
4379,9383
4380,8665
4380,5979
4380,5140
4380,8947
4382,4706
4382,4117
4382,4062
4382,7503
4383,5523
4383,6644
4383,5781
4383,8878
4384,4451
4384,4997
4384,9770
4384,7863
4384,6141
4384,9342
4385,4628
4385,4781
4385,8775
4386,3504
4386,5228
4387,4267
4387,2607
4387,5203
4387,9118
4387,1175
4387,9086
4388,8133
4388,1981
4388,2959
4388,2322
4388,402
4388,3602
4388,5779
4388,4701
4389,7173
4389,806
4389,6471
4389,2159
4389,466
4389,8983
4389,9817
4389,6395
4390,6915
4390,9547
4390,9973
4390,1079
4391,8034
4391,163
4391,2181
4391,37
4391,5656
4391,4203
4391,4787
4391,1144
4392,6539
4392,4357
4392,8526
4393,5793
4393,4066
4393,1003
4393,2379
4393,4209
4393,5333
4393,316
4394,7206
4394,5287
4394,8905
4394,8491
4394,2224
4394,6354
4394,8245
4395,1377
4395,8967
4395,5835
4395,7595
4395,8876
4395,562
4395,1524
4395,534
4396,4567
4396,6693
4396,8584
4396,9297
4396,8147
4396,52
4396,8375
4396,1944
4396,3417
4397,8771
4397,6627
4397,5286
4397,9415
4397,5993
4397,1324
4397,7086
4397,7345
4397,1014
4397,7736
4397,1178
4397,2623
4398,2697
4398,6193
4398,2061
4398,2455
4399,2147
4399,357
4399,4743
4399,8072
4399,3721
4399,398
4399,530
4399,7540
4399,9273
4399,3547
4400,6722
4400,7011
4400,2
4400,2505
4400,465
4400,7733
4400,3610
4400,8476
4400,3614
4401,3975
4401,8648
4401,7629
4401,4078
4401,4020
4401,2103
4401,214
4401,1110
4402,7809
4402,5475
4402,8036
4402,8650
4402,3148
4402,1870
4402,5518
4402,4400
4402,6001
4402,5010
4402,1818
4402,9214
4402,2463
4403,8873
4403,4962
4403,3749
4404,6776
4404,7354
4404,188
4404,9150
4405,5574
4405,9448
4405,9487
4405,691
4405,7668
4405,6170
4405,316
4406,1992
4406,6580
4406,4390
4407,5089
4407,354
4407,4740
4407,7753
4407,6255
4407,9331
4407,5523
4408,4985
4408,9651
4408,9847
4409,769
4409,6435
4409,9955
4409,3949
4409,9872
4409,7537
4409,7064
4409,9790
4409,2143
4410,1936
4410,8554
4410,9507
4411,3427
4411,1066
4411,6123
4411,7372
4411,1618
4411,5364
4411,9077
4412,2116
4412,4199
4412,5882
4412,4041
4412,5355
4412,9905
4412,5274
4412,9886
4413,2082
4413,7591
4413,1064
4413,1898
4413,1774
4413,5487
4413,1134
4413,213
4413,5944
4413,60
4414,1
4415,5605
4415,6406
4415,1255
4415,4136
4415,613
4415,377
4416,8260
4416,6085
4416,4297
4416,6154
4416,7531
4416,975
4416,7439
4416,442
4416,5202
4416,2101
4416,7863
4416,2937
4416,1402
4416,4059
4416,8604
4416,7390
4417,515
4417,1572
4417,8294
4417,1672
4417,3021
4417,2036
4417,8693
4417,1464
4417,1502
4417,7647
4418,415
4418,7177
4418,7850
4418,3152
4418,7091
4418,1914
4418,154
4418,6654
4418,1631
4419,6500
4419,5092
4419,8614
4419,657
4419,917
4419,5432
4420,8315
4421,1731
4421,3761
4421,7798
4421,248
4421,4025
4421,4060
4422,3392
4422,8673
4422,6660
4422,2023
4422,6712
4422,2188
4422,1326
4422,6350
4422,8689
4422,9493
4422,7574
4422,4279
4422,1077
4422,4379
4422,1661
4423,7809
4423,450
4423,7290
4423,3209
4423,9004
4423,5102
4423,2897
4423,3348
4423,5658
4423,4603
4423,3966
4423,5375
4424,4832
4424,3392
4424,3265
4424,9927
4424,815
4424,432
4424,1744
4424,2550
4424,9595
4424,2556
4425,7587
4425,4906
4425,1077
4425,1624
4425,1818
4426,5065
4426,6255
4426,8592
4426,2673
4426,8694
4426,2711
4426,4733
4427,8678
4427,8169
4427,8715
4427,2415
4427,8786
4427,5588
4427,4086
4428,354
4428,5379
4428,2263
4429,2128
4429,4097
4429,7322
4430,2519
4430,1845
4430,2071
4431,6697
4431,3250
4431,229
4431,386
4432,6656
4432,195
4432,804
4432,6821
4432,7335
4432,5292
4432,5676
4432,2932
4432,4854
4432,255
4433,8868
4433,5668
4433,6374
4433,1767
4433,1800
4433,6698
4433,3516
4433,3612
4434,580
4434,9351
4434,1095
4434,6732
4434,3182
4434,8846
4434,7342
4434,7865
4434,1689
4434,1274
4434,347
4434,3358
4435,4227
4435,7721
4435,7305
4435,394
4435,5227
4435,4430
4435,6065
4435,659
4435,1685
4435,6485
4435,8858
4435,4572
4435,1887
4436,8864
4436,4608
4436,6304
4436,2947
4436,1253
4436,8873
4436,6666
4436,169
4436,7276
4436,9422
4436,3313
4436,5681
4436,5395
4436,3865
4436,9242
4436,766
4437,4130
4437,1412
4437,7175
4437,5610
4437,4268
4437,3917
4437,3441
4437,1491
4437,9076
4437,4215
4438,7970
4438,6247
4438,4972
4438,5460
4438,5405
4439,2279
4439,236
4439,4315
4439,4437
4439,3160
4439,8475
4440,2312
4440,427
4440,9228
4440,976
4440,7313
4440,9303
4440,2487
4440,1819
4441,7522
4441,7938
4441,2925
4441,6277
4442,1025
4442,7330
4442,8717
4443,1731
4443,5579
4443,6191
4443,2098
4443,8694
4443,7290
4443,61
4443,4095
4444,8309
4445,4656
4445,2201
4445,2838
4446,450
4446,4547
4446,675
4446,1257
4446,5513
4446,9995
4446,7374
4446,4750
4446,4888
4446,7160
4446,1341
4447,7677
4447,9061
4447,5734
4447,9127
4447,8744
4447,400
4447,6257
4447,1649
4447,2580
4447,5853
4448,3130
4448,7406
4448,4102
4449,1400
4449,4748
4449,5971
4449,5324
4450,7618
4450,7847
4450,4007
4450,9642
4450,3594
4450,2254
4450,4209
4450,4785
4450,7027
4450,6263
4450,4892
4450,8253
4451,673
4451,8329
4451,3949
4452,7146
4452,3378
4453,9477
4453,455
4453,6312
4453,1969
4453,3153
4453,1943
4453,6874
4454,6539
4454,7404
4454,2512
4454,9717
4454,1434
4454,5469
4455,3169
4455,1393
4455,7633
4455,7450
4455,156
4455,572
4456,793
4456,8994
4456,1702
4456,8790
4457,8515
4457,6020
4457,9573
4457,2283
4457,6828
4457,6446
4457,2127
4457,1552
4457,4304
4457,7184
4457,5685
4457,5301
4457,7481
4458,960
4458,9073
4458,8177
4458,3732
4458,3413
4459,3055
4459,1820
4459,823
4459,8031
4460,7402
4460,206
4462,8903
4462,8365
4462,2445
4462,7472
4462,3730
4462,2323
4462,404
4462,6296
4462,825
4462,2046
4463,5571
4464,7968
4464,546
4464,1031
4464,8041
4464,8915
4464,4278
4465,6432
4465,7332
4465,6861
4465,4973
4465,6739
4465,120
4465,4729
4466,8736
4466,5218
4466,9225
4466,8652
4466,4268
4466,4536
4467,8002
4467,785
4467,2549
4467,3449
4467,5791
4468,5335
4469,1002
4469,7623
4470,8846
4470,130
4470,1611
4470,2078
4471,7234
4471,7683
4471,2916
4471,8719
4471,2263
4471,8632
4471,7481
4471,1882
4471,6110
4472,8768
4472,5756
4472,7395
4472,3149
4472,5232
4472,8764
4472,5373
4473,8664
4473,3768
4473,4012
4473,7838
4474,2466
4474,3652
4474,6792
4474,2355
4474,8884
4474,7896
4474,7738
4475,4416
4475,4400
4475,3507
4475,341
4475,7642
4475,5151
4475,6623
4476,4513
4476,7154
4478,9253
4478,2981
4478,4746
4478,8814
4478,6033
4478,3095
4479,3860
4479,61
4479,5759
4480,3296
4480,1798
4480,7079
4480,6668
4480,8020
4481,133
4481,1575
4481,6088
4481,6121
4481,6955
4481,4593
4481,978
4481,7988
4481,2741
4481,2202
4481,8251
4481,8061
4481,575
4482,7682
4482,4965
4482,4230
4482,3499
4482,2774
4482,7479
4482,700
4482,7774
4483,3329
4483,36
4483,8286
4484,8064
4484,4385
4484,4961
4484,6790
4484,2767
4484,3441
4484,1754
4484,4954
4485,7056
4485,1073
4485,7292
4485,8358
4486,2560
4486,6338
4486,9575
4486,5135
4486,6707
4486,7284
4486,5852
4486,2303
4487,8968
4487,3173
4487,1998
4488,6436
4488,5572
4488,2374
4488,3397
4488,2312
4488,5643
4488,3600
4488,7935
4489,3648
4489,6821
4489,6983
4489,2346
4489,315
4489,510
4490,6437
4490,7756
4490,9616
4490,7795
4490,3028
4490,341
4490,2326
4490,5274
4490,826
4491,3952
4491,8335
4492,2409
4492,6401
4492,9931
4492,6366
4493,7664
4493,6370
4493,5902
4494,6283
4494,4365
4494,7982
4494,5071
4494,2228
4494,7224
4495,7754
4495,3947
4496,1285
4496,4551
4496,3021
4496,3825
4496,3956
4496,4535
4496,4536
4498,5896
4498,9091
4498,8544
4498,7791
4499,3753
4499,1225
4499,6046
4499,7700
4499,5557
4499,7318
4499,4958
4500,776
4500,9929
4500,42
4500,7469
4500,6961
4500,9782
4500,7254
4500,282
4500,2941
4501,3072
4501,6962
4501,7590
4501,1950
4502,9187
4502,4932
4502,4260
4502,4235
4502,9229
4502,6350
4502,9008
4502,7378
4502,1333
4502,631
4502,8984
4502,7486
4502,447
4503,2016
4503,8850
4504,4644
4504,6024
4504,4909
4504,5582
4504,719
4504,9493
4504,951
4505,7488
4505,5892
4505,1097
4505,3369
4505,2956
4505,6383
4505,1329
4505,6902
4506,1504
4506,6662
4506,2857
4506,6700
4506,2579
4506,3453
4506,2493
4507,9144
4507,3799
4507,2256
4507,3087
4508,5987
4508,1383
4508,8969
4508,5293
4508,7725
4508,8052
4508,3229
4509,1922
4509,4611
4509,8981
4509,2555
4509,7646
4510,9505
4510,6722
4510,2212
4510,6822
4510,5833
4510,2860
4510,7217
4510,1714
4510,951
4510,5887
4511,6336
4511,1220
4511,1926
4511,2698
4511,5790
4511,1854
4513,9984
4513,7247
4513,281
4513,2108
4513,3709
4513,2105
4514,4333
4514,7503
4514,1781
4514,7511
4514,2111
4515,7968
4515,4103
4515,8967
4515,7049
4515,7719
4515,4947
4516,4304
4516,1907
4517,1601
4517,3683
4517,997
4517,4582
4517,490
4517,7037
4517,6941
4518,8896
4518,2343
4518,3144
4518,2157
4518,4654
4518,5238
4518,1463
4518,8956
4519,7467
4519,8859
4520,1353
4520,3171
4521,487
4521,4489
4521,6250
4521,6353
4521,5044
4521,2553
4521,9215
4522,6116
4522,9708
4522,8236
4522,5854
4522,2896
4522,3189
4522,8318
4522,9566
4523,5207
4524,8655
4524,7314
4524,6643
4524,7155
4524,6646
4525,4547
4525,7012
4525,9222
4525,7373
4525,8344
4525,5821
4526,5728
4526,5412
4526,9573
4526,5352
4526,3177
4526,9772
4526,1710
4526,4431
4526,8444
4527,710
4527,9191
4527,6028
4527,1521
4527,4831
4528,2273
4528,38
4528,7183
4528,5945
4528,3513
4528,2175
4529,7744
4529,2374
4529,9679
4529,4144
4529,8914
4529,2263
4529,1752
4529,2555
4529,4828
4529,4350
4530,2531
4530,3720
4530,1160
4530,7208
4530,908
4530,431
4530,655
4530,2613
4530,7511
4530,9593
4530,7963
4530,4637
4531,6521
4531,9132
4531,2942
4531,9471
4532,8068
4532,4487
4532,7531
4532,8365
4532,1871
4532,6768
4532,9717
4532,4568
4533,5634
4533,7215
4533,2247
4534,5992
4534,2506
4534,3770
4534,1998
4535,5314
4535,2020
4535,8426
4535,782
4535,3671
4535,9755
4535,6942
4535,2751
4536,9217
4536,8739
4536,7525
4536,1866
4536,3979
4536,8556
4536,2901
4536,2678
4536,2935
4536,2266
4537,6593
4537,6882
4537,9899
4537,7662
4537,7471
4537,3576
4537,57
4537,1692
4538,8762
4538,279
4539,5360
4539,6793
4539,1378
4539,416
4540,8104
4540,7541
4541,6907
4541,7628
4541,5422
4541,7159
4543,7040
4543,5024
4543,1857
4543,4168
4543,1708
4543,8526
4543,4718
4543,3221
4543,9917
4544,4026
4544,1949
4544,5498
4544,8159
4545,2625
4545,4489
4545,9100
4545,4241
4545,3643
4545,7485
4546,8068
4546,9325
4546,3218
4546,534
4546,6808
4546,9465
4546,2045
4547,7233
4547,6187
4547,304
4547,4946
4547,1846
4548,9921
4548,4648
4548,6568
4548,4747
4548,7693
4548,5903
4548,3093
4548,7831
4548,6168
4548,286
4549,9058
4549,739
4549,454
4549,3823
4549,5785
4550,7754
4550,2319
4550,7860
4550,6813
4550,2207
4551,9763
4551,7621
4551,971
4551,9676
4551,4560
4551,1680
4551,882
4551,1306
4551,8061
4551,383
4552,6980
4552,8169
4552,5579
4552,4818
4552,1812
4552,3894
4553,4036
4553,1419
4553,4910
4553,5487
4553,7600
4553,851
4553,2996
4553,5495
4553,2941
4554,4739
4554,7305
4554,2058
4554,7883
4554,5515
4554,9199
4554,3856
4555,9764
4555,5829
4555,3495
4555,8264
4555,7403
4555,5747
4555,7094
4556,8196
4556,2598
4556,6282
4556,6643
4556,5113
4557,7937
4557,8771
4557,2885
4557,5961
4557,817
4557,798
4558,4306
4558,6671
4559,3041
4559,8866
4559,2981
4559,3131
4559,9035
4559,4110
4559,3185
4559,1747
4559,315
4560,1859
4560,3081
4560,1201
4560,8601
4560,9659
4561,6251
4561,398
4561,2960
4561,3989
4561,8345
4561,3739
4562,2592
4562,6274
4562,6981
4562,3977
4562,938
4562,1130
4562,7726
4562,5936
4562,1264
4562,4533
4562,4374
4563,7488
4563,4032
4563,3235
4563,3652
4563,5926
4563,4070
4563,6182
4563,2633
4563,13
4563,5904
4563,5747
4563,5530
4563,2687
4564,6971
4564,2655
4565,5158
4565,9095
4565,3335
4565,6249
4565,1962
4565,7404
4565,240
4565,3636
4565,7959
4565,3864
4565,6455
4566,7257
4566,8857
4566,34
4566,6475
4567,576
4567,9063
4567,7630
4567,8367
4567,6653
4568,7203
4568,8260
4568,4680
4568,658
4568,6422
4569,7201
4569,4872
4569,6344
4569,498
4569,9972
4569,4570
4570,4706
4570,2094
4570,4719
4570,4816
4570,9651
4570,8185
4571,6733
4572,1409
4572,8705
4572,4
4572,6762
4572,2646
4572,3292
4573,8868
4573,5423
4573,2864
4573,6003
4573,9140
4573,6646
4573,8666
4574,2919
4574,2248
4574,3920
4574,6610
4574,3507
4574,4949
4574,5974
4574,6871
4574,3610
4574,6396
4574,2302
4574,2911
4575,7592
4575,3816
4575,4109
4576,5552
4576,4067
4576,5988
4576,7654
4577,1993
4577,5935
4577,5328
4577,5489
4577,1266
4577,3636
4577,1493
4577,1527
4578,2464
4578,1577
4578,9803
4579,4644
4579,307
4579,3732
4579,4381
4579,703
4580,6724
4580,5927
4580,4108
4580,9039
4580,5524
4580,8566
4580,4086
4580,8894
4580,5759
4581,7201
4581,2722
4581,6151
4581,8272
4581,2097
4581,4790
4581,6711
4582,3397
4582,9735
4582,9431
4582,2744
4582,8376
4583,8736
4583,3876
4583,5021
4583,5040
4583,1944
4583,3000
4583,6653
4583,1119
4584,1731
4584,1866
4584,3852
4584,4878
4584,9841
4584,7801
4584,2931
4584,7671
4584,1433
4585,8387
4585,2092
4585,2414
4585,1359
4585,4143
4585,5713
4585,9564
4585,2141
4586,3248
4586,1069
4587,3584
4587,3899
4588,7621
4588,8581
4588,1229
4588,686
4588,976
4588,2483
4589,3432
4589,2389
4589,6710
4589,1819
4589,30
4590,448
4590,9367
4591,8698
4591,9783
4592,4579
4592,4998
4592,3946
4592,6965
4592,4156
4592,7261
4593,7713
4593,4669
4593,4154
4593,2775
4593,1772
4593,7213
4593,6710
4593,215
4593,8666
4593,5053
4593,2846
4594,9284
4594,462
4594,4246
4594,9047
4594,4665
4594,7199
4595,3520
4595,9233
4595,5036
4596,33
4596,1186
4596,9355
4596,1231
4597,802
4597,332
4597,1332
4597,820
4597,1818
4598,4345
4598,5874
4598,8177
4598,3582
4599,8780
4599,6191
4599,4978
4599,3388
4599,8411
4599,6940
4599,7357
4599,3070
4600,2347
4600,6772
4600,5846
4600,4377
4600,4444
4600,7197
4601,5156
4601,6629
4601,5739
4601,7578
4601,8414
4602,7942
4602,651
4602,141
4602,1008
4602,5373
4603,8770
4603,1381
4603,2953
4603,4972
4603,7379
4603,7667
4603,3541
4603,8052
4603,2839
4603,8792
4603,7519
4604,2051
4604,999
4604,3628
4604,3003
4604,6236
4604,1151
4605,1418
4605,3788
4605,7825
4605,8695
4605,2107
4606,4979
4606,7286
4607,5058
4607,9828
4607,8265
4607,778
4607,1971
4607,5493
4607,6619
4607,7386
4607,6811
4608,5088
4608,6243
4608,4877
4608,7118
4608,4303
4608,2736
4608,7955
4608,4692
4608,502
4608,25
4609,5827
4609,7112
4609,5865
4609,4169
4609,360
4609,460
4609,74
4609,2319
4609,8371
4609,2101
4609,2040
4609,5884
4611,1826
4611,3283
4612,9988
4612,6984
4612,6281
4612,2602
4612,247
4612,2747
4612,4383
4613,7713
4613,7630
4613,2299
4613,5075
4613,8379
4613,1887
4614,2752
4614,7489
4614,4134
4614,4364
4614,1612
4614,5333
4614,1882
4615,4292
4615,2052
4615,3218
4615,8380
4615,4637
4616,3200
4616,454
4616,969
4616,7817
4616,909
4616,9023
4616,5627
4616,6395
4616,5023
4617,1065
4617,5491
4617,5844
4617,6331
4617,1085
4618,6657
4618,1194
4618,5166
4618,7248
4618,8145
4618,4754
4618,6611
4618,7829
4618,5432
4619,5553
4619,2773
4619,8942
4619,8319
4620,6512
4620,9004
4621,9872
4621,9677
4621,8254
4621,7263
4622,4388
4622,1765
4622,1990
4622,6220
4622,9839
4622,1877
4622,9400
4622,4222
4622,4091
4622,3164
4622,1502
4623,3872
4623,5386
4623,1109
4623,4474
4624,1312
4624,1699
4624,1678
4624,559
4624,142
4624,3023
4624,5519
4624,4309
4624,3291
4624,2111
4625,8032
4625,4371
4625,3327
4626,3968
4626,2956
4626,6349
4626,6799
4626,464
4626,8475
4627,6441
4627,9282
4627,522
4628,3616
4628,4843
4628,2545
4628,178
4628,6131
4629,1154
4629,4206
4629,1390
4629,1488
4629,3506
4629,914
4629,882
4629,4693
4629,2455
4629,5912
4629,3836
4629,2911
4630,6817
4630,7907
4630,8496
4630,4534
4630,5311
4631,129
4631,6529
4631,9860
4631,2550
4631,6685
4632,6818
4632,7495
4632,2893
4632,7277
4632,6798
4632,5746
4634,7506
4634,7874
4634,3549
4634,9362
4635,360
4635,5891
4635,6839
4636,792
4636,5931
4636,5983
4637,7361
4637,7753
4637,6634
4637,9869
4637,6993
4638,6702
4638,7473
4638,6609
4638,84
4638,7709
4639,5964
4640,1752
4640,7553
4640,7437
4640,8112
4641,8704
4641,8258
4641,423
4641,1386
4641,6419
4641,7703
4641,6045
4642,6219
4642,2189
4642,6836
4642,5245
4642,7862
4642,5560
4642,6970
4642,1725
4642,7070
4643,5504
4643,864
4643,136
4643,9676
4643,8563
4643,6006
4643,8760
4643,5721
4644,7205
4644,4678
4644,8423
4644,1991
4644,5103
4644,9969
4644,7153
4644,883
4644,9055
4645,2527
4645,6619
4645,7770
4645,8695
4646,7681
4646,1067
4646,240
4646,3633
4646,4434
4646,8088
4648,7042
4648,1476
4648,5196
4648,9583
4648,822
4648,1878
4649,8128
4649,771
4649,3208
4649,10
4649,8954
4650,8961
4650,6665
4650,7307
4650,76
4650,9612
4650,6127
4650,3610
4650,7924
4650,6932
4650,9398
4650,4055
4650,4602
4651,9794
4651,8454
4651,5194
4651,7020
4651,1454
4651,5619
4651,7189
4651,6231
4652,5221
4652,5510
4652,7430
4652,2796
4652,5053
4652,1936
4652,977
4652,8701
4653,1685
4654,3202
4654,6754
4654,9924
4654,6374
4654,5352
4654,7721
4654,6255
4654,1045
4654,8251
4655,7580
4655,7948
4656,3505
4656,5073
4656,5483
4656,2990
4657,5793
4657,8706
4657,2027
4657,6598
4658,9705
4658,6091
4658,2960
4658,3347
4658,2644
4658,4085
4658,5110
4658,7579
4658,4220
4660,2465
4660,9401
4660,933
4660,682
4660,8618
4660,7998
4660,3345
4660,2808
4660,1396
4660,6388
4660,4023
4660,2520
4660,6841
4660,4253
4660,9758
4662,1543
4662,2248
4662,3415
4662,2012
4662,3391
4663,5637
4663,2198
4664,2411
4664,7085
4664,5519
4664,7473
4664,340
4664,7605
4664,5142
4664,7287
4664,8122
4665,489
4665,6603
4665,3065
4665,8134
4666,2405
4666,5483
4666,6891
4666,2414
4666,2102
4666,1019
4666,8316
4666,8797
4667,1890
4667,1198
4667,1969
4667,5596
4667,1183
4668,6915
4668,5093
4668,6270
4668,9383
4669,3305
4669,8348
4670,8228
4670,3429
4670,8229
4670,8870
4670,8684
4670,9517
4670,7151
4670,912
4670,4243
4670,9971
4670,2195
4670,4379
4671,3232
4672,9428
4672,9564
4672,8829
4673,1721
4674,5410
4674,2022
4674,4905
4674,7787
4674,7896
4674,6299
4675,1867
4675,3022
4675,8336
4675,49
4675,5240
4676,7749
4676,7661
4676,559
4676,5458
4676,3091
4676,5010
4676,2197
4676,6299
4676,2780
4676,1853
4677,2081
4677,8616
4677,3304
4677,4848
4677,2262
4677,8537
4678,8680
4678,732
4678,1334
4679,4169
4680,6093
4681,7014
4681,2635
4681,3471
4681,3951
4681,7829
4681,3640
4681,3194
4682,993
4682,9988
4682,8505
4682,8136
4682,6005
4682,2457
4682,1886
4683,1281
4683,3714
4683,612
4683,8809
4683,6542
4683,1522
4683,5555
4683,3064
4683,700
4683,3421
4683,9214
4684,6368
4684,9191
4684,9610
4684,2635
4684,9837
4685,7491
4685,9575
4685,2953
4685,7787
4685,275
4685,1749
4685,6327
4685,95
4686,2220
4686,2060
4686,7567
4686,5040
4686,6971
4687,4840
4687,1763
4687,984
4689,6244
4689,4424
4689,8810
4689,6670
4689,4535
4689,9240
4689,8444
4689,1629
4689,6591
4690,5536
4691,6811
4691,222
4692,6433
4692,2433
4692,2338
4692,7508
4692,8987
4692,5534
4693,1272
4693,4913
4694,5707
4695,2241
4695,4196
4695,998
4695,2567
4695,2951
4695,8331
4695,2131
4696,6017
4696,9863
4696,2536
4696,3536
4696,8478
4697,8640
4697,3748
4697,9065
4697,3818
4697,721
4698,6210
4698,7430
4698,5031
4698,2189
4698,2350
4698,6836
4699,5857
4699,4260
4699,4391
4699,492
4699,4173
4699,4174
4699,5970
4699,2105
4700,7377
4701,649
4701,3817
4701,8331
4701,2097
4701,6098
4701,2165
4701,2488
4701,5081
4701,7227
4701,5787
4701,4639
4702,2766
4703,1762
4703,9284
4703,9862
4703,6738
4703,3925
4703,7158
4703,7030
4703,3963
4703,701
4704,488
4704,4201
4704,1546
4704,657
4704,4306
4705,6020
4705,6989
4705,6126
4705,9166
4705,7191
4705,5370
4706,8693
4707,4599
4707,6947
4707,7814
4707,491
4707,311
4707,410
4708,6024
4708,2505
4708,747
4708,3792
4708,5681
4708,7539
4708,214
4708,5048
4708,5176
4708,7994
4708,9275
4709,2689
4709,5195
4709,7280
4709,3057
4709,7219
4709,797
4710,2599
4710,7559
4710,8844
4710,1233
4710,3731
4710,7995
4712,6424
4712,6337
4712,8324
4712,9061
4712,425
4712,6474
4712,5261
4712,623
4712,2963
4712,7766
4712,2294
4712,344
4712,3228
4713,1986
4713,8218
4713,6906
4713,124
4713,5758
4714,5220
4714,5993
4714,2196
4714,1305
4714,2141
4715,6561
4715,9155
4715,8228
4715,2981
4715,4137
4715,5196
4715,2965
4715,183
4715,4089
4715,4539
4716,2561
4716,2620
4716,6741
4717,2339
4717,4004
4717,4779
4717,2955
4717,9393
4717,1682
4717,2931
4718,1795
4718,9862
4718,9289
4718,5226
4718,879
4718,3504
4718,4913
4718,849
4718,8665
4719,5904
4719,40
4719,9731
4719,582
4720,9773
4720,7406
4721,2536
4721,6521
4721,5499
4722,6217
4722,6186
4722,2007
4722,3865
4722,6683
4723,2464
4723,9995
4723,2926
4723,6215
4724,368
4724,163
4724,6612
4724,2396
4725,7504
4725,72
4725,7501
4725,9134
4726,867
4726,5539
4726,4073
4726,5899
4726,4366
4726,1839
4726,4882
4726,4562
4726,6422
4726,8151
4726,4502
4726,3385
4726,766
4727,5850
4727,6100
4727,3622
4728,5536
4728,6246
4728,9631
4728,426
4728,2890
4728,781
4728,5887
4728,5972
4728,2456
4728,1596
4728,2623
4729,7793
4729,6203
4729,5358
4729,3286
4730,9042
4730,7172
4730,2052
4732,1126
4732,4743
4732,524
4732,1358
4732,5840
4732,402
4732,1012
4732,5210
4732,4220
4733,6437
4733,1063
4733,4715
4733,1805
4733,2095
4733,373
4733,7383
4733,952
4733,3930
4734,2905
4734,1419
4734,6100
4734,4263
4735,2528
4735,7098
4735,8655
4735,5199
4736,2753
4736,7172
4736,3080
4736,5006
4736,9071
4736,2929
4736,3962
4736,479
4737,4387
4737,6860
4737,4335
4737,1679
4737,3314
4737,6135
4737,6038
4737,567
4737,6717
4738,3780
4738,2712
4738,3962
4738,7994
4738,4574
4738,7167
4739,5665
4739,2265
4739,7429
4739,4038
4739,2660
4739,8569
4739,6346
4739,4076
4739,3122
4739,1465
4739,9628
4740,4545
4740,7682
4740,5003
4740,6844
4741,4322
4741,613
4741,9129
4741,7769
4741,9234
4741,1749
4741,3513
4741,1532
4742,3457
4742,67
4742,8869
4742,6922
4742,7834
4742,3129
4742,2202
4742,1887
4743,9376
4743,1346
4743,4292
4743,4677
4743,2183
4743,874
4743,8682
4743,9496
4743,8473
4743,5854
4744,561
4744,6839
4744,2087
4745,2176
4745,4308
4745,2342
4745,3407
4746,8184
4746,8382
4747,9316
4747,1833
4747,5298
4747,8950
4747,5049
4747,8923
4748,1652
4749,1954
4749,2533
4749,7750
4749,5734
4749,7279
4749,1112
4750,1816
4750,697
4750,8258
4750,2638
4751,8577
4751,1666
4751,997
4751,5095
4751,8917
4751,2327
4752,4929
4752,5732
4752,5329
4752,4596
4752,413
4752,8222
4753,1921
4753,5430
4753,3054
4754,459
4754,4820
4755,5829
4755,7721
4755,4427
4755,3857
4755,3509
4755,2967
4756,9248
4756,1413
4756,5862
4756,2443
4756,6995
4756,7539
4756,2134
4756,7645
4757,6724
4757,446
4758,8448
4758,3964
4759,3588
4759,2212
4759,1451
4759,878
4759,4630
4759,2614
4759,2265
4760,9777
4760,498
4760,1843
4761,7360
4761,2010
4761,6018
4761,6147
4761,2948
4761,7302
4761,4584
4761,5257
4761,8555
4761,4474
4761,4563
4761,8313
4761,3993
4763,7305
4763,6572
4763,5296
4763,3505
4763,690
4763,5172
4763,2294
4763,3035
4764,7048
4764,4864
4764,7644
4766,3096
4766,14
4766,9423
4766,9362
4766,3253
4766,2008
4766,6681
4767,9400
4767,1953
4767,7684
4767,2776
4768,2492
4768,3579
4768,8724
4768,3014
4769,2467
4769,9284
4769,5798
4769,7848
4769,6731
4769,7276
4769,6797
4769,8653
4769,9269
4769,5622
4769,8542
4770,226
4770,647
4770,8775
4770,7475
4770,8213
4770,7514
4770,8060
4771,2619
4771,3572
4771,887
4772,8832
4772,4481
4772,805
4772,7206
4772,1387
4772,8274
4772,595
4772,7731
4772,6363
4772,7133
4773,4007
4773,3847
4773,1994
4773,492
4773,8505
4773,3066
4773,2907
4773,414
4774,9251
4774,6965
4774,93
4774,3011
4775,7971
4775,1196
4775,6221
4775,6746
4775,7382
4775,3290
4776,7289
4777,2081
4777,1804
4777,5294
4777,6865
4777,9429
4777,1431
4778,6465
4778,3493
4778,9869
4778,2319
4778,7794
4778,850
4778,6263
4779,6404
4779,9735
4779,3207
4779,1206
4779,5721
4779,8956
4779,8478
4780,9986
4780,1219
4780,3619
4780,4679
4780,2569
4780,3341
4780,8399
4780,497
4780,3164
4780,8287
4781,2433
4781,971
4781,2679
4781,2811
4781,5886
4782,6722
4782,6004
4782,8554
4783,3941
4783,4806
4783,5094
4783,517
4783,9002
4783,8562
4783,1784
4783,2745
4783,8186
4783,8828
4783,4831
4784,8753
4784,770
4784,6500
4785,7342
4785,4405
4785,9781
4785,3095
4785,6522
4785,446
4786,7716
4786,1032
4786,4042
4786,5579
4786,8588
4786,5488
4786,6132
4786,535
4786,7160
4786,3961
4787,5929
4787,1516
4787,7854
4787,1459
4787,2526
4788,6401
4788,7586
4788,7290
4788,7282
4788,8246
4788,3800
4788,1530
4789,224
4789,7815
4789,5624
4789,4231
4789,9743
4789,978
4789,5874
4789,7929
4789,8888
4789,4729
4790,8323
4790,5253
4790,3470
4790,5781
4790,94
4791,8994
4791,132
4791,5188
4791,2534
4791,9928
4791,2322
4791,5816
4791,6205
4792,356
4792,6634
4792,522
4792,5834
4792,9837
4792,13
4792,1681
4792,9852
4793,8762
4793,5268
4793,4309
4794,2340
4794,6665
4794,7050
4794,8595
4794,4184
4794,1210
4795,6436
4795,3402
4795,1904
4795,7793
4795,9202
4795,9783
4795,7449
4795,7578
4796,2243
4796,7927
4796,9974
4796,3734
4796,6875
4797,9382
4797,9191
4797,8456
4797,9227
4797,2380
4797,8146
4797,5878
4797,8282
4798,7744
4798,9666
4798,8712
4798,5003
4798,4302
4798,6254
4798,3922
4798,3891
4798,2227
4798,183
4798,6364
4799,5760
4799,1921
4799,4131
4799,4228
4799,9798
4799,5147
4799,2474
4799,2186
4799,5012
4799,2107
4800,6080
4800,6562
4800,135
4800,9896
4800,8617
4800,7816
4800,7532
4800,397
4800,4404
4800,7032
4800,4987
4800,3134
4801,2041
4801,166
4801,4287
4802,2128
4802,1550
4803,1122
4803,1012
4803,2934
4804,5409
4804,4014
4804,9711
4804,8629
4804,3352
4805,6210
4805,6118
4805,6665
4805,5710
4805,1999
4805,8080
4805,7249
4805,5109
4805,4790
4805,8054
4805,2330
4805,5533
4805,1663
4806,2048
4806,3235
4806,1798
4806,7640
4806,2887
4806,4073
4806,6540
4806,8110
4806,113
4806,3191
4806,3576
4807,608
4807,6438
4807,5899
4807,6032
4807,4189
4807,2198
4807,4118
4807,6045
4808,9833
4808,8834
4808,7706
4808,6441
4809,2398
4809,3524
4809,1574
4809,3335
4809,1261
4809,752
4809,1557
4809,1881
4809,9595
4809,9821
4809,9310
4810,9862
4810,8998
4810,8300
4810,7340
4810,5711
4810,5360
4810,5076
4810,8052
4810,9750
4810,7508
4810,6618
4811,4256
4811,1288
4811,3115
4811,4333
4811,7601
4811,2067
4811,633
4811,5790
4812,8323
4812,1670
4812,3401
4812,6794
4812,1464
4812,6457
4813,5894
4814,3122
4814,8740
4815,2857
4815,9420
4815,8784
4815,1298
4815,7993
4815,6877
4816,210
4816,4747
4817,6048
4817,9816
4817,8155
4817,1372
4817,3422
4818,1504
4818,1316
4818,1421
4818,9434
4818,2460
4818,3005
4819,3200
4819,4325
4819,2376
4819,8616
4819,5776
4819,4208
4819,2713
4819,8693
4819,5398
4819,9721
4819,2143
4819,575
4820,4003
4820,9955
4820,3943
4820,8808
4820,875
4820,5488
4820,2649
4820,93
4821,5026
4821,3560
4821,3402
4821,1327
4821,7065
4821,7034
4821,1021
4822,4394
4822,9610
4822,1053
4822,3923
4822,2231
4822,4061
4822,4542
4823,7729
4823,6939
4823,5092
4823,2757
4824,9112
4824,6897
4824,1248
4824,3948
4825,7528
4825,6732
4825,5330
4825,9106
4825,538
4826,6786
4826,4355
4826,2149
4826,6206
4827,1569
4827,2150
4827,528
4827,3923
4827,6804
4827,2742
4827,727
4827,6744
4827,4157
4828,1539
4828,8678
4828,454
4828,7048
4828,2767
4828,3569
4828,6292
4828,340
4828,1942
4828,2999
4828,7285
4828,1082
4829,2145
4829,4034
4829,7239
4829,5290
4829,6318
4829,8143
4829,8437
4829,1943
4829,2263
4829,251
4829,6205
4830,5925
4830,4492
4830,153
4830,7291
4830,8861
4830,3294
4831,9697
4831,2193
4831,5093
4831,4213
4832,3232
4832,9765
4832,1253
4832,4007
4832,359
4832,49
4832,4465
4832,8851
4832,1527
4832,7550
4832,191
4833,7937
4833,8965
4833,6565
4833,5734
4833,1768
4833,7621
4833,2829
4833,2035
4833,8310
4833,5270
4833,506
4833,2653
4833,6010
4834,225
4834,3685
4834,6759
4834,7690
4834,525
4834,9038
4834,1583
4834,2541
4834,8209
4834,9235
4834,8597
4834,1558
4834,3317
4835,2754
4835,9861
4835,7594
4835,2606
4835,3860
4836,4806
4836,3560
4836,841
4836,6057
4836,8721
4836,8149
4836,821
4836,8791
4836,2773
4837,5633
4837,3574
4838,1027
4838,2374
4838,4206
4838,8817
4838,4562
4839,7842
4839,1000
4839,5131
4839,684
4839,686
4839,911
4839,2000
4839,1490
4839,2486
4839,6042
4839,7963
4839,7741
4839,4766
4840,5926
4841,5476
4841,5828
4841,457
4841,5675
4841,6227
4841,9747
4841,2838
4841,1496
4841,1209
4842,3793
4842,4197
4842,2990
4843,898
4843,996
4843,2662
4843,4818
4843,3541
4843,5688
4843,345
4843,6588
4844,5680
4844,5874
4844,539
4844,6308
4845,7534
4846,6752
4846,1188
4846,3109
4846,7535
4846,5620
4846,5365
4846,3062
4846,3639
4846,5436
4846,2909
4846,2814
4847,484
4847,6117
4847,3528
4847,2668
4847,1808
4847,7344
4847,370
4847,1497
4847,7099
4847,4957
4848,6017
4849,7653
4849,7369
4849,77
4849,19
4849,5717
4849,1302
4849,3387
4849,1180
4849,6973
4850,1026
4850,4103
4850,5969
4850,7163
4850,575
4851,3392
4851,425
4851,8716
4851,4429
4851,4502
4851,574
4852,9122
4852,4231
4852,2185
4852,6288
4852,8658
4852,6457
4852,6717
4852,6750
4853,1207
4853,9421
4853,2446
4853,2679
4854,5185
4854,1925
4854,7883
4854,5773
4854,5742
4854,5360
4854,8179
4854,1046
4854,4795
4854,8317
4856,5312
4856,6535
4856,1769
4856,5706
4856,4331
4856,7180
4856,3724
4856,9560
4856,3898
4857,7521
4857,7329
4857,3035
4857,4361
4857,5612
4857,3853
4857,5166
4857,978
4857,6994
4857,5238
4857,3224
4857,3131
4857,2527
4858,4801
4858,4769
4858,4902
4858,5224
4858,4824
4858,752
4858,4527
4858,8472
4858,8890
4858,9212
4859,5857
4859,2316
4859,3217
4859,3893
4859,3899
4859,5343
4860,4176
4861,9859
4861,2212
4861,2062
4861,7663
4861,3317
4861,5432
4861,5277
4862,9984
4862,1892
4862,6726
4862,8874
4862,6796
4863,1504
4863,6436
4863,4325
4863,3590
4863,940
4863,6572
4863,6828
4863,5168
4863,2097
4863,7444
4863,3957
4863,2677
4863,8603
4864,1122
4864,4616
4864,4362
4864,8267
4864,6414
4864,8825
4864,6172
4864,4351
4865,1080
4865,7023
4866,7506
4866,5783
4866,2652
4866,2301
4866,1950
4867,196
4867,4356
4867,4106
4867,4337
4867,1972
4868,2955
4868,6899
4868,3735
4868,5373
4868,8734
4869,9505
4869,8554
4869,5209
4869,8890
4869,4284
4869,6654
4869,9114
4871,7129
4871,170
4871,8187
4871,4534
4872,1729
4872,4649
4872,5481
4872,8976
4872,1010
4872,6164
4872,2522
4872,6651
4873,4865
4873,8451
4873,8872
4873,7624
4873,7669
4873,6008
4873,3033
4873,1595
4873,5694
4873,6431
4874,8816
4874,3731
4874,1645
4874,7334
4875,3811
4875,9574
4875,792
4875,8987
4875,252
4875,1726
4876,6977
4876,4868
4876,7463
4876,591
4876,350
4877,6722
4877,9603
4877,6729
4877,371
4877,4182
4878,8257
4878,3558
4878,9225
4878,6283
4878,4621
4878,1269
4878,5593
4879,1249
4879,8617
4879,5004
4879,6524
4879,7421
4880,8013
4880,4958
4881,448
4881,4130
4881,7364
4881,4133
4881,7558
4881,4459
4881,3118
4881,8853
4881,2680
4881,477
4882,2561
4882,2721
4882,8481
4882,8934
4882,3913
4882,7948
4882,5011
4882,7541
4882,2200
4882,4665
4882,8862
4882,4447
4883,2371
4883,8515
4883,427
4883,691
4883,6483
4883,7798
4883,2102
4883,8376
4883,6843
4884,4473
4884,3266
4884,7582
4884,2094
4885,7041
4885,1314
4885,9602
4885,7941
4885,2022
4885,7173
4885,2409
4885,3146
4885,9355
4885,4332
4885,5679
4885,1149
4886,6361
4886,9330
4886,8541
4886,3006
4887,3105
4887,2754
4887,6212
4887,8261
4887,8269
4887,2798
4887,8398
4887,7183
4887,2643
4887,3283
4887,6164
4887,2486
4887,4918
4887,8536
4887,3221
4887,8380
4887,3422
4888,4945
4888,410
4888,5898
4888,221
4889,2275
4889,3404
4889,2286
4889,4826
4889,4093
4890,3524
4890,982
4890,1113
4890,2875
4890,9821
4891,1218
4891,1018
4891,1276
4892,3384
4892,7945
4892,4534
4893,7203
4893,4644
4893,710
4893,8332
4893,6860
4893,2670
4893,9134
4893,6645
4893,5655
4894,7938
4894,4356
4894,4614
4894,3696
4894,753
4894,692
4894,3509
4894,4791
4895,5893
4895,4997
4895,4391
4896,1731
4896,2119
4897,753
4897,5834
4897,9285
4897,5743
4898,1553
4898,5771
4899,6915
4899,1400
4899,2551
4899,3014
4899,3834
4899,4939
4899,9580
4899,6124
4899,8567
4899,8696
4899,3066
4900,8454
4900,6664
4900,4041
4900,7305
4900,4270
4900,8014
4900,3281
4900,2802
4900,1490
4900,4983
4901,231
4902,6708
4903,2305
4903,6628
4903,142
4903,5458
4903,8628
4903,57
4904,8960
4904,1593
4904,8902
4905,5892
4905,9606
4905,3623
4905,1228
4905,1550
4905,6512
4905,9361
4906,552
4906,3303
4906,303
4907,3017
4907,5059
4908,3650
4908,2435
4908,4521
4908,3693
4908,1454
4908,9626
4908,5590
4908,6519
4908,5913
4908,5946
4908,1403
4908,6524
4908,9182
4909,7502
4909,3180
4909,5309
4909,3014
4910,9059
4910,1059
4910,7077
4910,4903
4910,8295
4910,4396
4910,6479
4910,3829
4910,6808
4910,8223
4910,4445
4910,9758
4910,3295
4911,7952
4911,9808
4911,5277
4911,2614
4912,1984
4912,6661
4912,16
4912,6129
4912,2674
4913,4576
4913,4675
4913,6571
4913,5294
4914,9794
4914,7803
4914,9722
4915,9513
4915,6423
4915,1845
4915,8054
4915,8663
4915,9816
4915,154
4915,1371
4915,8796
4916,1121
4916,1542
4916,1735
4916,9897
4916,7726
4916,212
4916,8409
4916,2046
4917,6016
4917,5958
4917,8560
4917,498
4917,2387
4917,501
4917,4245
4918,8105
4918,246
4919,5728
4919,1120
4919,3051
4919,3276
4919,6268
4919,1245
4919,4318
4920,4256
4920,3110
4920,4395
4920,1243
4920,3132
4920,2621
4921,1761
4921,5506
4921,7941
4921,6215
4921,136
4921,7083
4921,9771
4921,3090
4921,2100
4922,4771
4922,818
4922,2099
4922,3353
4922,6429
4922,2077
4923,7481
4923,4786
4923,5995
4924,3265
4924,4356
4924,8007
4924,1353
4924,2442
4924,5228
4924,3614
4925,8649
4925,7980
4925,367
4925,9692
4925,1373
4926,1472
4926,2209
4926,3200
4926,9124
4926,615
4926,8013
4926,6740
4926,3958
4926,56
4927,5193
4927,4395
4927,3821
4927,4015
4927,1884
4928,1953
4928,5505
4928,5412
4928,6409
4928,8202
4928,5577
4928,7533
4928,8850
4928,3122
4928,8306
4928,4470
4928,3711
4929,5912
4929,3954
4929,8588
4929,2311
4930,6335
4930,9667
4930,8423
4930,748
4930,5593
4930,622
4930,9969
4930,5941
4930,6549
4930,3705
4930,2714
4930,4031
4931,6082
4931,9443
4931,4195
4931,5317
4931,3589
4931,5443
4931,5320
4931,6378
4931,1418
4931,1009
4931,5875
4931,6873
4931,9821
4932,8800
4932,5527
4932,5228
4932,3919
4932,5938
4932,1911
4932,1785
4933,2372
4933,9967
4933,3281
4933,8083
4933,7290
4933,3967
4934,7172
4934,4551
4934,9834
4934,7006
4934,7058
4934,3025
4934,2679
4934,6777
4934,1118
4935,2305
4935,2499
4935,1323
4936,416
4936,2720
4936,8701
4936,995
4936,1765
4936,2411
4936,977
4936,9949
4937,898
4937,6832
4937,3408
4937,1332
4937,7576
4937,122
4937,6493
4938,6116
4938,7717
4938,3464
4938,746
4938,9164
4938,4434
4938,696
4939,6566
4939,4072
4939,3921
4939,6929
4939,1556
4939,7381
4939,6137
4939,7773
4940,5162
4940,5146
4941,6193
4941,8547
4941,3003
4941,2910
4942,1033
4942,4373
4942,886
4942,6838
4942,2326
4943,5762
4943,2243
4943,3051
4943,3501
4943,6127
4943,8691
4944,3353
4944,2918
4944,3915
4944,8461
4944,4847
4944,3280
4944,2130
4944,276
4944,1849
4944,4986
4944,7805
4945,9731
4945,5319
4945,5576
4945,5452
4945,1873
4945,7254
4945,5211
4946,3971
4946,3430
4946,8169
4946,7981
4946,1942
4946,3165
4947,2382
4947,1495
4948,1632
4948,2535
4948,9004
4948,4206
4948,884
4948,537
4948,1178
4948,3643
4949,2628
4949,7558
4949,523
4949,7117
4949,2382
4949,6222
4949,8153
4949,6075
4950,8996
4950,8845
4950,9422
4950,6350
4950,6863
4950,7538
4950,2866
4950,1533
4950,2911
4951,3655
4951,4776
4951,4071
4951,271
4951,3825
4951,1273
4952,4321
4952,1282
4952,4038
4952,5352
4952,9745
4952,6355
4952,3988
4952,5948
4952,9693
4953,3331
4953,8366
4953,8817
4953,221
4953,159
4954,6626
4954,5538
4954,3176
4954,4141
4954,2679
4955,6914
4955,5890
4955,2379
4955,6286
4955,3958
4955,7389
4956,6160
4956,6459
4957,7072
4957,1536
4957,9826
4957,4930
4957,4119
4957,895
4958,2560
4958,6464
4958,5793
4958,5829
4958,2438
4958,7882
4958,1012
4958,9013
4958,7863
4958,8376
4958,5817
4958,1882
4959,4483
4959,5444
4959,6087
4959,7985
4959,1106
4959,6930
4959,8348
4960,7515
4961,8417
4961,9330
4961,2890
4961,4445
4962,4675
4962,2572
4962,1166
4962,2258
4962,6430
4963,9760
4963,708
4963,2198
4963,5788
4963,2237
4964,2208
4964,8593
4964,2742
4964,4951
4964,2076
4965,4128
4965,993
4965,1101
4965,9038
4965,1747
4965,957
4965,8319
4966,2146
4966,3493
4966,4778
4966,7180
4966,2189
4966,3472
4966,4881
4966,3638
4966,4408
4967,4630
4968,5553
4969,2723
4969,1348
4969,2508
4969,3598
4969,6141
4969,1147
4969,7773
4970,2282
4970,6333
4971,5318
4971,486
4971,169
4971,8271
4971,315
4972,3777
4972,8906
4972,7245
4973,5539
4973,2536
4973,1038
4973,7247
4973,3450
4974,7875
4974,6888
4974,2313
4974,617
4974,6600
4974,7464
4974,1587
4974,1013
4974,4950
4974,3030
4974,1656
4974,5046
4974,5723
4975,4756
4975,796
4976,96
4976,2042
4976,2437
4976,1578
4976,5817
4976,5050
4977,6979
4977,3293
4977,6263
4978,9281
4978,8737
4978,9315
4978,1794
4978,773
4978,4295
4978,297
4978,6315
4978,1583
4978,3158
4978,4215
4978,3929
4978,3836
4979,6802
4979,3543
4980,1762
4980,6343
4980,7951
4980,9041
4980,4499
4980,987
4980,8764
4981,7584
4981,2946
4981,1475
4981,3130
4981,2626
4981,4680
4981,9769
4981,2760
4981,7275
4981,780
4981,8301
4981,7795
4981,8184
4981,8730
4981,8827
4982,1057
4982,9381
4982,3687
4983,8713
4983,4650
4983,8114
4983,3765
4983,5045
4983,1821
4984,5706
4984,8687
4984,7570
4984,8306
4984,8628
4984,9046
4985,5968
4985,6329
4985,6040
4985,8799
4986,7392
4986,6946
4986,8388
4986,1766
4986,2384
4986,5552
4986,2706
4986,2323
4986,7670
4986,4024
4986,3035
4987,2629
4987,1640
4987,5226
4987,3664
4987,7474
4987,2163
4987,2994
4987,7893
4987,5723
4987,1917
4987,5951
4988,544
4989,512
4989,5581
4989,8878
4989,1424
4989,9491
4989,1240
4989,732
4989,8991
4990,3936
4990,2
4990,6543
4990,5552
4990,4372
4990,8857
4990,4127
4990,6783
4991,8916
4992,2464
4992,8801
4992,1925
4992,232
4992,5868
4992,7981
4992,3598
4993,1724
4994,1509
4994,8395
4994,4461
4994,4912
4994,1778
4994,5525
4995,727
4995,9500
4995,2807
4996,8343
4996,7373
4996,5671
4997,4592
4997,5641
4997,1301
4998,2624
4998,6251
4999,4618
4999,6708
4999,7735
4999,9275
4999,3356
5000,1710
5000,7633
5000,3475
5000,4983
5000,1823
5001,2212
5001,9276
5001,8614
5002,9888
5002,4196
5002,7624
5002,6252
5002,6318
5002,2863
5002,6288
5002,3312
5002,6037
5002,1880
5002,4985
5002,4254
5002,2012
5002,4958
5003,1184
5003,7430
5003,5903
5003,5141
5003,2173
5004,2504
5004,9178
5005,3362
5005,1347
5005,4838
5005,5389
5005,242
5005,7870
5005,6463
5006,3489
5006,9574
5006,233
5006,5520
5006,3256
5006,8698
5006,2843
5007,4675
5007,2297
5007,2989
5007,3374
5007,4303
5007,9049
5007,8348
5007,191
5008,7040
5008,4067
5008,2463
5008,7144
5008,6730
5008,5288
5008,5906
5008,4789
5008,4792
5008,7612
5008,4379
5008,3324
5008,7167
5009,8772
5009,3238
5009,8264
5009,1353
5009,6992
5009,8372
5009,5460
5009,1623
5009,8573
5009,2139
5009,7453
5010,5994
5010,8269
5010,9041
5010,8019
5010,2550
5010,5597
5011,3586
5011,2987
5011,3026
5011,918
5011,4475
5012,5032
5012,924
5012,7902
5013,1514
5013,7434
5013,5165
5013,2869
5013,6262
5013,1590
5013,4728
5013,5657
5013,6939
5014,5362
5014,4757
5014,5390
5014,7831
5015,4351
5016,4489
5016,7686
5016,2991
5018,8364
5018,3853
5018,9873
5018,8951
5018,1244
5018,7646
5019,7461
5019,3400
5019,4812
5019,4568
5019,5052
5020,1552
5020,5198
5020,6075
5020,3910
5021,5379
5021,5795
5021,7525
5021,3460
5021,171
5021,5136
5021,1233
5021,1907
5021,2707
5021,5369
5021,5503
5022,578
5023,1602
5023,2504
5023,4237
5023,9016
5023,8662
5023,9208
5023,5342
5024,6304
5024,6337
5024,7232
5024,8324
5024,1094
5024,7910
5024,966
5024,7593
5024,6061
5024,2318
5024,9040
5024,3345
5024,8697
5025,6530
5025,2895
5025,5151
5026,9027
5026,3491
5026,6758
5026,6253
5026,7994
5027,3874
5027,6212
5027,7823
5027,3248
5027,2040
5027,7259
5028,2875
5028,4968
5028,8712
5028,3469
5028,7213
5028,4529
5028,4347
5028,1437
5028,446
5029,3580
5029,6653
5029,3871
5030,6145
5030,8865
5030,6211
5030,7046
5030,4614
5030,1646
5030,4687
5030,9240
5030,2969
5030,3100
5031,6561
5031,6495
5032,1384
5032,1162
5032,6923
5032,6963
5032,6549
5032,4158
5033,433
5033,398
5033,5103
5034,7392
5034,9953
5034,2275
5034,987
5034,8552
5034,3404
5034,6773
5034,5272
5034,6075
5034,5309
5035,3616
5035,6306
5035,197
5035,911
5035,9554
5035,756
5035,7926
5035,3736
5036,5105
5036,2828
5036,3542
5037,8706
5037,3299
5037,1510
5038,3547
5038,6795
5039,345
5039,7850
5039,3821
5039,6990
5039,4653
5039,5006
5039,5747
5039,7286
5039,2142
5039,1053
5039,1662
5039,4383
5040,512
5040,2375
5040,3753
5040,3056
5040,3223
5040,3451
5041,7966
5041,1686
5041,8527
5042,5120
5042,460
5042,3949
5042,7566
5042,7503
5042,7024
5042,9268
5042,6164
5042,3575
5042,1534
5043,5573
5044,4041
5044,7628
5044,1137
5044,5115
5044,4798
5046,8930
5046,6115
5046,3011
5046,2917
5046,516
5046,2408
5046,8305
5046,4081
5046,6450
5046,6292
5046,2586
5046,795
5046,3487
5047,3010
5047,8261
5047,3560
5047,6445
5047,1838
5047,1297
5048,9272
5048,4446
5048,4847
5049,6586
5049,5221
5049,5510
5050,5542
5050,8463
5050,7794
5050,2968
5050,8765
5050,9406
5051,6982
5051,2155
5051,1331
5051,1946
5051,2748
5052,963
5052,1316
5052,5002
5052,4043
5052,3850
5052,7373
5052,2287
5052,8275
5052,6455
5053,7168
5053,9316
5053,6855
5053,9490
5053,2837
5054,2432
5054,9802
5054,591
5054,410
5054,8435
5054,2965
5054,3994
5054,2879
5055,5013
5055,3758
5056,2746
5056,1492
5056,1629
5057,7506
5057,7477
5058,6857
5058,8716
5058,2511
5058,1968
5058,1839
5058,3570
5058,7027
5058,2480
5058,7159
5058,3740
5058,3614
5058,8671
5059,5805
5059,1927
5060,7330
5060,643
5060,3938
5060,4951
5060,9840
5060,2098
5060,5429
5060,3671
5060,1176
5060,4604
5061,4260
5061,5329
5061,9330
5061,1558
5061,4380
5061,479
5062,1339
5063,4801
5063,7107
5063,7941
5063,6408
5063,3088
5063,310
5064,614
5064,3366
5064,9166
5064,5999
5064,3893
5064,6586
5065,5372
5065,9923
5065,732
5065,1223
5066,8097
5066,3661
5066,145
5066,2355
5066,1941
5066,6999
5066,7288
5066,6329
5067,3181
5067,751
5067,3031
5067,1850
5067,6524
5068,4805
5068,646
5068,3593
5068,3818
5068,1323
5068,5611
5068,1900
5068,83
5069,39
5069,7818
5069,5071
5069,6390
5069,1977
5069,5531
5070,825
5070,149
5070,5319
5071,6248
5071,4538
5072,7616
5072,7244
5072,6285
5072,9878
5072,8893
5073,3453
5073,7493
5073,1437
5074,1280
5074,6343
5074,7405
5074,7378
5074,7381
5075,8170
5075,3550
5076,6551
5076,1828
5076,8461
5076,4247
5076,8732
5077,8664
5077,8411
5078,8924
5078,2116
5078,2908
5078,4295
5079,7332
5079,1575
5079,7387
5079,7408
5079,2996
5079,5944
5079,5755
5079,4124
5079,7549
5079,1787
5081,3665
5081,4726
5081,9134
5081,1073
5082,7394
5082,6299
5082,5396
5082,5526
5083,6886
5083,4392
5083,3660
5083,5685
5083,4730
5083,7325
5084,4288
5084,5154
5084,5736
5084,7475
5084,6997
5085,7461
5085,8711
5085,5928
5085,8105
5085,9197
5085,4719
5085,3345
5085,7256
5085,3291
5085,4381
5086,6437
5086,8909
5086,3411
5086,8700
5086,2333
5087,9002
5087,5647
5087,559
5087,8438
5087,7676
5088,1626
5088,2940
5089,1570
5089,3938
5089,4996
5089,7656
5089,1168
5089,2232
5089,9465
5089,1309
5090,9794
5090,3655
5090,3848
5090,2793
5090,969
5090,4433
5090,8180
5091,3265
5091,4962
5091,2246
5091,5670
5091,1503
5091,3884
5091,1106
5091,1874
5091,9493
5091,1270
5091,3414
5091,3669
5091,5631
5092,6022
5092,8584
5092,8560
5092,1268
5092,6491
5093,2260
5095,7141
5095,1897
5095,3791
5095,7124
5095,6008
5096,642
5096,3017
5096,842
5096,4586
5096,3500
5096,975
5096,6233
5097,2308
5097,6245
5097,198
5097,2956
5097,7852
5097,7440
5097,8176
5097,3447
5097,2488
5097,5055
5097,990
5097,8383
5098,3856
5098,7569
5098,6087
5099,5398
5100,1697
5100,2050
5100,5158
5100,1992
5100,1993
5100,4714
5100,3694
5100,4656
5100,7127
5101,80
5102,2464
5102,6114
5102,421
5102,5646
5102,2646
5102,861
5103,6084
5103,136
5103,847
5103,913
5103,5429
5103,1141
5104,8040
5104,4649
5104,1928
5104,3567
5105,6053
5105,4266
5105,2828
5105,7701
5105,7734
5105,5689
5106,1410
5106,7875
5106,9901
5106,2871
5106,2718
5107,5505
5107,7365
5107,1701
5107,6285
5107,5392
5107,4661
5107,7159
5107,3352
5107,5885
5108,3168
5108,297
5108,3853
5109,8161
5109,290
5109,9413
5109,5829
5109,1381
5109,44
5109,6223
5109,7887
5109,689
5109,5715
5109,3032
5109,6111
5110,4098
5110,4754
5110,1399
5110,2395
5110,9023
5111,5591
5111,9316
5111,2600
5111,5644
5111,1202
5111,9396
5111,3703
5111,826
5111,8701
5111,2878
5112,7744
5112,3105
5112,515
5112,3492
5112,2596
5112,6663
5112,44
5112,3693
5112,5168
5112,3698
5112,2802
5112,8793
5112,5660
5113,4903
5114,4514
5114,5763
5114,1571
5114,4550
5114,3238
5114,8040
5114,922
5114,8155
5114,4254
5115,1075
5115,8434
5115,3411
5115,4739
5116,321
5116,8834
5116,5668
5116,2628
5116,7497
5116,8459
5116,9388
5116,3824
5116,2577
5116,8794
5116,122
5116,2459
5117,6916
5117,4940
5117,173
5117,6256
5117,1713
5117,5875
5117,7865
5118,5600
5118,7948
5118,8685
5118,6422
5118,8475
5118,7646
5119,3457
5119,7399
5119,7313
5119,3795
5119,4819
5119,184
5119,2588
5120,7334
5120,6598
5120,73
5120,8877
5120,7503
5120,8881
5120,1688
5120,5946
5120,2207
5121,8888
5121,5419
5121,4596
5121,1437
5122,5961
5122,7946
5122,7243
5123,194
5123,7332
5123,2053
5123,8937
5123,8681
5123,8491
5123,4075
5123,5229
5123,4336
5123,2613
5123,2038
5123,3930
5123,5051
5124,3241
5124,7371
5124,9745
5124,6385
5124,913
5124,3605
5124,1685
5124,8158
5125,1952
5125,4722
5126,674
5126,9379
5126,7814
5126,7367
5126,4588
5126,6803
5127,5923
5127,7141
5127,8647
5127,905
5127,1614
5127,1199
5127,5560
5127,7098
5127,1087
5128,6338
5128,8933
5128,6686
5128,7083
5128,7086
5128,6962
5128,7445
5128,126
5129,434
5129,814
5130,6030
5131,6273
5131,578
5131,1673
5131,3465
5131,8044
5131,301
5131,307
5131,5785
5132,5521
5132,129
5132,6685
5132,8335
5133,3429
5133,7654
5133,7601
5133,7670
5133,7542
5133,956
5133,767
5134,1201
5134,6034
5134,3160
5134,3833
5134,6847
5135,7395
5135,8591
5136,4934
5136,6246
5136,8555
5136,4560
5136,1491
5136,4889
5136,860
5137,1156
5137,5990
5137,9734
5137,942
5137,8831
5138,684
5138,3182
5138,8501
5138,3990
5138,3831
5138,2078
5139,1985
5139,6882
5139,382
5139,7372
5139,2158
5139,5339
5139,6354
5139,2547
5139,6078
5139,4507
5139,7038
5139,7454
5140,1027
5140,7012
5140,8786
5140,3923
5140,1236
5140,7035
5141,8678
5141,4013
5141,2318
5141,6384
5141,5585
5141,1329
5141,6617
5141,2586
5141,7869
5142,3173
5142,7784
5142,4328
5142,4942
5142,7375
5142,8272
5142,6935
5142,30
5143,7540
5143,7346
5143,6172
5144,9504
5144,4422
5144,4265
5144,786
5144,3007
5145,1856
5145,3169
5145,2692
5145,9732
5145,3623
5145,6992
5145,1237
5145,5687
5145,3064
5145,5723
5145,8828
5145,3517
5146,6690
5148,5819
5148,5668
5148,1221
5148,7516
5149,568
5149,4906
5149,4292
5150,7460
5150,1189
5150,3157
5150,6806
5150,3610
5150,2973
5150,7358
5151,8776
5151,3723
5151,2512
5151,1488
5151,1493
5152,577
5152,2852
5152,8614
5152,1972
5152,6262
5152,9913
5153,2593
5153,2470
5153,4071
5153,7819
5153,5494
5154,7024
5154,5819
5154,3308
5154,6574
5155,6597
5155,847
5155,5489
5155,4625
5155,7255
5155,9495
5155,9627
5155,9438
5156,7361
5156,9744
5156,6995
5156,8732
5156,3517
5157,1893
5157,1256
5157,9743
5157,9679
5157,8122
5158,1864
5158,2091
5159,3204
5159,595
5159,6261
5159,1470
5159,3775
5160,9665
5160,8353
5160,4709
5160,6537
5160,8331
5160,3149
5160,3312
5160,5520
5160,116
5160,2005
5160,7672
5161,1789
5162,14
5163,6980
5163,1740
5163,3372
5163,4340
5163,3094
5163,6647
5163,9343
5164,6403
5164,9508
5164,7012
5164,298
5164,5483
5164,9969
5164,2101
5164,5015
5164,440
5164,3641
5165,5089
5165,974
5165,6866
5165,6965
5165,8535
5165,2013
5165,6846
5165,5791
5166,2682
5167,5700
5167,4775
5167,521
5167,8297
5167,7084
5167,1457
5167,9715
5167,1396
5167,1812
5167,8185
5167,3133
5168,7720
5168,7060
5169,5976
5169,4725
5169,4237
5170,939
5170,1485
5170,815
5171,1760
5171,4577
5171,996
5171,8645
5171,806
5171,8979
5171,979
5171,8086
5172,4326
5172,199
5172,1577
5172,8755
5172,9563
5173,4545
5173,1572
5173,5429
5174,4641
5174,1348
5174,3973
5174,8616
5174,2890
5174,3691
5174,9804
5174,7694
5174,3925
5174,8986
5174,4251
5175,4992
5175,128
5175,3856
5175,8497
5175,851
5175,4919
5176,259
5176,872
5176,4271
5176,3920
5176,1235
5176,5363
5176,8565
5177,8978
5177,5395
5177,1171
5177,3511
5178,5889
5178,1508
5178,9069
5178,4464
5178,5746
5178,3700
5179,1671
5179,778
5179,2872
5179,1048
5179,1051
5179,5118
5179,7999
5180,9666
5180,3267
5180,1931
5180,4430
5180,1905
5180,6168
5180,569
5181,8033
5181,9538
5181,3332
5181,5609
5181,5353
5181,9774
5181,8369
5181,1299
5182,3904
5182,2073
5182,4892
5182,2629
5183,930
5183,9189
5183,8680
5183,7209
5183,9739
5183,4942
5183,7153
5183,4338
5183,9237
5184,378
5184,5247
5185,3648
5185,3588
5185,678
5185,3983
5185,5648
5185,1267
5186,5128
5186,8770
5187,9120
5187,4033
5187,5729
5187,9221
5187,2122
5188,1873
5188,2182
5188,8391
5189,1260
5189,7822
5189,8335
5189,6323
5189,9558
5189,4599
5189,1755
5189,4126
5190,3973
5190,326
5190,2375
5190,1704
5190,7440
5190,6161
5190,5684
5190,9620
5191,2557
5191,1671
5191,3272
5191,6633
5191,462
5191,8878
5191,3256
5191,8539
5191,3004
5191,573
5191,445
5192,9062
5192,1287
5192,9291
5192,1081
5192,124
5193,5250
5193,7459
5193,546
5193,2183
5193,3144
5193,7495
5193,4651
5193,1772
5193,2712
5193,5208
5193,3550
5193,3807
5194,8496
5194,588
5194,5807
5195,8193
5195,4709
5195,5767
5195,9351
5195,6159
5195,9943
5195,3226
5196,5600
5196,8779
5196,2796
5196,2069
5196,470
5196,4600
5197,7701
5197,4087
5197,6457
5197,9467
5197,6780
5198,8480
5198,1187
5198,393
5198,5386
5198,8141
5198,5685
5198,9879
5198,3705
5198,3578
5198,1436
5198,7389
5198,2910
5198,7039
5199,8549
5199,3914
5199,2477
5199,2546
5199,1049
5199,3483
5200,3850
5200,7252
5200,1084
5200,7004
5201,9195
5201,5644
5201,4559
5201,4211
5201,1267
5201,8243
5202,8197
5202,9790
5202,6312
5202,2026
5202,5357
5202,4079
5202,6905
5202,921
5202,9467
5202,5246
5203,6040
5203,8474
5203,4168
5203,4732
5204,5106
5204,1635
5204,4124
5205,5411
5205,6341
5205,6191
5205,6480
5205,2425
5205,4314
5206,9216
5206,6722
5206,4523
5206,7053
5206,6810
5207,8474
5207,8525
5208,5554
5208,4
5209,4577
5209,4166
5209,2759
5209,6481
5209,2173
5210,6360
5210,9105
5210,6491
5210,5107
5211,4648
5211,2306
5212,5868
5212,2801
5212,5619
5212,757
5212,4054
5212,2104
5213,3392
5213,8954
5214,5316
5214,4869
5214,5414
5214,264
5214,7976
5214,3724
5214,9133
5214,2994
5214,3410
5214,1940
5214,5373
5215,6177
5216,3009
5216,2946
5216,4805
5216,200
5216,7482
5216,8602
5217,3576
5217,644
5218,4833
5218,3666
5218,9591
5218,5784
5218,1183
5219,3008
5219,3081
5219,3915
5219,4659
5219,918
5219,2045
5220,1869
5220,5302
5221,1504
5221,3488
5221,8515
5221,3492
5221,1239
5221,2595
5221,1892
5221,7309
5221,9594
5221,6223
5221,6511
5221,5590
5221,6519
5221,7802
5222,3804
5222,1965
5222,6797
5222,6227
5222,2836
5222,3351
5222,4120
5222,4092
5222,351
5223,545
5223,6229
5223,9742
5223,3207
5224,6146
5224,4645
5224,7494
5224,2791
5224,4134
5224,6151
5224,6952
5224,2576
5224,5552
5224,6647
5224,4282
5224,1468
5225,3050
5225,3540
5225,6902
5225,3837
5225,5694
5226,3489
5226,9254
5226,1224
5226,7565
5226,2961
5226,7157
5226,3511
5227,2032
5228,6288
5228,1171
5229,1011
5229,4324
5229,93
5229,1614
5230,770
5230,3056
5230,9905
5230,8114
5230,2135
5230,9176
5230,3387
5230,1471
5231,1257
5231,2779
5231,9884
5231,4367
5232,1539
5232,3427
5232,5289
5232,2924
5232,7853
5232,4077
5232,5715
5232,5433
5232,4317
5233,739
5233,4423
5233,5800
5233,6191
5233,4629
5233,6006
5233,7706
5233,7131
5234,6752
5234,5412
5234,6021
5234,5511
5234,2762
5234,6154
5234,684
5234,5966
5234,2709
5234,8441
5235,8449
5235,2185
5235,334
5235,9167
5235,1303
5235,8474
5235,3099
5235,796
5236,8418
5236,6850
5236,9293
5236,4754
5236,723
5236,4407
5236,3551
5237,1905
5237,4219
5238,4704
5238,3106
5238,8682
5238,2987
5238,8049
5238,7578
5238,7422
5239,5698
5239,6435
5239,453
5239,9095
5239,881
5239,3090
5239,445
5240,9216
5240,2090
5240,7502
5240,5422
5240,185
5241,873
5241,4658
5241,5790
5242,585
5242,8673
5243,4803
5243,3142
5243,8329
5243,7705
5243,6395
5244,4640
5244,9889
5244,4482
5244,8710
5244,2952
5244,2673
5244,8506
5244,2398
5245,5090
5245,4457
5245,7405
5245,3185
5245,2330
5246,3313
5246,4338
5247,2867
5247,1661
5248,5220
5248,6149
5248,7262
5249,9059
5249,7811
5249,9031
5249,8877
5249,9869
5249,8560
5249,7700
5249,5114
5250,5090
5250,7175
5250,5896
5250,7859
5250,2393
5250,3772
5252,4866
5252,2908
5252,1071
5253,1216
5253,5984
5253,7554
5253,3971
5253,7267
5253,3428
5253,6755
5253,9901
5253,5456
5253,6096
5253,4825
5253,3420
5254,1824
5254,6592
5254,3779
5254,3845
5254,3817
5254,6415
5254,9329
5254,4690
5254,5555
5254,1393
5254,1816
5254,3897
5254,5754
5254,7548
5254,5853
5255,3090
5255,6484
5255,5285
5255,3799
5256,9345
5256,4567
5256,5853
5256,3115
5256,3156
5256,3766
5256,5782
5256,6746
5256,8925
5257,1450
5257,9100
5257,454
5257,8540
5258,2779
5258,6228
5259,5392
5259,3425
5260,8323
5260,1287
5260,6951
5260,8139
5260,2031
5260,4977
5260,4408
5261,960
5261,3588
5261,2470
5261,555
5261,5631
5261,9133
5261,8688
5261,2099
5261,1048
5261,3742
5261,767
5262,3888
5262,2219
5263,5133
5263,8238
5264,6912
5264,128
5264,5830
5264,1577
5264,2739
5264,6998
5264,8891
5264,605
5265,5611
5265,7952
5265,3281
5265,8438
5265,8989
5266,7416
5266,2823
5266,7277
5266,8022
5266,5368
5266,3037
5267,8643
5267,6825
5267,4590
5267,5104
5267,8881
5267,3763
5267,1845
5267,2106
5268,7852
5268,8917
5269,976
5271,2472
5271,897
5271,3928
5272,8160
5272,9057
5272,9441
5272,4231
5272,1353
5272,841
5272,6124
5272,2605
5272,1937
5272,6491
5272,3900
5273,577
5273,4635
5273,1119
5273,7655
5274,9634
5274,1605
5274,2344
5274,4201
5274,113
5274,4850
5274,183
5275,8480
5275,6849
5275,7142
5275,5960
5275,201
5275,2698
5275,3596
5275,7793
5275,181
5275,2110
5275,6174
5275,1951
5276,1669
5276,6921
5276,8876
5276,4147
5276,1143
5276,3099
5277,6148
5277,8293
5277,8046
5277,6832
5277,3347
5277,2165
5277,8600
5277,7646
5277,2399
5278,9
5278,138
5278,4270
5278,1691
5278,9182
5279,386
5279,8133
5279,8135
5279,8745
5279,3113
5279,2089
5279,5388
5279,1940
5280,7896
5280,8467
5281,517
5281,806
5281,7465
5281,460
5281,7510
5281,8667
5281,253
5282,8994
5282,6084
5282,8997
5282,4574
5283,7040
5283,3297
5283,9288
5283,2057
5283,107
5283,4119
5283,88
5284,5572
5284,8105
5284,848
5284,2642
5284,8383
5285,8
5285,8340
5285,7365
5286,65
5286,2057
5286,2922
5286,1994
5286,2794
5286,5552
5286,146
5286,3604
5286,2392
5286,8890
5287,1633
5287,4744
5287,5450
5287,6866
5287,6102
5288,2886
5288,7337
5288,3626
5288,7930
5288,6251
5288,7564
5288,8847
5288,7540
5288,4666
5288,7135
5289,5120
5289,4548
5289,5413
5289,1448
5289,5360
5289,5777
5289,1968
5289,4753
5289,790
5289,7831
5289,6751
5290,4528
5290,6175
5290,4342
5290,847
5291,8554
5291,2349
5291,6415
5291,5170
5291,1686
5291,223
5292,34
5292,2222
5292,8753
5292,9081
5292,7226
5293,9255
5293,6824
5293,5449
5293,1291
5293,8365
5293,7406
5293,5839
5293,9997
5293,6416
5293,4148
5293,9367
5293,7196
5294,4611
5294,8579
5294,3875
5294,5224
5294,7176
5294,8683
5294,9643
5294,7277
5294,243
5294,1048
5294,9023
5295,6151
5295,178
5295,3383
5295,5368
5295,6684
5296,4024
5296,1675
5296,6292
5296,8678
5297,6735
5297,8019
5297,2071
5297,7194
5297,731
5297,3871
5298,8321
5298,4914
5298,3286
5298,5274
5298,4315
5299,8547
5299,3303
5299,8712
5299,7015
5299,5707
5299,7731
5299,7709
5300,4519
5300,4777
5300,4010
5300,7891
5300,342
5300,6172
5300,8638
5301,1152
5301,5090
5301,1539
5301,2180
5301,8133
5301,5542
5301,2493
5302,4839
5302,8046
5302,6479
5302,1395
5302,6932
5302,1109
5302,7543
5302,4348
5302,1247
5303,1089
5303,1543
5303,6093
5303,782
5303,4397
5303,7726
5303,4017
5303,4817
5303,9747
5303,6420
5303,4307
5303,4442
5303,9979
5304,4128
5304,834
5304,675
5304,7555
5304,9978
5305,6664
5305,5450
5305,3467
5305,1264
5305,4113
5305,6295
5305,2846
5305,6399
5306,204
5307,4258
5307,998
5307,4209
5307,6746
5307,7416
5307,2170
5307,8443
5307,7613
5308,7168
5308,4256
5308,8774
5308,6609
5308,4633
5308,1180
5309,4907
5309,9686
5309,6285
5309,6797
5310,2264
5310,40
5310,5475
5311,6608
5311,1612
5311,3957
5311,6343
5312,8609
5312,1482
5312,3597
5312,7475
5312,1302
5312,406
5312,7736
5313,1314
5313,738
5313,8013
5313,6644
5313,5460
5313,6902
5313,8951
5313,6550
5313,8633
5313,7606
5313,8668
5314,7139
5314,7588
5314,7432
5314,2006
5314,1561
5315,1105
5315,5459
5316,4038
5316,8039
5316,1226
5316,4906
5316,9014
5316,3645
5317,6217
5317,1099
5318,433
5318,6387
5318,4100
5318,9606
5319,9136
5319,461
5319,2199
5320,9797
5320,7816
5320,7917
5320,2989
5320,1332
5320,7511
5320,8031
5321,7265
5321,2248
5321,5529
5321,1676
5321,4014
5321,5007
5321,5491
5321,5431
5321,7833
5321,3293
5321,5886
5321,5119
5322,1443
5322,5164
5322,6999
5323,3264
5323,5145
5323,3065
5324,3872
5324,4166
5324,1671
5324,7786
5324,5133
5324,2706
5324,4372
5324,7034
5324,7228
5324,9470
5325,1121
5325,33
5325,8035
5325,6564
5325,2796
5325,9263
5325,1263
5325,7381
5325,7642
5325,541
5326,7683
5326,5221
5326,8047
5326,6416
5326,4850
5326,4147
5326,3093
5327,2894
5328,7066
5328,8843
5328,6005
5328,4250
5329,657
5329,4844
5329,6726
5329,7990
5330,1285
5330,4167
5330,2760
5330,906
5330,2828
5330,4275
5330,6036
5330,7636
5330,6359
5330,9528
5330,796
5330,799
5331,1984
5331,6337
5331,8006
5331,614
5331,137
5331,4877
5331,1808
5331,818
5331,3186
5331,628
5331,6133
5331,6270
5331,9787
5331,4861
5331,3582
5332,6435
5332,9253
5332,4134
5332,1927
5332,4043
5332,4622
5332,5712
5332,6483
5333,6657
5333,5474
5333,4226
5333,1193
5333,1626
5333,3967
5334,1088
5334,5441
5334,5442
5334,6184
5334,4299
5334,5484
5334,3988
5334,862
5335,4865
5335,994
5335,1668
5335,2312
5335,4492
5335,5533
5336,7520
5336,9602
5336,4100
5336,519
5336,5931
5336,3051
5336,8883
5336,7478
5336,8477
5337,1153
5337,8258
5337,7339
5337,6204
5337,5615
5337,5713
5337,7610
5337,1212
5337,2302
5338,4802
5338,612
5338,7723
5338,3600
5338,5622
5338,122
5339,3362
5339,4259
5339,4326
5339,2440
5339,5672
5339,6890
5339,5646
5339,7599
5339,2837
5340,1698
5340,4867
5340,9606
5340,1351
5340,4394
5340,5872
5340,3952
5340,1524
5340,9206
5340,6587
5340,8702
5341,5186
5341,1322
5341,972
5341,4367
5341,9489
5341,4593
5341,5335
5343,4192
5343,4535
5343,7175
5343,9703
5343,8586
5343,9710
5343,9998
5343,4469
5343,9017
5343,9592
5343,5369
5343,4506
5343,5566
5344,5369
5344,2697
5344,694
5344,3671
5344,7097
5344,1247
5345,7762
5345,8763
5345,3086
5346,6852
5346,4935
5346,7790
5346,4624
5346,1618
5346,8564
5346,5560
5346,6107
5346,221
5347,2096
5347,5265
5347,2721
5347,3493
5348,6592
5348,5344
5348,7534
5348,4687
5348,1522
5348,5106
5348,7353
5348,2554
5348,6749
5349,8462
5349,7120
5349,9307
5349,1214
5349,702
5350,3938
5350,1029
5350,6903
5351,7592
5351,9740
5351,5133
5351,6320
5351,2419
5351,4020
5351,7766
5351,2938
5351,3675
5351,1085
5351,4639
5352,7105
5352,7905
5352,4613
5352,8646
5352,3887
5352,8381
5352,8731
5352,7421
5352,5471
5353,3853
5353,8720
5353,8756
5353,8472
5353,9693
5353,5695
5354,5139
5354,2396
5354,8309
5354,4396
5355,1665
5355,8417
5355,6339
5355,3338
5355,3025
5355,5301
5355,55
5356,4161
5356,3980
5356,8119
5356,839
5357,9605
5357,879
5357,6864
5357,1428
5357,1589
5357,7606
5357,3641
5357,218
5357,6334
5357,5023
5358,6098
5358,2485
5358,2965
5359,2401
5359,8130
5359,1700
5359,1128
5359,6986
5359,474
5359,8626
5359,8922
5359,2554
5359,1373
5359,7262
5360,9154
5360,707
5360,2884
5360,2376
5360,5001
5360,2283
5360,9228
5360,2157
5360,8344
5360,6111
5361,4732
5361,6021
5361,1804
5361,623
5361,2065
5361,7986
5361,3545
5361,5436
5362,5689
5362,1139
5362,2885
5363,759
5363,4667
5363,7675
5364,257
5364,8936
5364,4753
5364,7257
5364,2623
5365,861
5365,6670
5366,5729
5366,962
5366,7209
5366,7820
5366,1520
5366,2039
5366,6680
5367,8034
5367,1768
5367,5579
5367,2028
5367,208
5367,6450
5367,8980
5367,9941
5367,8792
5367,5304
5367,8159
5368,4416
5368,7490
5368,261
5368,9097
5368,3850
5368,1004
5368,817
5368,7891
5368,7800
5368,3644
5369,3688
5369,3123
5369,5595
5370,929
5370,6616
5370,9513
5370,8913
5370,6258
5370,9912
5370,6296
5371,4100
5371,6445
5372,8
5372,3176
5372,7198
5372,3631
5373,6511
5373,3047
5374,1504
5374,9859
5374,5989
5374,9925
5374,7497
5374,554
5374,5518
5374,720
5374,255
5375,5985
5375,324
5375,5481
5375,4426
5375,45
5375,8687
5375,5584
5375,9265
5375,3797
5375,3095
5375,8602
5376,2854
5376,8971
5376,3405
5376,7310
5376,6703
5376,8208
5376,2545
5376,7058
5376,3959
5377,6053
5377,326
5377,6343
5377,1166
5377,9488
5377,1616
5377,883
5377,7381
5377,4670
5378,2049
5378,5571
5378,7269
5378,2374
5378,4197
5378,9078
5378,2618
5379,7526
5379,5389
5379,5006
5379,6039
5379,8665
5380,1292
5380,9500
5380,1973
5381,8994
5381,1125
5381,1290
5381,5455
5381,6106
5381,8285
5382,8255
5382,319
5382,6960
5382,3281
5382,3669
5382,313
5382,4794
5382,3389
5382,8925
5382,3129
5383,6341
5383,2316
5383,9843
5383,6615
5383,6327
5383,8347
5383,1151
5384,5009
5384,8282
5384,8691
5384,3113
5385,3362
5385,2947
5385,7306
5385,7510
5385,1431
5385,7961
5385,6523
5385,4189
5385,2718
5386,2898
5386,1254
5387,7424
5387,1776
5387,8668
5388,2336
5388,130
5388,6756
5388,7589
5388,915
5388,8825
5388,58
5388,5755
5390,2017
5390,7399
5390,2793
5390,155
5390,556
5390,8211
5390,3099
5390,2429
5391,4384
5391,8129
5391,8070
5391,847
5391,3861
5391,7895
5391,1405
5393,4769
5393,4219
5393,1343
5394,6348
5394,752
5394,9171
5394,6164
5394,9847
5394,2266
5394,2013
5395,2788
5395,1222
5395,4314
5395,2602
5395,7978
5395,5514
5395,4458
5395,1420
5395,8340
5395,1333
5395,3414
5395,3385
5395,4538
5395,445
5396,8354
5396,7433
5396,7852
5396,2478
5396,5809
5396,8914
5397,6226
5398,3746
5398,8613
5398,7687
5398,8520
5398,7693
5398,2350
5398,7343
5398,1526
5398,6935
5398,7449
5399,1600
5399,1792
5399,7747
5399,2502
5399,2086
5399,6483
5400,322
5400,3974
5400,8103
5400,2862
5400,4113
5400,7095
5400,5463
5400,6302
5400,1919
5401,1120
5401,3214
5401,7279
5402,62
5403,6304
5403,5726
5403,7860
5403,1278
5404,3200
5404,6752
5404,1312
5404,740
5404,2345
5404,3785
5404,1843
5404,6771
5404,2709
5405,6919
5405,8621
5405,8302
5405,3799
5405,3223
5405,8666
5405,221
5406,2885
5406,1321
5406,508
5406,5563
5406,5820
5407,7752
5407,7592
5407,2223
5407,881
5407,7645
5408,8624
5408,1329
5408,4112
5408,7668
5408,3892
5408,7351
5408,3674
5409,7584
5409,2415
5409,8944
5409,8562
5409,8634
5409,4028
5410,2752
5410,7849
5410,2172
5410,1231
5411,7937
5411,5668
5411,5255
5411,2697
5411,3914
5411,592
5411,8658
5411,1273
5411,3162
5411,2203
5411,2495
5412,771
5413,2712
5413,8786
5414,3363
5414,1957
5414,2341
5414,4044
5414,5008
5414,7793
5414,4216
5414,2843
5414,6013
5414,9982
5415,2460
5415,9228
5415,4054
5416,7121
5416,1348
5416,5238
5417,5866
5417,1426
5417,6942
5418,5056
5418,636
5418,270
5418,2035
5418,1948
5419,6853
5419,4518
5419,1360
5419,8242
5419,7507
5419,7929
5419,2970
5420,1188
5420,4518
5420,106
5420,9035
5420,4715
5420,714
5420,3921
5420,8050
5420,5109
5420,8027
5421,5520
5421,2600
5421,8964
5422,8836
5422,8582
5422,4007
5422,8721
5422,1237
5422,7158
5422,247
5422,8728
5422,3160
5422,191
5423,8545
5423,3033
5424,9313
5424,7398
5424,7657
5424,2922
5424,5838
5424,111
5424,5327
5424,2685
5425,9413
5425,1605
5425,3185
5425,2293
5425,757
5427,6689
5427,8866
5427,5829
5427,5450
5427,7020
5427,333
5427,1039
5427,9616
5427,8753
5427,3699
5427,5044
5427,6524
5427,3805
5427,5247
5428,6259
5428,4501
5429,134
5429,1800
5429,6764
5429,3565
5429,2482
5429,6069
5429,1878
5429,2903
5429,2102
5429,7674
5430,3538
5430,1069
5431,4683
5431,2764
5431,4204
5431,4889
5431,4987
5432,2408
5432,8049
5432,1650
5432,6809
5432,6910
5433,5028
5433,1062
5433,8498
5433,7764
5433,1845
5433,2646
5433,2777
5434,2713
5434,7774
5434,2671
5434,1927
5435,2014
5436,8761
5436,4940
5436,2077
5436,718
5437,2914
5437,5475
5437,170
5437,6667
5437,6957
5437,1007
5437,3579
5438,3923
5438,627
5438,5997
5439,5379
5439,9735
5439,7305
5439,2090
5439,3339
5439,9110
5440,1730
5440,1763
5440,9592
5440,8900
5440,8
5440,394
5440,7895
5440,1144
5440,5658
5440,7067
5440,5980
5440,349
5440,446
5441,1323
5441,7085
5441,944
5441,8241
5441,342
5441,5949
5442,7100
5442,9213
5442,2639
5443,2785
5443,2369
5443,1924
5443,4715
5443,9176
5443,9209
5444,5166
5444,1658
5444,8652
5444,5534
5445,6640
5445,2513
5445,2448
5445,8056
5445,793
5445,5434
5445,4830
5446,4066
5446,8011
5446,5105
5446,6898
5446,1054
5446,7711
5447,932
5447,8872
5447,5425
5447,979
5447,7124
5447,4884
5447,2297
5447,7035
5448,7300
5448,4937
5448,3921
5448,3798
5448,3703
5448,1340
5448,7225
5448,9244
5449,6690
5449,5191
5449,8332
5449,4441
5449,6973
5449,3199
5450,7842
5451,8288
5451,4935
5451,4871
5451,8523
5451,6255
5451,433
5451,6263
5451,671
5452,6720
5452,1697
5452,8165
5452,3532
5452,4719
5452,1617
5452,4917
5452,9462
5452,7672
5452,9499
5452,2429
5452,703
5453,1249
5453,9673
5453,7501
5453,6864
5453,8437
5453,2141
5454,8330
5454,2187
5455,4913
5455,2987
5455,7494
5456,1672
5456,9673
5456,3516
5457,2560
5457,4297
5457,8843
5457,6251
5457,1774
5457,1429
5457,9494
5457,2871
5457,5461
5458,6593
5458,6466
5458,1959
5458,5963
5458,6478
5458,1020
5459,3438
5459,5662
5460,3621
5460,9798
5460,2505
5460,5934
5460,1903
5460,5810
5460,3923
5460,9749
5460,6108
5461,4000
5461,8384
5461,4837
5461,8297
5461,9869
5461,4751
5461,8986
5461,2204
5461,381
5461,1278
5462,4744
5462,7145
5462,8843
5462,6478
5462,4570
5463,6315
5463,1005
5463,6958
5463,6994
5463,3987
5463,4472
5463,9018
5463,8957
5464,9022
5464,2231
5465,2944
5465,2886
5465,9994
5465,1838
5465,1367
5465,767
5466,2400
5466,8897
5466,8871
5466,936
5466,1256
5466,3915
5466,5935
5466,6580
5466,4341
5466,1270
5466,1110
5466,7096
5466,3676
5466,2334
5466,6303
5467,9042
5467,7468
5467,9902
5468,7014
5468,4842
5468,7371
5468,1776
5468,2710
5469,3691
5469,3507
5469,1606
5470,896
5470,8771
5470,7037
5470,9648
5470,5717
5470,1466
5470,4445
5470,6238
5471,9065
5471,2899
5471,6231
5471,3640
5471,6302
5471,638
5472,4258
5472,2071
5473,4807
5474,3905
5474,1954
5474,1281
5474,9509
5474,2185
5474,302
5474,3705
5474,5586
5474,8308
5474,7321
5474,9946
5474,953
5474,1020
5474,5151
5475,928
5475,1994
5475,1034
5475,7110
5476,296
5476,6129
5476,2296
5476,8092
5477,5385
5477,5634
5477,3860
5477,9415
5478,1825
5478,7760
5478,9393
5478,5012
5478,8181
5478,3446
5478,406
5478,8344
5478,8665
5478,4437
5478,4603
5478,7348
5478,2747
5479,7452
5479,2302
5481,4834
5481,4198
5481,2665
5481,3666
5481,1151
5482,1891
5482,8106
5482,6219
5482,3951
5482,1873
5482,1209
5483,5289
5483,1164
5483,2086
5484,2112
5484,4081
5484,4739
5484,790
5485,3370
5485,7940
5485,7845
5486,3074
5486,6908
5486,1228
5487,8259
5487,1351
5487,5744
5487,501
5487,8668
5487,3167
5487,4831
5488,5729
5488,2850
5488,2310
5488,8909
5488,2131
5488,8051
5489,8260
5489,3785
5489,684
5489,2062
5489,3667
5489,4467
5490,8211
5490,5685
5491,5321
5491,970
5491,7474
5491,1267
5491,7070
5491,8350
5492,448
5492,1
5492,6791
5492,5512
5492,6893
5492,7185
5492,8856
5492,8345
5492,2397
5493,9765
5493,7272
5493,3151
5493,7762
5493,9459
5493,4661
5494,1340
5494,679
5495,2495
5495,8908
5495,9746
5495,9268
5495,8245
5495,1721
5495,3642
5495,2719
5496,2474
5496,4908
5496,5430
5496,3767
5497,5408
5497,9506
5497,8100
5497,6598
5497,8695
5498,9736
5498,7503
5498,1296
5498,6353
5498,7192
5499,4795
5500,9505
5500,5505
5500,4296
5500,8521
5500,8402
5500,2908
5501,6145
5501,2818
5501,6326
5502,133
5502,3721
5502,6964
5502,2108
5502,5053
5503,4423
5503,5960
5503,4973
5503,9710
5503,8304
5503,6417
5503,2674
5503,8661
5503,1340
5503,9246
5503,2617
5503,6171
5503,2076
5503,5758
5504,7553
5504,1635
5504,3624
5504,4360
5504,9903
5504,6868
5505,4801
5505,8578
5505,8004
5505,4008
5505,936
5505,968
5505,3915
5505,4495
5505,6256
5505,8336
5505,7253
5505,3573
5505,1303
5505,6873
5505,6683
5505,6109
5506,1632
5506,2794
5506,9938
5506,5811
5506,308
5506,6131
5506,6362
5506,3903
5507,6881
5507,4986
5507,4099
5507,4060
5508,2657
5508,3233
5508,8227
5508,9351
5508,5143
5508,8921
5508,4311
5509,5956
5509,4844
5509,844
5509,3603
5509,6715
5509,8891
5510,2912
5510,5927
5510,3882
5510,5610
5510,3215
5510,1013
5510,7192
5510,510
5511,7960
5512,1442
5512,2440
5512,7946
5512,8786
5512,883
5512,4247
5512,8956
5513,8059
5513,7596
5513,6736
5513,4539
5513,6555
5514,709
5514,530
5514,4594
5514,8472
5514,2331
5514,6588
5515,8325
5516,4257
5516,931
5516,5130
5516,8298
5516,1002
5516,9995
5516,1391
5516,6129
5516,1241
5517,5074
5517,6779
5518,6337
5518,5475
5518,5764
5518,6313
5518,3901
5519,1024
5519,4065
5519,2532
5519,345
5519,7850
5519,1579
5519,1710
5519,9520
5519,788
5519,1143
5519,4697
5519,8794
5520,5055
5521,6469
5521,5006
5521,9103
5521,5843
5521,7028
5521,5875
5521,3445
5521,2299
5521,6109
5522,4739
5522,2435
5522,3661
5522,4077
5522,6423
5522,8568
5523,1376
5523,1570
5523,5155
5523,1704
5523,4234
5523,3659
5523,7916
5523,6161
5523,6993
5523,4915
5523,8314
5524,2818
5524,4019
5524,4844
5524,8955
5525,226
5525,7626
5525,3403
5525,2263
5525,8888
5526,996
5526,5384
5526,6505
5526,2574
5526,5877
5526,3447
5527,5323
5527,2286
5527,7217
5527,370
5527,5046
5527,2907
5528,960
5529,9160
5529,3592
5529,9037
5529,2577
5529,1393
5529,5875
5529,4177
5529,2225
5529,8887
5529,7834
5529,7419
5529,7903
5530,6595
5530,617
5530,6509
5530,2670
5530,2190
5531,810
5531,3947
5531,5223
5532,1536
5532,7086
5532,3318
5532,5687
5532,5626
5533,4715
5533,4652
5533,236
5534,4832
5534,6216
5534,6699
5534,2286
5534,4303
5534,8910
5534,7922
5534,7794
5534,3508
5534,7833
5534,4510
5534,2687
5535,6371
5535,9635
5535,6750
5535,5290
5535,8300
5535,1012
5535,568
5535,1054
5536,8481
5536,9516
5536,4368
5536,6164
5536,501
5536,3223
5536,7326
5536,7039
5537,803
5537,5541
5537,2054
5537,8148
5537,3509
5537,8570
5537,1883
5537,1852
5538,8451
5538,3822
5538,4560
5538,9238
5538,6104
5538,828
5539,3761
5539,5218
5539,5259
5539,732
5540,3845
5540,8392
5540,5995
5540,8277
5540,4504
5540,9113
5540,1818
5540,573
5540,127
5541,6851
5541,5101
5541,2157
5541,4110
5541,5648
5541,9876
5541,1434
5541,95
5542,3520
5542,2242
5542,4515
5542,2532
5542,8201
5542,4650
5542,2635
5542,4589
5542,7738
5542,7166
5543,2113
5543,9091
5543,3171
5543,3948
5543,3916
5543,1935
5543,1169
5543,402
5543,3028
5543,7613
5543,5599
5544,5280
5544,2155
5544,4333
5544,378
5544,3509
5544,8666
5544,5276
5545,8291
5545,520
5545,8151
5545,1015
5545,8887
5545,1819
5546,4031
5547,897
5547,3203
5547,8677
5547,4328
5547,7405
5547,7505
5547,6610
5547,1242
5548,3685
5548,3944
5548,713
5548,4943
5548,5879
5548,5401
5548,5502
5549,1888
5549,3886
5549,4319
5550,6371
5550,8718
5550,2736
5550,5170
5550,8659
5550,7770
5551,3768
5551,2090
5551,1923
5551,647
5553,3370
5553,7314
5553,3637
5553,1051
5553,5372
5553,1821
5554,2113
5554,355
5554,956
5554,3070
5555,6973
5555,8079
5556,8960
5556,7378
5556,6379
5557,4176
5557,2322
5557,7957
5557,5173
5557,5308
5558,5828
5558,8582
5558,5133
5558,5582
5558,205
5558,1456
5558,1968
5558,6479
5558,20
5558,3030
5559,5513
5559,5282
5559,2765
5560,4580
5560,7703
5560,5574
5560,6348
5560,1998
5560,4823
5560,4444
5560,574
5560,3935
5561,106
5561,1094
5562,3339
5562,9821
5563,1080
5563,4713
5563,4901
5564,8794
5565,4064
5565,9186
5565,5924
5565,8165
5565,1869
5565,6254
5565,4943
5565,7026
5565,7602
5565,6386
5565,3701
5565,6938
5565,1179
5565,1116
5565,5086
5566,4942
5566,3395
5566,8164
5566,6510
5567,3136
5567,1350
5567,3079
5567,2279
5567,2132
5567,373
5567,5172
5567,5238
5567,859
5567,220
5567,2238
5567,4863
5568,8968
5568,5779
5568,661
5569,2753
5570,4576
5570,4990
5571,8896
5571,7666
5571,4936
5572,5664
5572,9063
5572,2251
5572,3642
5572,7069
5573,586
5573,3851
5573,7436
5573,2767
5573,29
5574,6834
5574,5966
5575,2517
5575,9621
5575,2918
5576,5460
5576,7164
5576,8262
5576,9767
5577,6340
5577,3455
5577,6472
5577,4267
5577,2732
5577,9584
5577,6705
5577,3060
5577,8374
5577,4342
5577,9784
5577,6271
5578,7659
5579,5760
5579,3872
5579,8322
5579,2568
5579,8265
5579,7083
5579,9356
5579,5996
5579,9323
5579,427
5579,9840
5579,7568
5579,2226
5579,7021
5579,185
5579,9916
5579,5406
5579,8479
5580,3976
5580,5992
5580,3402
5580,8813
5580,8431
5580,1713
5580,6166
5580,3611
5580,2811
5581,1376
5581,4933
5581,9774
5582,6467
5582,5990
5582,6888
5582,5967
5582,2551
5582,5886
5583,6132
5583,2823
5584,9312
5584,3684
5584,1892
5584,9478
5584,7367
5584,9647
5584,6643
5584,851
5584,8981
5584,8503
5584,7258
5584,1915
5584,4375
5584,4827
5584,9599
5585,7480
5585,2964
5585,6292
5586,9601
5586,2433
5586,1384
5586,6504
5586,6062
5586,6703
5587,8836
5587,9288
5587,4713
5587,1290
5587,6190
5587,5556
5587,5813
5587,1975
5587,88
5587,5466
5587,7548
5587,2239
5588,8682
5588,650
5588,2707
5588,6836
5588,3990
5588,8759
5588,6263
5589,4033
5589,9442
5589,1480
5589,5549
5589,6255
5589,9361
5589,3027
5589,5013
5589,3989
5589,2715
5589,6046
5590,6893
5590,6448
5590,2354
5590,7859
5590,788
5591,5537
5591,195
5591,6287
5591,8693
5591,5046
5591,2361
5592,4845
5592,915
5592,8052
5592,6075
5592,6909
5592,6686
5593,6918
5593,4104
5593,7434
5593,9393
5593,2226
5593,5238
5593,952
5594,2954
5594,4331
5594,5168
5594,7728
5594,1714
5594,854
5594,8856
5594,8156
5594,605
5594,9695
5595,9122
5595,4163
5595,7560
5595,6409
5595,8234
5595,5229
5595,7983
5595,8534
5595,9946
5595,4122
5596,7169
5596,2223
5597,8153
5597,1818
5597,4814
5597,9510
5598,9968
5598,6817
5598,9259
5598,1676
5599,6560
5599,7108
5599,4041
5599,7530
5599,6768
5599,3920
5599,3708
5599,2813
5599,1406
5599,3391
5600,3171
5600,2468
5601,5048
5601,1485
5601,843
5601,1757
5602,545
5602,1121
5602,8295
5602,7336
5602,4626
5602,7773
5603,8459
5603,7343
5604,4069
5604,6503
5604,8872
5604,5897
5604,4810
5604,5388
5604,7566
5604,1043
5604,5748
5604,7956
5604,634
5605,2824
5605,1737
5605,2378
5605,4845
5605,9197
5605,368
5605,7633
5605,8278
5606,5897
5606,5915
5606,5547
5607,484
5607,325
5607,7908
5607,166
5607,8851
5607,4404
5607,4244
5607,6234
5608,5402
5608,4523
5608,700
5608,8351
5609,2921
5609,9290
5609,1579
5609,5043
5609,8053
5609,5115
5609,5982
5610,9835
5610,8028
5610,3307
5611,3238
5611,3270
5611,2822
5611,3304
5611,5963
5611,4555
5611,6067
5611,1432
5612,99
5612,8197
5612,7399
5612,7723
5612,6453
5612,6969
5612,1882
5613,2753
5613,3339
5613,1363
5613,3253
5613,2997
5613,7422
5614,8810
5614,1711
5614,3217
5614,6646
5614,4343
5614,5051
5614,9022
5615,2233
5615,476
5615,4349
5615,2081
5616,7738
5616,93
5617,4273
5617,6425
5617,1678
5618,4225
5618,1667
5618,612
5618,6343
5618,393
5618,1587
5618,1592
5618,5311
5619,448
5619,8515
5619,3014
5619,1350
5620,9394
5620,4237
5620,566
5621,1976
5621,1857
5621,5932
5621,5158
5622,8066
5622,4356
5622,1413
5622,5990
5622,8893
5622,6408
5622,7497
5622,7786
5622,1788
5622,685
5622,2286
5622,5518
5622,209
5622,4439
5622,572
5622,1661
5622,5790
5622,3423
5623,9984
5623,9217
5623,4131
5623,8067
5623,7109
5623,5383
5623,8108
5623,783
5623,5329
5623,625
5623,3217
5623,1594
5623,6588
5624,7493
5624,4681
5624,3593
5624,7447
5624,9721
5624,2940
5625,4485
5625,9349
5625,677
5625,3082
5625,9579
5625,3215
5625,3281
5625,6257
5625,5683
5625,2132
5625,1300
5625,5142
5625,5686
5625,6745
5625,1405
5625,2335
5626,7915
5626,2460
5626,5151
5627,8978
5627,3147
5628,5155
5628,9837
5628,7598
5628,5077
5628,8825
5629,1186
5629,6179
5629,934
5629,7563
5629,9387
5629,6767
5629,4052
5629,8314
5629,891
5629,6846
5629,287
5630,8033
5630,516
5630,4614
5630,9000
5630,7118
5630,5363
5630,1843
5630,5914
5630,5436
5630,7647
5631,2443
5631,3595
5631,6608
5631,7770
5631,9951
5632,6182
5632,1127
5632,3174
5632,9995
5632,7314
5632,1363
5632,217
5633,3098
5633,8261
5633,9835
5633,4684
5633,1688
5633,1678
5633,4976
5633,7216
5633,532
5633,1912
5633,3642
5633,7195
5634,2497
5634,3681
5634,3430
5634,5516
5634,6156
5634,6094
5634,332
5634,5326
5634,5362
5634,8248
5634,8665
5634,1439
5635,3238
5635,2763
5635,2315
5635,9261
5635,8238
5635,4107
5635,52
5635,5051
5635,5469
5635,7486
5636,1945
5637,5762
5637,8612
5637,3845
5637,5961
5637,9750
5637,3830
5639,3265
5639,673
5639,232
5639,2924
5639,5039
5639,2519
5639,3065
5640,8759
5640,2350
5640,9679
5641,6017
5641,1090
5641,1073
5641,4658
5641,4634
5641,4188
5641,1914
5642,5901
5642,7125
5642,5370
5642,6971
5642,8223
5643,3873
5643,3983
5643,7282
5643,5043
5643,4633
5643,2618
5643,7740
5644,7906
5644,8678
5644,744
5644,7896
5644,7609
5644,5211
5645,9987
5645,264
5645,4298
5645,6094
5645,8017
5645,8350
5645,1086
5646,7744
5646,2317
5646,6545
5646,9203
5646,3059
5646,5685
5646,9303
5646,5271
5646,9722
5646,1979
5646,5373
5647,2372
5647,8553
5647,4139
5647,1233
5647,2997
5648,4613
5648,1674
5648,5643
5648,3099
5648,3487
5649,2763
5649,8462
5649,1296
5649,86
5649,7831
5649,8950
5649,572
5650,219
5650,4679
5651,8452
5651,2060
5651,1688
5651,2605
5651,8920
5651,826
5652,4449
5652,6178
5652,7843
5652,8484
5652,2792
5652,635
5652,1162
5652,4779
5652,5071
5652,440
5652,6715
5653,8739
5653,3951
5653,2458
5653,4693
5653,1398
5653,1690
5653,4248
5653,6006
5653,8602
5653,5240
5654,8263
5654,8814
5654,3284
5654,7157
5654,9274
5654,4735
5655,1219
5655,6954
5655,1429
5655,7865
5655,7899
5655,8127
5656,8745
5656,569
5657,1944
5657,2094
5657,1655
5658,1552
5659,7361
5659,5091
5659,6631
5659,4647
5659,3433
5659,751
5659,1232
5659,6642
5659,2643
5659,1427
5659,5782
5659,2199
5659,9144
5659,475
5659,1884
5659,6846
5659,9887
5660,1465
5660,2515
5661,1441
5661,5634
5661,773
5661,8104
5661,4524
5661,1903
5661,7536
5661,8016
5661,7696
5661,3697
5662,6754
5662,3908
5662,3429
5662,872
5662,7497
5662,562
5662,8596
5662,7228
5662,2399
5663,345
5663,2747
5663,4445
5663,870
5664,7072
5664,6146
5664,2835
5664,3403
5665,8272
5665,273
5665,8914
5665,7666
5665,1180
5665,4983
5665,1881
5665,5020
5665,8510
5666,4486
5666,8647
5666,8073
5666,7084
5666,7916
5666,5679
5666,2910
5667,5924
5668,1289
5668,9995
5668,6733
5668,6672
5668,8883
5668,6006
5668,566
5668,6365
5668,1695
5669,769
5669,3528
5669,104
5669,5356
5669,6926
5669,4623
5669,2543
5669,4402
5669,1330
5669,3030
5669,6972
5670,6112
5670,113
5670,9619
5670,6293
5670,3927
5670,6878
5671,3098
5671,654
5671,4046
5672,5832
5672,3340
5672,2289
5672,7409
5672,1523
5672,6647
5672,9981
5673,3912
5673,2567
5673,4319
5674,4699
5674,1668
5675,5989
5675,6823
5675,6988
5675,6068
5675,1690
5676,7237
5676,1350
5676,5991
5676,7685
5676,8454
5676,687
5676,4184
5676,1309
5676,2973
5676,3550
5677,9636
5677,9351
5677,7561
5677,5968
5677,5855
5677,2743
5677,8952
5677,6651
5677,5243
5677,415
5678,5953
5678,6947
5678,8791
5678,5287
5678,5094
5678,4394
5678,5613
5678,6961
5678,6967
5678,2520
5678,4793
5678,1945
5678,8796
5679,8816
5680,5768
5681,8038
5681,3751
5681,5286
5681,8747
5681,7438
5681,7250
5681,9141
5682,2272
5682,3104
5682,9735
5682,1644
5682,2032
5682,3860
5683,6209
5683,7463
5683,9801
5683,7728
5683,850
5683,5715
5683,7160
5683,2043
5684,7729
5684,7250
5684,4046
5685,3552
5685,9894
5685,4076
5685,9741
5685,1070
5685,8015
5685,2999
5685,6833
5685,4723
5685,6996
5685,8309
5685,4054
5685,2741
5685,1083
5685,6718
5686,4891
5686,844
5687,4088
5687,4997
5688,8032
5688,225
5688,8450
5688,1450
5688,1484
5688,3734
5688,6014
5689,8163
5689,524
5689,7653
5689,6502
5690,5310
5691,4053
5691,4821
5692,7072
5692,9313
5692,8805
5692,455
5692,8975
5692,7633
5692,6707
5692,6166
5692,1789
5693,4832
5693,1065
5693,2083
5694,9698
5694,3652
5694,2949
5694,7911
5694,1195
5694,8307
5694,8955
5695,4353
5695,418
5695,4261
5695,3749
5695,9934
5695,6993
5695,723
5695,2746
5695,5149
5697,5088
5697,4809
5697,4438
5697,2680
5697,7034
5697,156
5697,9407
5698,1193
5698,6299
5699,4089
5699,9410
5699,9261
5699,3791
5700,8296
5700,4873
5700,203
5700,5004
5700,5009
5700,2071
5700,9980
5700,3069
5700,2975
5701,4930
5701,357
5701,8198
5701,4235
5701,3154
5701,8188
5702,4320
5702,4356
5702,5930
5702,9483
5702,5780
5702,5530
5703,6226
5703,2066
5703,222
5703,1007
5704,7553
5704,9934
5704,8119
5704,9624
5704,5913
5705,8034
5705,8590
5705,8757
5705,8826
5705,766
5706,1025
5706,3762
5706,6305
5707,162
5707,34
5707,3138
5707,4229
5707,3590
5707,4488
5707,9385
5707,588
5707,4077
5707,8239
5707,3215
5707,1746
5707,6519
5707,2778
5707,5886
5708,3978
5708,4781
5708,2238
5708,5135
5709,619
5709,3227
5709,3691
5709,600
5709,9114
5709,2459
5709,9368
5710,8226
5710,642
5710,9476
5710,6456
5710,5588
5710,3704
5710,8442
5710,7867
5710,4863
5711,3140
5711,1094
5711,4780
5711,5228
5711,2511
5711,8723
5711,4252
5712,1519
5713,6400
5713,4930
5713,4907
5713,7473
5713,5941
5713,661
5713,9496
5713,3610
5713,3549
5714,6362
5714,4491
5714,5325
5714,1584
5714,1658
5714,9787
5714,2045
5714,8958
5715,8712
5715,5739
5715,1932
5715,8215
5715,5115
5715,2492
5716,3456
5716,2455
5716,6371
5716,8999
5716,6601
5716,4587
5716,4178
5716,403
5716,1559
5716,185
5717,3145
5717,9906
5717,4438
5717,2095
5718,1953
5718,3399
5718,5582
5718,8210
5718,1106
5718,1203
5718,7706
5718,5118
5719,5538
5719,1521
5719,7573
5719,2362
5719,7037
5720,5632
5720,8707
5720,1701
5720,8874
5720,6827
5720,5069
5720,5362
5720,506
5720,5469
5721,1345
5721,8484
5721,6247
5721,7243
5721,1324
5722,8736
5722,6690
5722,8197
5722,1197
5722,6619
5722,4447
5723,4771
5723,4708
5723,4260
5723,6345
5723,7476
5723,9269
5723,2229
5723,8157
5724,7873
5724,6824
5724,3594
5724,6954
5724,3658
5724,2570
5724,2831
5724,889
5724,1724
5726,235
5726,8654
5726,8967
5727,8687
5727,1873
5727,1491
5727,1652
5727,5887
5728,3640
5728,2923
5728,4933
5728,807
5729,6185
5729,4754
5729,1319
5730,3298
5730,7173
5730,5639
5730,7729
5730,3576
5731,8440
5731,7806
5731,6702
5732,6658
5732,8739
5732,7012
5732,4771
5732,2471
5732,6187
5732,5614
5732,2931
5732,5843
5732,2935
5732,8731
5732,7164
5732,5823
5733,2382
5734,5187
5734,6541
5734,3213
5734,3920
5734,5040
5734,6995
5735,848
5735,4306
5735,1203
5736,4878
5736,8688
5736,5233
5736,442
5736,6655
5737,9760
5737,7523
5737,965
5737,7080
5737,2696
5737,8588
5737,9072
5737,2419
5737,6772
5737,24
5737,7612
5738,2154
5738,4092
5738,5692
5738,7726
5739,2988
5740,4675
5740,36
5740,8742
5740,5670
5740,8839
5740,347
5740,3611
5740,8924
5741,3749
5741,4137
5741,6254
5741,1230
5741,2007
5741,9307
5741,5054
5742,1088
5742,3872
5742,5925
5742,9894
5742,8746
5742,1772
5742,7728
5742,1553
5742,434
5742,3093
5742,6360
5742,5049
5743,298
5744,7040
5744,7464
5744,4944
5745,1298
5745,4254
5745,6663
5746,1121
5746,2395
5746,2039
5746,8119
5746,4088
5746,7227
5747,9050
5747,829
5747,6557
5748,8335
5748,1634
5748,8623
5749,4356
5749,3421
5750,7248
5750,7156
5750,7461
5750,7583
5751,2568
5751,4761
5751,67
5751,5853
5752,2499
5752,7845
5752,3212
5752,7725
5752,7440
5752,6129
5752,6834
5752,1907
5752,6998
5752,6651
5753,9123
5753,1734
5753,4871
5753,9386
5753,970
5753,5324
5753,589
5753,6992
5753,5521
5753,2962
5753,9683
5753,8723
5753,5363
5753,9049
5753,6842
5753,4702
5754,594
5754,5275
5754,3014
5754,7151
5755,5573
5755,9684
5755,9989
5756,4242
5756,5318
5757,1955
5757,4587
5757,8947
5757,5942
5757,1914
5758,169
5759,3131
5759,8651
5759,7056
5759,5301
5759,8794
5759,27
5759,8799
5760,4385
5760,4770
5760,2148
5760,7869
5760,657
5760,562
5760,5917
5760,9822
5761,744
5761,3056
5761,2867
5761,4407
5761,5756
5762,2369
5762,8578
5762,146
5762,9363
5762,3476
5762,222
5762,8063
5764,8934
5764,4939
5764,1356
5764,2062
5764,2192
5764,7865
5764,5179
5764,2652
5765,608
5765,6114
5765,9634
5765,2693
5765,4593
5765,9398
5765,5335
5765,2328
5765,4734
5765,4255
5766,5824
5766,4038
5766,7593
5766,4024
5766,4221
5766,3998
5767,7977
5767,676
5767,5806
5768,7864
5768,2322
5768,4923
5768,4933
5769,5856
5769,7905
5769,7329
5769,4739
5769,8292
5769,3078
5769,3721
5769,2955
5769,4335
5769,9396
5769,5045
5769,891
5770,7792
5770,2695
5771,6057
5771,8092
5772,8226
5772,6828
5772,8755
5772,7609
5772,3133
5772,6398
5773,3974
5773,4807
5773,9850
5773,5755
5773,1692
5773,6494
5774,3506
5774,5267
5774,3998
5774,1022
5774,4831
5775,3296
5775,2467
5775,9062
5775,1032
5775,7048
5775,4396
5775,6330
5775,6431
5776,3581
5776,6370
5776,802
5776,3238
5776,8008
5776,2877
5776,9745
5776,3411
5776,6614
5776,4056
5776,8569
5776,7453
5776,7869
5777,6561
5777,9195
5777,4493
5777,4113
5777,3133
5778,2049
5778,8545
5778,1921
5778,8198
5778,1834
5778,6838
5778,4919
5778,2712
5778,7897
5778,1945
5778,3807
5779,7361
5779,7105
5779,5795
5779,5800
5779,491
5779,6156
5779,9265
5779,8948
5779,4276
5779,5405
5780,6404
5780,458
5780,274
5780,8818
5780,5470
5781,8302
5782,2692
5782,3406
5782,1135
5782,1424
5782,8144
5782,8380
5782,4254
5783,7544
5783,8833
5783,5131
5783,8981
5784,8699
5784,5367
5785,1635
5785,3173
5785,773
5785,7048
5785,6953
5785,5677
5785,1907
5785,2424
5785,6521
5785,251
5785,7391
5787,6780
5787,673
5787,2412
5787,5302
5787,3132
5788,9034
5788,815
5788,3024
5788,8406
5788,7327
5789,5186
5789,3656
5789,6317
5789,3567
5789,3604
5789,1212
5790,8864
5790,6946
5790,9226
5790,7917
5790,7991
5790,7922
5790,1622
5790,790
5791,736
5791,1376
5791,3406
5791,6479
5791,9144
5791,121
5791,7167
5791,4798
5791,8991
5792,3975
5792,6892
5792,3736
5792,8959
5793,6647
5793,132
5793,2502
5793,6027
5793,939
5793,686
5793,4270
5793,4369
5793,1428
5793,3478
5793,758
5793,7930
5794,8097
5794,9506
5794,5155
5794,7207
5794,4531
5794,5110
5794,4278
5794,7161
5794,7390
5795,4704
5795,7137
5795,5948
5795,8743
5795,6804
5795,3988
5795,8310
5795,7894
5795,5494
5795,2713
5795,8508
5796,7266
5796,73
5796,1196
5796,9486
5796,334
5796,3766
5796,5086
5797,8043
5797,3950
5797,9774
5797,5296
5797,9109
5797,5948
5798,2849
5798,8258
5798,4645
5798,8329
5798,4010
5798,3500
5798,3631
5798,7889
5798,6641
5798,8405
5799,8983
5799,5388
5799,751
5799,4148
5799,3607
5801,8738
5801,2924
5801,8175
5801,4596
5801,5268
5801,3835
5802,1056
5802,3044
5802,37
5802,5957
5802,1351
5802,8197
5802,8074
5802,6333
5802,5694
5802,8223
5803,42
5803,1707
5803,9771
5803,4016
5803,8731
5803,5981
5803,6111
5804,6476
5804,9967
5804,4304
5804,6844
5804,1215
5805,3750
5805,4840
5805,144
5805,8529
5805,9461
5805,5563
5806,1122
5806,2011
5806,7430
5806,8296
5806,2445
5806,9658
5806,1403
5806,2012
5807,8512
5807,8866
5807,4
5807,4304
5807,978
5807,4243
5807,2677
5807,6709
5807,1146
5807,7709
5808,2624
5808,8305
5808,9811
5808,3321
5808,8858
5808,127
5809,1322
5809,7018
5809,3214
5809,4274
5809,6140
5809,445
5810,3819
5810,1365
5811,8323
5811,1588
5811,6277
5812,8192
5812,384
5812,6019
5812,9773
5812,7859
5812,2293
5812,7061
5813,1344
5813,2276
5813,7449
5813,7754
5813,5133
5813,7793
5813,5137
5813,2387
5813,915
5813,6707
5813,2136
5813,1817
5813,5662
5814,9566
5814,6406
5815,3623
5815,8328
5815,7441
5815,7094
5815,1850
5816,5894
5816,7693
5816,4751
5816,2768
5816,6198
5816,312
5817,2867
5817,6900
5817,4829
5818,7608
5818,8393
5818,6166
5819,8065
5819,5706
5819,4687
5820,6024
5820,9232
5820,4793
5820,1050
5820,5884
5821,5345
5821,1351
5821,9485
5821,5232
5821,2326
5821,9051
5821,4540
5822,6339
5822,5990
5822,6727
5822,8728
5822,7251
5822,6133
5822,2999
5822,2296
5823,3681
5823,6180
5823,6502
5823,4778
5823,8602
5823,5887
5824,2153
5824,393
5824,7154
5824,1939
5824,3222
5824,7576
5824,1211
5825,8024
5825,1900
5825,3997
5825,1543
5826,2438
5826,1126
5826,1000
5826,7980
5826,2073
5827,5891
5827,1320
5827,268
5827,5998
5827,1648
5827,8946
5827,8637
5827,7838
5828,9344
5828,868
5829,1440
5829,8681
5829,1802
5829,9588
5829,3806
5830,3552
5830,6657
5830,8291
5830,388
5830,7354
5830,8329
5830,7887
5830,47
5830,7924
5830,4346
5830,3612
5831,2970
5831,963
5831,7700
5831,1806
5832,7107
5832,8324
5832,8170
5832,3831
5832,1262
5832,2416
5832,9073
5832,1719
5832,8952
5832,250
5832,29
5833,1693
5833,8039
5833,3560
5833,4303
5833,1879
5833,3613
5834,772
5835,9050
5835,2550
5836,4104
5836,8634
5837,9029
5837,4397
5837,5389
5837,8942
5837,7536
5837,3575
5837,5531
5838,9760
5838,3458
5838,3089
5838,6551
5838,8472
5839,4408
5839,3123
5840,7457
5840,8850
5840,6266
5840,4458
5841,804
5841,1768
5841,8812
5841,5069
5841,1486
5841,113
5841,8434
5841,4051
5841,4025
5841,5981
5841,9854
5842,3009
5842,6722
5842,2598
5842,3624
5842,5481
5842,6988
5843,385
5843,1602
5843,4899
5843,578
5843,465
5843,5074
5843,5170
5843,7985
5843,2806
5843,56
5843,2683
5843,8188
5843,7965
5844,4678
5844,1290
5844,108
5844,7153
5844,6930
5844,3839
5845,2241
5845,7201
5845,2276
5845,4501
5845,9278
5846,8356
5846,9738
5846,234
5846,433
5846,4500
5846,1268
5846,2710
5846,6841
5847,105
5847,4269
5847,3382
5847,4479
5848,4485
5848,5510
5848,9287
5848,7401
5848,7596
5848,1773
5848,5869
5848,6909
5849,3041
5849,9378
5849,1734
5849,422
5849,8557
5849,8114
5849,629
5849,8950
5849,6391
5849,4318
5850,394
5850,3300
5850,2543
5851,302
5851,1966
5851,8016
5851,5934
5851,5396
5851,666
5852,1569
5852,3772
5853,7395
5853,7339
5853,7086
5853,6930
5853,3030
5853,1334
5854,3018
5854,3347
5854,9262
5854,7554
5855,8356
5855,6917
5855,587
5855,109
5855,495
5855,7249
5855,5050
5856,1088
5856,6202
5856,8807
5856,7435
5856,4494
5856,3278
5856,5166
5856,3891
5856,7671
5856,9656
5856,858
5856,6203
5857,5410
5857,8293
5857,426
5857,8621
5857,2679
5857,9370
5858,9345
5858,8962
5858,2476
5858,431
5858,8689
5858,498
5858,3763
5859,2787
5859,356
5859,9094
5859,7694
5859,6969
5859,3579
5860,1125
5860,1959
5860,6504
5860,9194
5860,8173
5860,5329
5860,9170
5860,8213
5860,3003
5861,296
5861,8151
5861,478
5861,3247
5862,4610
5862,295
5862,7401
5862,9931
5862,2331
5862,8945
5862,9078
5862,6326
5862,2393
5862,155
5863,4356
5863,7301
5863,8829
5863,552
5863,3476
5863,573
5863,6622
5863,671
5864,7907
5864,931
5864,5637
5864,5898
5864,7965
5864,9900
5864,9328
5864,8148
5864,5144
5864,8985
5864,6845
5865,4140
5866,9241
5866,610
5866,2034
5866,7278
5867,9385
5867,4747
5867,7727
5867,9109
5867,7638
5867,1591
5867,4765
5867,734
5868,4489
5868,112
5868,8049
5868,434
5868,120
5869,6736
5869,6285
5869,7919
5870,8160
5870,5505
5870,8066
5870,7908
5870,4046
5870,5074
5870,5170
5870,956
5871,7168
5871,6554
5871,1878
5872,7112
5872,9059
5872,3309
5872,5086
5873,8708
5873,8615
5873,5127
5873,2441
5873,6954
5873,368
5874,7521
5874,5227
5874,5043
5874,2263
5874,3355
5875,5478
5875,1963
5875,815
5875,8055
5875,4826
5876,2016
5876,7841
5876,3778
5876,7490
5876,5093
5876,7565
5876,6641
5877,3472
5877,6869
5877,6263
5878,5897
5878,3243
5878,8684
5878,4014
5878,4911
5878,5883
5879,7393
5879,2177
5879,3011
5879,7852
5879,4559
5879,3569
5879,3220
5879,3509
5879,4412
5879,826
5879,2492
5879,6942
5880,2177
5880,3440
5880,7473
5880,5627
5880,382
5881,4064
5881,4835
5881,4356
5881,6824
5881,2378
5881,813
5881,2480
5882,6657
5882,9413
5882,8454
5882,551
5882,8168
5882,7399
5882,1322
5882,6058
5882,7309
5882,2990
5882,563
5882,9464
5882,7516
5882,1053
5883,368
5883,8713
5883,4835
5884,452
5884,7799
5884,7336
5884,6007
5884,1305
5885,3656
5885,266
5885,2960
5885,6257
5885,8863
5885,1816
5885,2236
5885,1375
5886,7584
5886,7362
5886,168
5886,1103
5886,597
5886,3679
5887,9561
5887,3702
5887,1014
5887,7255
5888,4457
5888,2635
5888,7659
5888,1020
5888,1232
5888,7602
5888,886
5888,1852
5888,4798
5889,7237
5889,2567
5889,4111
5889,7412
5889,3412
5889,5976
5889,1212
5890,3136
5890,6042
5890,594
5891,809
5891,7838
5891,7660
5891,6315
5891,2033
5891,4500
5891,727
5891,4635
5891,7454
5892,8620
5892,5452
5893,5861
5893,3749
5893,3014
5893,8178
5893,251
5893,8670
5894,1875
5894,2060
5894,7510
5894,1507
5895,7241
5895,8426
5895,3243
5895,3408
5895,5145
5895,6109
5896,5096
5896,187
5896,2277
5897,2117
5897,1414
5897,9191
5897,2507
5897,77
5897,1231
5897,7029
5897,5815
5897,5529
5898,3131
5898,8574
5898,1583
5899,4169
5899,5214
5900,4004
5900,7373
5900,7886
5900,7799
5900,57
5900,5530
5901,6149
5901,6311
5901,9480
5901,332
5901,5389
5901,2861
5901,2904
5901,7413
5901,5080
5901,7160
5901,6107
5902,6690
5902,7938
5902,2946
5902,9770
5902,300
5902,9389
5902,5998
5902,2512
5902,6428
5902,381
5903,4805
5903,4618
5903,43
5903,4273
5903,759
5903,6619
5904,7057
5904,9355
5904,8494
5904,8399
5905,8366
5906,32
5906,3265
5906,4771
5906,4906
5906,4665
5906,4559
5906,4243
5906,5241
5907,7824
5907,1768
5907,8820
5907,1548
5908,5120
5908,7235
5908,6343
5908,1705
5908,460
5908,9010
5909,226
5909,868
5909,3773
5910,1512
5910,1746
5910,2206
5911,6441
5911,8685
5911,4182
5911,567
5911,6134
5911,794
5912,1032
5912,5066
5913,4289
5913,8258
5913,5249
5913,7977
5913,1102
5913,6645
5913,8086
5913,2110
5913,3518
5914,8323
5914,8325
5914,2285
5914,7214
5914,1969
5914,2453
5914,4127
5915,1056
5915,4903
5915,9096
5915,3307
5915,5484
5915,7725
5915,4438
5915,9852
5916,6965
5917,704
5917,5252
5917,3813
5917,4901
5917,427
5917,5837
5917,3757
5917,8911
5917,3825
5917,6513
5917,8980
5917,7356
5917,1564
5918,2312
5918,7827
5918,3300
5918,8614
5919,9027
5919,3748
5919,3814
5919,4078
5919,4594
5919,8851
5919,1147
5919,3135
5920,3363
5920,7077
5920,241
5920,1844
5920,3386
5920,1629
5921,4199
5921,7085
5921,7853
5921,5778
5921,7732
5922,7872
5922,121
5922,5544
5922,2955
5922,7470
5922,2803
5922,5108
5922,3545
5922,6398
5923,4197
5923,5865
5923,6902
5923,7256
5923,5693
5923,3774
5924,5683
5924,5539
5925,8901
5925,7719
5925,5386
5925,5581
5925,6447
5925,2448
5926,1895
5926,8855
5926,5336
5926,6009
5926,635
5927,5221
5927,5386
5927,3538
5927,3765
5927,4534
5927,1045
5927,3866
5927,1883
5928,8063
5929,4712
5929,4513
5930,9571
5930,4437
5930,3607
5931,1314
5931,5474
5931,2375
5931,3591
5932,4998
5932,6
5932,692
5932,8953
5932,9086
5933,2593
5933,7980
5933,5428
5933,5178
5933,8575
5934,9315
5934,4840
5934,9042
5934,3893
5934,4344
5934,8410
5934,4954
5934,6238
5934,4799
5935,5088
5935,5723
5935,5466
5935,4345
5935,1722
5935,1211
5936,2592
5936,4354
5936,4364
5936,5231
5936,9559
5937,9698
5937,8580
5937,8777
5937,7123
5937,2133
5937,4254
5938,3718
5938,5094
5938,6185
5938,3787
5938,3088
5938,7442
5938,181
5938,6015
5939,7714
5939,7139
5939,2037
5939,5007
5940,6465
5940,323
5940,8515
5940,3909
5940,6820
5940,3912
5940,3945
5940,1259
5940,1837
5940,6423
5940,1594
5940,6391
5940,5502
5940,5567
5941,1888
5941,6273
5941,5320
5941,9994
5941,9130
5941,9964
5941,9779
5941,6100
5941,3482
5941,8123
5942,4256
5942,7489
5942,3116
5942,2574
5942,2099
5942,8501
5942,3226
5942,1084
5943,8229
5943,2119
5943,8808
5943,2732
5943,3085
5943,7246
5943,145
5943,6676
5943,8118
5943,6938
5944,2382
5945,3300
5945,6821
5945,2374
5945,1767
5945,7311
5945,5333
5945,8221
5946,2787
5946,5289
5946,5075
5946,7575
5946,1723
5947,3850
5947,3723
5947,7279
5947,4528
5947,7439
5947,658
5947,1462
5948,1831
5948,7305
5948,5741
5948,1102
5948,1942
5948,3417
5948,7354
5948,6843
5949,6561
5949,6466
5949,4294
5949,6855
5949,6889
5949,333
5949,4593
5949,147
5949,2932
5949,1723
5949,5117
5949,4638
5950,1346
5950,3971
5950,4176
5950,8754
5950,8086
5950,1464
5950,8383
5951,384
5951,5188
5951,3780
5951,458
5951,5098
5951,4941
5951,4878
5951,819
5951,3323
5951,6686
5952,576
5952,7517
5952,1037
5952,8837
5953,3691
5953,3374
5953,5679
5953,4402
5953,2327
5954,4546
5954,3269
5954,6534
5954,4638
5954,8615
5954,2837
5954,8279
5954,2265
5954,8666
5954,7166
5955,353
5955,2983
5955,5160
5955,5449
5955,2287
5956,8749
5957,5120
5957,7266
5957,2251
5957,8523
5957,1933
5957,4590
5957,4561
5957,19
5957,1331
5957,531
5957,7123
5957,5656
5957,6267
5957,2332
5957,7423
5958,1984
5958,8356
5958,7845
5958,3238
5958,2438
5958,9899
5958,2476
5958,5679
5958,8018
5958,7287
5958,4219
5959,4965
5959,6821
5959,5031
5959,7311
5959,51
5959,9267
5960,4517
5960,5735
5960,116
5960,2936
5960,8762
5961,2904
5961,7866
5962,8897
5962,6722
5962,2724
5962,4597
5962,3317
5962,1887
5962,6590
5962,7199
5963,1700
5963,8668
5963,2133
5964,4838
5964,5959
5964,5258
5964,2064
5964,2992
5964,3700
5964,6326
5964,2391
5964,4153
5964,6109
5965,4104
5965,4822
5965,8222
5966,7041
5966,1348
5966,3623
5966,5447
5966,1130
5966,1648
5966,5523
5966,596
5966,3862
5966,9912
5967,9319
5967,9842
5967,6226
5967,4312
5967,8473
5968,2368
5968,1794
5968,2183
5968,6025
5968,6569
5968,8749
5968,4050
5968,7443
5968,2743
5969,2402
5969,7431
5969,3368
5969,2123
5969,3282
5969,3029
5969,5339
5970,9194
5970,9995
5970,2746
5970,29
5970,4095
5971,423
5971,942
5971,915
5971,6070
5971,5082
5971,7999
5972,1438
5973,3453
5974,6880
5974,7426
5974,8166
5974,6548
5974,7385
5974,9244
5974,7805
5974,9407
5975,7328
5975,1573
5975,1103
5975,22
5975,1053
5976,7496
5976,7205
5977,4937
5977,8877
5978,9447
5978,1198
5978,5117
5978,2578
5978,381
5979,9737
5979,4588
5979,7119
5979,7409
5979,5841
5979,1201
5979,593
5979,9173
5980,7526
5980,6761
5980,4276
5980,4628
5980,2644
5980,4921
5980,5626
5981,5478
5981,9575
5981,5064
5981,8458
5981,7705
5981,48
5981,119
5981,3609
5982,7747
5982,4519
5982,3500
5982,4822
5982,2295
5982,8345
5983,9226
5983,6059
5983,5356
5983,8142
5983,3952
5983,7960
5983,5240
5983,1915
5983,702
5984,4257
5984,9025
5984,487
5984,5257
5984,2543
5984,5430
5984,2329
5984,6073
5984,3836
5985,5223
5985,4978
5985,5498
5985,8319
5986,1338
5986,8332
5987,4045
5987,8877
5987,6286
5988,2730
5988,2258
5988,8572
5988,4325
5989,9313
5989,3650
5989,7559
5989,8237
5989,467
5989,7702
5989,1400
5989,8732
5990,2594
5990,947
5990,5332
5990,9150
5991,1841
5991,4537
5991,3276
5992,4657
5993,8469
5994,6304
5994,8673
5994,5824
5994,4675
5994,2980
5994,8709
5994,8166
5994,8936
5994,1932
5994,8781
5994,2384
5994,7442
5994,8700
5994,6333
5995,4488
5995,51
5995,6964
5995,4347
5996,422
5996,2859
5996,1752
5996,4307
5996,5719
5996,8248
5996,8731
5996,1149
5996,6463
5997,7655
5997,8106
5997,7661
5997,3598
5997,1688
5997,7453
5997,7070
5998,2977
5998,7042
5998,1243
5998,7891
5999,3235
5999,1028
5999,4325
5999,4806
5999,1511
5999,3271
5999,1064
5999,8842
5999,7403
5999,6794
5999,7400
5999,5191
5999,4847
5999,9682
5999,1592
5999,2297
5999,5791
6000,8129
6000,9511
6000,748
6000,1613
6000,9048
6000,4154
6001,8261
6001,8648
6001,7245
6001,4950
6001,9982
6002,2785
6002,6851
6002,6984
6002,2539
6002,2807
6002,6810
6003,5027
6003,5639
6003,1868
6003,7503
6003,2134
6003,2332
6003,798
6004,7744
6004,8512
6004,545
6004,9316
6004,5765
6004,1605
6004,3469
6004,3407
6004,8944
6004,3604
6004,6550
6004,4765
6005,846
6005,9390
6006,5027
6006,8484
6006,4547
6006,261
6006,8241
6006,8059
6007,5376
6007,4033
6007,2435
6007,8872
6007,9098
6007,6381
6007,7254
6008,864
6008,3737
6008,2892
6008,3631
6009,1217
6009,4609
6009,3398
6009,8297
6009,9707
6009,5822
6009,8509
6009,3326
6010,3776
6010,35
6010,5251
6010,1032
6010,7412
6010,2234
6011,2816
6011,6307
6011,2340
6011,711
6011,9643
6011,5709
6011,8686
6011,5426
6011,7412
6011,2036
6011,4349
6011,8862
6012,9330
6012,332
6012,2802
6013,8225
6013,9555
6013,8172
6013,4663
6014,1516
6014,1004
6015,3001
6015,6371
6016,8872
6016,533
6016,3158
6017,5955
6017,479
6017,8683
6017,4767
6017,5428
6017,6294
6017,9503
6018,8192
6018,7761
6018,8552
6018,9863
6019,2832
6019,8884
6019,9399
6020,3585
6020,1548
6020,6726
6020,5991
6021,6952
6021,2737
6021,1012
6022,2260
6023,4640
6023,5402
6023,8710
6024,7396
6024,104
6024,7816
6024,500
6024,1492
6024,7448
6025,5968
6025,2909
6026,3200
6026,4876
6026,4625
6026,3477
6026,9946
6027,640
6027,7877
6027,4167
6027,684
6027,4046
6027,3797
6027,4190
6028,4352
6028,4377
6028,8768
6029,2185
6029,7356
6029,1926
6030,7295
6030,3789
6030,4751
6031,72
6031,1582
6031,7190
6031,4696
6031,4025
6031,4511
6032,9505
6032,4718
6032,8530
6032,8790
6032,407
6033,2304
6033,133
6033,6437
6033,4009
6033,7500
6033,4876
6033,47
6033,3569
6033,7602
6033,8244
6033,3669
6033,6740
6033,3994
6034,314
6034,469
6035,9061
6035,5967
6035,9200
6035,1779
6035,2264
6036,2458
6036,4820
6036,4293
6036,4063
6037,9218
6037,7174
6037,1099
6037,6737
6037,1681
6037,1937
6037,1397
6037,9367
6037,4505
6038,4741
6038,5363
6038,1626
6038,4503
6038,1274
6039,4002
6039,1387
6039,9550
6039,8302
6039,253
6039,5343
6040,9888
6040,1193
6040,2428
6040,2417
6041,5785
6041,4522
6041,7691
6041,7762
6042,3520
6042,3457
6042,7948
6042,7095
6043,3557
6043,1135
6043,7824
6043,9782
6043,8407
6043,5816
6044,6849
6044,4698
6044,859
6045,6621
6045,7238
6045,970
6045,4400
6045,2523
6045,1945
6045,2331
6045,3101
6046,7938
6046,1609
6046,9132
6046,6258
6046,1081
6047,2720
6047,2401
6047,1872
6047,9659
6047,221
6047,4862
6047,3231
6048,1318
6048,8396
6048,3052
6048,949
6048,9882
6048,3963
6048,5438
6049,8835
6049,7630
6049,4239
6049,6448
6049,757
6049,2326
6049,1239
6049,6201
6050,1824
6050,7526
6050,3370
6050,8075
6050,1391
6050,3448
6050,9531
6050,8344
6050,4895
6051,7441
6051,1685
6051,2519
6052,7363
6052,868
6052,711
6052,523
6052,7055
6052,8469
6052,1751
6052,1178
6053,9418
6053,6003
6053,2642
6053,4214
6054,1299
6054,3750
6055,1537
6055,1629
6055,2247
6055,5231
6055,3000
6055,6941
6056,577
6056,1186
6057,3296
6057,198
6057,4904
6057,269
6057,1010
6057,8309
6057,8633
6058,4865
6058,387
6058,102
6058,7815
6058,3432
6058,937
6058,3850
6058,3976
6058,9520
6058,7858
6058,7827
6058,9849
6058,6586
6058,9532
6058,2910
6059,5170
6059,8924
6059,244
6060,1152
6060,7136
6060,50
6060,6227
6060,3092
6060,1141
6060,5334
6060,4763
6060,6045
6061,1415
6061,1393
6061,2162
6061,6001
6061,5905
6061,7030
6061,766
6062,1984
6062,898
6062,2373
6062,208
6062,4978
6062,2133
6062,9655
6062,3928
6062,539
6063,8999
6063,1833
6063,8650
6063,4176
6063,1401
6064,3118
6066,3032
6066,369
6066,1772
6066,9494
6067,5827
6067,5091
6067,2375
6067,8521
6067,2189
6067,8110
6067,8751
6067,501
6067,3416
6068,8190
6069,676
6069,6116
6069,2183
6069,4680
6069,5982
6069,7863
6069,408
6069,6233
6069,7996
6069,3933
6069,9342
6069,5951
6070,5154
6070,396
6070,283
6070,1009
6070,24
6070,7739
6070,8924
6070,5182
6071,4756
6071,30
6071,1687
6072,9538
6072,2799
6072,6544
6072,5433
6072,6267
6073,6821
6073,6472
6073,3497
6073,5386
6073,9262
6073,8250
6074,3075
6074,5380
6074,4869
6074,7015
6074,7871
6075,9074
6075,4187
6075,5125
6076,7397
6076,8486
6076,390
6076,44
6076,9773
6076,728
6076,4698
6076,3452
6077,4233
6077,547
6077,3313
6077,513
6078,8547
6078,2311
6078,7018
6078,4842
6078,1580
6078,3982
6078,5586
6079,8320
6079,5257
6079,5204
6079,6303
6080,1272
6080,8065
6080,3489
6080,1729
6080,1124
6080,9510
6080,6920
6080,5929
6080,9131
6080,1963
6080,5324
6080,9263
6080,4888
6080,4627
6080,2836
6080,4504
6081,6182
6081,4584
6081,6602
6081,748
6081,23
6081,6235
6082,9870
6082,6448
6082,8082
6082,3411
6082,6610
6082,2174
6082,6303
6083,1025
6083,3683
6083,3688
6083,5065
6083,750
6083,5109
6083,4535
6083,9017
6083,9916
6084,5377
6084,9508
6084,6662
6084,4358
6084,6088
6084,7882
6084,6584
6085,8260
6085,1098
6085,2415
6085,7503
6085,2421
6085,888
6085,6364
6085,9183
6086,5446
6086,4585
6086,4399
6086,9910
6086,1655
6086,3513
6086,1402
6087,1318
6087,6845
6087,7133
6087,8790
6087,7222
6087,29
6087,2461
6088,5409
6088,7206
6088,7304
6088,5385
6088,3147
6088,5932
6088,7214
6088,5656
6088,1181
6089,6720
6089,9410
6089,1570
6089,3589
6089,4649
6089,4394
6089,3531
6089,2256
6089,5523
6089,3738
6089,9144
6089,6967
6089,1912
6089,3033
6089,890
6090,609
6090,9949
6091,8009
6091,7664
6091,7479
6091,7447
6091,9695
6092,6528
6092,197
6092,9194
6092,7087
6092,2548
6092,597
6093,5056
6093,5920
6093,583
6093,8680
6093,7657
6093,4813
6093,8464
6093,2353
6093,3196
6093,4723
6093,7607
6093,4699
6093,220
6093,7902
6094,9737
6094,2938
6094,6633
6095,7731
6095,2579
6095,9880
6095,4188
6095,9726
6096,3065
6096,7074
6096,235
6096,2988
6097,8411
6098,1720
6098,8672
6098,6423
6098,6319
6099,1485
6100,515
6100,8874
6100,8029
6100,9234
6100,1843
6100,8627
6100,9877
6100,9373
6100,603
6100,3771
6101,6024
6101,2833
6101,7611
6101,5900
6102,4514
6102,1603
6102,4905
6102,9326
6102,8466
6102,1267
6103,5793
6103,392
6103,4811
6103,1487
6103,3193
6104,5552
6104,8936
6104,5414
6105,609
6105,7099
6105,8220
6105,8382
6106,1113
6106,6529
6106,5501
6107,3485
6107,4614
6108,4966
6109,4231
6109,1095
6109,1161
6109,1711
6109,4630
6110,4424
6110,5532
6110,6564
6110,4436
6111,5922
6111,2728
6111,6353
6111,4242
6111,6493
6111,5150
6112,5056
6112,1986
6112,101
6112,2951
6112,9327
6112,1936
6112,4786
6112,5694
6114,3202
6114,2503
6114,76
6114,1869
6114,7662
6114,1650
6114,3802
6115,2049
6115,7458
6115,3523
6115,6980
6115,68
6115,8966
6115,2408
6115,9065
6115,5098
6115,650
6115,4456
6115,4367
6115,1363
6115,1239
6115,6072
6115,2777
6115,3547
6115,7679
6116,6816
6116,3585
6116,6522
6116,1502
6116,1375
6117,1161
6117,5711
6117,6194
6117,2007
6117,8671
6118,4675
6118,9446
6118,9802
6118,1841
6118,4850
6118,315
6119,5505
6119,2915
6119,5062
6120,1094
6120,4360
6120,7785
6120,5234
6120,1652
6120,3162
6121,9472
6121,6370
6121,4259
6121,1668
6121,1350
6121,5737
6121,4373
6121,5882
6122,2470
6122,6374
6122,5067
6122,7660
6122,3503
6122,338
6122,9977
6122,5370
6122,381
6123,6010
6123,9980
6123,2613
6124,3617
6124,8341
6124,9927
6125,2192
6125,5026
6125,4571
6125,7908
6126,6561
6126,7709
6126,6213
6126,6310
6126,331
6126,5741
6126,1648
6126,3285
6126,1245
6126,4255
6128,9031
6128,1748
6128,9620
6128,3193
6128,8702
6129,6658
6129,3139
6129,6308
6129,8488
6129,1002
6129,8043
6129,2730
6129,3959
6129,5719
6129,3357
6129,3934
6129,1887
6130,7818
6130,2725
6130,1421
6130,6031
6131,5696
6131,613
6131,4519
6131,9484
6131,5933
6131,3897
6131,7835
6131,573
6131,5023
6132,9541
6132,4648
6132,7853
6132,1549
6132,2257
6132,2293
6132,6614
6132,8410
6133,7846
6133,294
6133,1195
6133,1363
6133,4821
6133,987
6134,4003
6134,1406
6135,4793
6135,2517
6135,3967
6136,1505
6136,753
6136,2229
6136,2230
6137,68
6137,395
6137,9452
6137,7884
6137,6075
6138,3297
6138,4455
6138,8044
6138,8845
6138,6286
6138,9072
6138,3986
6138,9875
6138,6650
6138,7642
6139,7808
6139,7394
6139,110
6139,7183
6139,6354
6140,7240
6140,3920
6140,5301
6140,2831
6141,880
6141,8509
6142,8130
6142,1386
6142,8493
6142,4238
6142,4784
6142,6616
6143,3603
6143,282
6143,2347
6143,5782
6144,7842
6144,6308
6144,4646
6144,2091
6144,5645
6144,48
6144,8218
6144,6078
6145,9350
6145,3207
6145,518
6145,902
6145,6441
6145,9038
6145,6802
6145,9526
6145,8315
6145,1052
6146,2793
6146,1638
6146,8190
6147,6776
6147,1308
6148,9664
6148,146
6148,3933
6148,5807
6149,5520
6149,3233
6149,2088
6149,5677
6150,1312
6150,517
6150,1351
6150,5256
6150,1930
6150,6188
6150,3309
6150,4462
6150,6482
6150,8083
6150,533
6150,2071
6150,5694
6151,7492
6151,8695
6151,7608
6151,441
6151,9498
6152,4813
6152,5197
6152,7460
6152,8133
6153,5536
6153,2849
6153,2762
6153,1428
6154,8812
6154,4441
6154,9428
6154,2909
6155,3681
6155,1418
6155,8757
6155,9767
6156,6592
6156,6754
6156,9864
6156,2446
6156,2935
6156,3288
6156,3454
6157,1411
6158,6714
6158,4603
6158,365
6159,6660
6159,3335
6160,2241
6160,2498
6160,4782
6160,6035
6160,7835
6161,8131
6161,6979
6161,5872
6161,7218
6161,9141
6161,2710
6161,7768
6161,2042
6162,579
6162,5637
6162,3824
6162,7442
6162,1787
6163,8929
6163,2690
6163,7745
6163,9125
6163,4695
6163,7819
6163,8785
6163,2098
6163,3058
6163,8820
6163,9655
6163,1149
6163,3903
6164,7649
6164,6053
6164,1534
6165,7556
6165,2501
6165,8427
6165,6828
6165,3856
6165,5201
6165,87
6165,6363
6166,6434
6166,5989
6166,1512
6166,427
6166,3933
6166,8300
6166,4204
6166,1645
6166,9328
6166,2045
6166,4402
6166,2331
6166,7772
6166,1117
6166,9151
6167,5443
6167,5159
6167,8651
6167,6254
6167,3343
6167,6682
6167,1240
6167,7578
6167,4572
6167,2333
6168,7852
6168,5807
6168,3228
6168,3389
6168,8479
6169,9697
6169,6917
6169,9637
6169,6022
6169,8968
6169,7493
6169,5387
6169,8844
6169,1998
6169,1331
6169,8692
6170,99
6170,8585
6170,9577
6170,4842
6170,1614
6170,7279
6170,2512
6170,1295
6170,4732
6171,1761
6171,5795
6171,8422
6171,7083
6171,8543
6172,2752
6172,6465
6172,5508
6172,4677
6172,5798
6172,7337
6172,9784
6172,3338
6172,9776
6172,5075
6172,1780
6172,9496
6172,4122
6172,4893
6173,9664
6173,8065
6173,8231
6173,9071
6173,3376
6173,4789
6174,2817
6174,9061
6174,1
6175,7876
6175,6213
6175,2980
6175,8495
6175,7953
6175,2578
6175,6455
6175,8318
6175,6843
6175,1342
6175,9439
6176,2978
6176,4739
6176,9766
6176,8518
6176,5104
6176,8753
6176,1586
6176,4115
6176,6614
6176,1047
6176,342
6176,7802
6176,3131
6176,4126
6177,8833
6177,6886
6177,3816
6177,5641
6177,1737
6177,7374
6177,2064
6177,18
6178,2114
6178,2756
6178,3541
6178,3207
6179,8226
6179,1956
6179,1892
6179,5705
6179,3849
6179,6124
6179,6093
6179,5494
6179,5048
6180,8000
6180,8825
6180,2384
6181,929
6181,4388
6181,9999
6181,9584
6181,9167
6181,658
6181,3985
6181,1905
6181,3095
6181,4858
6181,2078
6182,8416
6182,1089
6182,4044
6182,8558
6182,9902
6182,8857
6182,9629
6183,33
6183,6844
6183,2691
6183,2787
6183,8582
6183,7911
6183,615
6183,110
6183,53
6183,7001
6183,6620
6183,9085
6184,7580
6184,1599
6185,548
6185,2342
6185,6218
6185,3756
6185,590
6185,657
6185,5491
6185,5974
6185,5464
6185,7261
6185,6847
6186,4099
6186,4939
6186,7948
6186,5261
6186,4669
6187,6528
6187,442
6187,5364
6187,5996
6188,9025
6188,8803
6188,3397
6188,7109
6188,103
6188,9838
6188,4536
6188,1753
6188,4285
6189,5664
6189,4068
6189,5031
6189,4491
6189,3765
6189,2166
6190,4832
6190,2083
6190,6889
6190,7405
6190,3572
6190,8923
6190,8446
6191,4417
6192,9476
6192,3366
6192,8009
6192,5689
6192,9202
6192,2899
6192,4633
6192,4057
6192,5533
6193,9984
6193,451
6193,487
6193,7676
6193,9565
6193,5629
6194,1640
6194,6251
6194,2552
6194,953
6194,7996
6195,4389
6195,7242
6195,1708
6195,3316
6195,7928
6195,3482
6195,94
6196,7552
6196,9729
6196,4416
6196,9101
6196,751
6196,4175
6196,4114
6196,1334
6196,9499
6196,1278
6197,1632
6197,2563
6197,9388
6197,4950
6197,375
6197,3996
6198,5858
6198,7266
6198,3748
6198,8802
6198,4550
6198,2344
6198,1353
6198,8660
6198,5435
6199,7232
6199,8353
6199,3203
6199,1222
6199,8392
6199,3148
6199,4439
6199,5144
6200,9028
6200,6343
6201,3843
6201,6916
6201,620
6201,2872
6201,2876
6201,637
6202,3043
6202,8294
6202,7530
6202,8011
6202,3275
6202,4666
6202,6302
6203,3177
6203,6156
6203,5102
6203,5111
6203,5274
6203,4315
6203,5918
6204,7040
6204,1982
6205,6021
6205,1193
6205,6252
6205,6831
6205,8695
6206,358
6206,2310
6206,6253
6206,5072
6206,6551
6206,3512
6206,8698
6207,3077
6207,2215
6207,1645
6207,2133
6207,2491
6207,2780
6208,35
6208,131
6208,7760
6208,4625
6208,6175
6208,4276
6208,3740
6208,6815
6209,3137
6209,6505
6209,6572
6209,4365
6209,8462
6209,8116
6209,9788
6209,3869
6209,6847
6210,5874
6210,3550
6210,1607
6211,1700
6211,1285
6211,5934
6211,6450
6211,2036
6211,7636
6211,5852
6211,7134
6212,7140
6212,901
6212,9486
6212,561
6212,9462
6212,3670
6213,5440
6213,71
6213,6409
6213,6729
6213,5100
6213,4238
6213,2268
6213,7678
6214,2784
6214,228
6214,8871
6214,5479
6214,8039
6214,4044
6214,1360
6214,7505
6214,8497
6214,7542
6214,3607
6215,9696
6215,9001
6215,7409
6215,6610
6215,7894
6215,4285
6215,7550
6216,4736
6216,5608
6216,552
6216,2410
6216,1170
6216,7450
6217,9663
6217,5170
6217,4459
6217,5863
6218,5930
6218,396
6218,2622
6219,6947
6219,1156
6219,1732
6219,8040
6219,6262
6219,1432
6219,6046
6220,7079
6220,3048
6220,3497
6220,5639
6220,2991
6220,2612
6220,2616
6220,3390
6221,6626
6221,518
6221,27
6221,5515
6221,1744
6221,9235
6221,5563
6221,5852
6222,7110
6222,3592
6222,3976
6222,6477
6222,4029
6222,1332
6222,3764
6222,8505
6222,2619
6222,6909
6223,3934
6224,9447
6224,552
6224,1451
6224,5455
6224,5650
6224,3733
6225,608
6225,2882
6225,5706
6225,7597
6225,3379
6225,311
6226,6755
6226,6214
6226,9160
6226,3176
6226,2154
6226,5356
6226,1485
6226,3572
6226,8887
6226,1113
6227,768
6227,2625
6227,2010
6227,9416
6227,2418
6227,6522
6227,1755
6228,742
6228,7
6228,7785
6228,171
6228,2935
6228,4888
6228,6686
6229,2530
6229,9347
6229,148
6229,9466
6229,9339
6230,1094
6231,6662
6231,1292
6231,1581
6231,1262
6231,7279
6231,1116
6231,7280
6231,5036
6231,7964
6232,9939
6232,4798
6232,5174
6232,6007
6233,9032
6233,1188
6233,6676
6233,5029
6234,6247
6234,680
6234,1450
6234,3448
6234,4220
6234,733
6234,8382
6235,8441
6235,1218
6235,9428
6236,8900
6236,5060
6236,5257
6236,6827
6236,6738
6236,5849
6237,5248
6237,4068
6237,9226
6237,170
6237,4842
6237,9040
6237,1649
6237,827
6237,1948
6237,1951
6238,8064
6238,3072
6238,7302
6238,5735
6238,9737
6238,3819
6238,3147
6238,1149
6239,5216
6239,8770
6239,4170
6239,8395
6239,3468
6239,4331
6239,6516
6239,6361
6239,474
6239,1629
6239,6078
6240,5927
6240,6891
6240,6316
6240,1296
6240,5909
6240,8376
6241,33
6241,5142
6242,7556
6242,7716
6242,2120
6242,9327
6242,2064
6242,4367
6242,8051
6243,7396
6243,2309
6243,7974
6243,1447
6243,5646
6243,4114
6243,9971
6243,8851
6243,3349
6243,3926
6244,6018
6245,5722
6245,1988
6245,4493
6245,8012
6246,2253
6246,5494
6246,4687
6247,4704
6247,6931
6247,844
6247,2854
6248,1569
6248,450
6248,9320
6248,6282
6248,6000
6248,6010
6248,351
6249,8195
6249,2131
6249,2076
6249,581
6250,6925
6250,8252
6250,1519
6250,3196
6250,1010
6250,6364
6250,7669
6250,1240
6250,4508
6250,8317
6250,5724
6251,3872
6252,8704
6252,816
6252,7219
6252,888
6252,8604
6252,9726
6253,6304
6253,5992
6253,331
6253,8667
6253,8157
6254,4579
6254,8168
6254,297
6254,6380
6254,5198
6254,8957
6254,8318
6255,8193
6255,419
6255,1093
6256,1413
6256,8073
6256,3915
6256,6649
6256,6607
6256,5267
6256,3094
6256,89
6256,9114
6256,3707
6256,8796
6257,4200
6258,4132
6258,677
6258,1287
6258,841
6258,656
6258,8722
6259,6374
6259,7942
6259,5001
6259,7273
6259,3051
6259,4908
6259,44
6259,2321
6259,3415
6259,2428
6259,6745
6259,2842
6259,1372
6259,285
6259,5463
6260,1712
6260,785
6260,4299
6261,139
6261,3213
6261,6455
6262,1186
6262,7205
6262,710
6262,7533
6262,5495
6262,1560
6262,4383
6263,2824
6263,7001
6263,5466
6263,3790
6264,7502
6264,5422
6264,2611
6264,2713
6264,314
6265,5345
6265,806
6265,6182
6265,7272
6265,2219
6265,9972
6265,5524
6265,8983
6265,3065
6265,7098
6265,4027
6266,9664
6266,9539
6266,6706
6266,7801
6266,6845
6267,8748
6267,9678
6267,4976
6267,2708
6267,7228
6267,1725
6268,1218
6268,2915
6268,5988
6268,1858
6268,1222
6268,7110
6268,7540
6268,5461
6268,4631
6268,445
6269,5576
6269,2138
6269,8758
6270,166
6270,4072
6270,6856
6270,2925
6270,5521
6270,3537
6270,3256
6270,1951
6271,640
6271,2062
6272,2978
6272,8452
6272,902
6272,2790
6272,5194
6272,586
6272,9612
6272,82
6272,4887
6273,8197
6273,69
6273,5224
6273,8269
6273,4143
6273,402
6273,3095
6273,7544
6273,861
6274,3397
6274,678
6274,9235
6274,4921
6274,8319
6275,8103
6275,5769
6275,2349
6275,336
6275,3794
6275,6706
6275,6355
6275,3479
6275,2712
6275,2393
6275,8700
6275,3199
6276,5793
6276,4162
6276,9099
6276,3863
6277,8580
6277,5963
6277,1260
6277,8113
6277,6579
6277,4181
6277,5751
6277,2206
6277,2174
6278,4544
6278,9507
6278,739
6278,420
6278,1391
6278,240
6278,4786
6278,8754
6278,2036
6278,4723
6278,6170
6279,3566
6279,6960
6279,1588
6279,1492
6279,90
6279,3803
6279,5276
6279,926
6280,5984
6280,6864
6280,7827
6280,5815
6280,8345
6280,5626
6280,3390
6281,7744
6281,523
6281,8973
6281,2267
6281,4310
6281,6553
6281,2971
6281,4252
6282,7570
6282,6173
6283,4129
6283,2722
6283,1349
6283,6983
6283,83
6283,340
6284,3168
6284,228
6284,9447
6284,3208
6284,2192
6284,5170
6284,4284
6284,477
6285,8000
6285,1770
6285,1821
6285,4778
6285,109
6285,8400
6285,8496
6285,5939
6285,6708
6285,4310
6285,3801
6285,1722
6285,797
6286,9900
6286,7887
6286,6801
6286,7609
6286,3582
6286,6430
6287,7653
6288,7242
6288,9581
6288,8589
6289,1304
6289,9601
6289,3828
6290,2881
6290,6403
6290,5220
6290,1607
6290,2510
6290,9653
6290,9278
6290,5823
6293,7034
6293,8035
6294,7560
6294,7209
6294,9964
6294,1085
6295,1824
6295,3402
6295,2346
6295,9740
6295,467
6295,8182
6295,214
6295,9270
6295,8475
6296,7176
6296,4553
6296,745
6296,8844
6296,6164
6296,6582
6297,7584
6297,8128
6297,9605
6297,8073
6297,2219
6297,2925
6297,5360
6297,8502
6298,2461
6298,1606
6299,8993
6299,7641
6299,4917
6299,671
6300,3561
6300,4114
6300,8612
6300,609
6301,4249
6301,8100
6301,71
6301,1197
6301,8374
6301,5110
6301,7417
6302,102
6302,7635
6302,2228
6302,5879
6302,8381
6302,5053
6302,8446
6303,6040
6303,2260
6303,748
6303,3712
6304,9090
6304,869
6304,393
6304,9036
6304,1587
6304,9364
6304,1847
6304,5785
6304,9787
6304,319
6305,483
6305,1162
6305,6666
6305,7639
6305,5500
6305,4730
6305,4988
6305,2751
6306,192
6306,5956
6306,1521
6306,8147
6306,3828
6306,6006
6306,5784
6306,697
6306,953
6306,6687
6307,780
6307,240
6307,1523
6307,8341
6307,123
6308,116
6309,8402
6309,9786
6309,2059
6309,1735
6310,1018
6310,3940
6310,4108
6310,8666
6310,3163
6310,29
6311,3747
6311,2277
6311,8710
6311,7368
6311,491
6311,2066
6311,1181
6311,9979
6311,1469
6312,7473
6312,8930
6312,6778
6312,3062
6313,4263
6313,8845
6313,6608
6313,9873
6313,5978
6314,960
6314,1378
6314,1860
6314,5415
6314,236
6314,3470
6314,1976
6314,6394
6315,2480
6315,7475
6316,2650
6316,895
6316,1138
6316,15
6317,7299
6317,7811
6317,5160
6317,6825
6317,6952
6317,3272
6317,232
6317,9453
6317,6194
6317,4852
6317,7062
6318,1316
6318,901
6318,5036
6318,9362
6318,8700
6318,1303
6318,1337
6318,1532
6318,6301
6319,1378
6319,9223
6319,1640
6319,3497
6319,9964
6319,5453
6319,3500
6319,6801
6319,2233
6320,6630
6320,5994
6320,6924
6320,9806
6320,1556
6320,4127
6321,7170
6322,868
6322,4852
6322,5238
6322,4795
6322,1755
6323,6579
6323,6076
6323,2693
6323,6391
6324,2945
6324,1281
6324,8994
6324,5669
6324,9517
6324,7502
6324,879
6324,5133
6324,7637
6324,7480
6324,1565
6324,4607
6325,7300
6325,3045
6325,9353
6325,7884
6325,4180
6326,2180
6326,4965
6326,5160
6326,4717
6326,9460
6326,4951
6326,8607
6327,131
6327,2662
6327,846
6327,3898
6327,148
6327,2292
6327,1690
6327,1820
6328,7746
6328,6544
6328,2449
6328,5298
6328,5778
6328,8756
6328,661
6328,2294
6329,3654
6329,742
6329,7275
6329,716
6329,8658
6329,6421
6329,2717
6330,1889
6330,2140
6331,8960
6331,8060
6331,6992
6331,2636
6332,3905
6332,3558
6332,7789
6332,1679
6332,7889
6332,9498
6332,9083
6332,1850
6333,6954
6333,11
6333,2606
6333,6927
6333,5077
6333,9782
6333,5495
6333,2299
6333,8765
6334,5218
6334,1764
6334,7504
6334,2772
6334,6742
6334,5015
6335,2720
6335,3011
6335,9803
6335,5163
6335,8240
6335,6416
6335,9618
6335,7377
6335,7062
6336,1441
6336,737
6336,8195
6336,8550
6336,4745
6336,8266
6336,6766
6336,6702
6336,3671
6336,8344
6336,7833
6337,4067
6337,6469
6337,432
6337,1113
6337,8350
6338,6499
6338,9003
6338,5296
6338,8243
6338,9523
6338,4438
6338,3480
6338,1945
6338,9147
6338,6493
6338,1757
6339,8864
6339,9543
6339,9071
6339,1808
6339,7738
6339,4826
6339,571
6339,2970
6340,5712
6341,6494
6341,4934
6342,7192
6342,2298
6342,6372
6342,3245
6343,9248
6343,2274
6343,2179
6343,4612
6343,6805
6344,4721
6345,1438
6345,631
6345,326
6345,3263
6346,5189
6346,1254
6346,2949
6346,7305
6346,7242
6346,9455
6346,6004
6346,117
6346,9176
6346,8795
6347,3588
6347,7525
6347,5477
6347,2767
6347,5682
6347,8243
6347,5972
6347,985
6347,9755
6347,5852
6347,7037
6347,572
6347,7999
6348,7456
6348,8384
6348,7014
6348,2920
6348,1202
6348,152
6348,8347
6349,256
6349,3555
6349,6852
6349,3242
6349,267
6349,6705
6349,8949
6349,8343
6350,2498
6350,2248
6350,467
6350,6035
6350,3414
6350,9530
6350,635
6350,8382
6351,950
6351,8686
6352,3361
6352,2342
6352,6758
6352,5481
6352,4753
6352,9238
6352,1051
6353,3360
6353,6049
6353,9794
6353,1088
6353,7718
6353,4199
6353,2095
6353,1232
6353,7313
6354,2758
6354,8649
6354,1140
6354,3670
6354,2199
6354,7640
6355,128
6355,5443
6355,1987
6355,7901
6355,2381
6355,8056
6355,5594
6355,1245
6356,3234
6356,7140
6356,4070
6356,8487
6356,466
6356,1909
6356,1592
6357,4988
6358,5817
6359,9184
6359,3233
6359,4263
6359,5847
6359,7281
6359,9591
6359,6840
6360,193
6360,8291
6360,2059
6360,203
6360,2860
6360,4018
6360,5973
6361,6449
6361,1891
6361,4740
6361,647
6362,8160
6362,3370
6362,3084
6362,9456
6362,4283
6363,4784
6363,2249
6363,6468
6363,6470
6364,8839
6365,7202
6365,3369
6365,6962
6365,7731
6365,9749
6365,7255
6365,4954
6365,8476
6365,3870
6366,4338
6367,2208
6367,8262
6367,4782
6367,559
6367,3378
6367,5462
6367,5114
6368,4382
6368,2822
6368,5385
6368,6122
6368,6127
6368,1940
6368,8438
6368,4218
6368,2558
6368,5215
6369,160
6369,4737
6369,8092
6369,6922
6369,780
6369,2421
6369,316
6369,502
6369,1785
6369,3868
6370,5500
6371,3656
6371,6017
6371,4523
6372,2376
6372,2349
6372,1942
6372,2095
6373,4577
6373,7079
6373,4167
6373,2539
6373,4142
6373,3996
6373,4575
6374,9056
6374,5797
6374,7206
6374,1094
6374,3848
6374,5767
6374,1904
6374,1337
6375,8762
6375,7619
6375,5158
6375,4895
6376,3226
6376,4915
6376,2814
6378,8513
6378,2875
6378,6444
6378,669
6379,4872
6379,433
6379,8738
6379,6947
6380,128
6380,3650
6380,7555
6380,7949
6380,532
6380,1045
6380,1915
6381,2347
6381,6479
6381,6192
6381,1937
6381,9406
6381,8702
6382,3012
6382,9975
6382,2224
6382,8371
6382,4597
6382,6998
6382,503
6382,1686
6382,2522
6382,9050
6383,4736
6383,9063
6383,3786
6383,4052
6383,7637
6383,2582
6383,7197
6384,5925
6384,9446
6384,3053
6384,46
6384,4816
6384,6168
6384,6233
6384,2332
6385,2981
6385,1869
6385,4144
6385,2932
6385,2037
6385,2584
6385,4636
6386,2701
6386,2638
6387,4150
6388,1145
6389,3781
6389,3181
6389,5447
6390,6667
6391,4259
6391,8868
6391,6951
6391,8682
6391,7788
6391,4557
6391,5327
6391,7666
6391,7763
6391,7221
6391,2105
6391,1214
6391,7327
6392,7617
6392,4931
6392,3787
6392,9163
6392,6708
6392,1145
6392,2683
6392,7645
6392,5182
6393,8164
6393,4870
6393,8327
6393,6728
6393,2252
6393,2060
6393,4204
6393,2063
6393,7380
6393,5495
6393,4253
6394,5568
6394,7457
6394,6595
6394,2371
6394,8808
6394,7275
6394,4942
6394,6064
6394,8499
6394,8531
6394,3540
6394,602
6394,4028
6394,9438
6394,3391
6395,6816
6395,193
6395,7938
6395,8441
6395,6439
6395,3464
6395,6509
6395,7832
6395,6681
6395,5243
6395,3645
6395,2431
6396,8160
6396,1984
6396,1315
6396,1221
6396,6311
6396,747
6396,9906
6396,7062
6397,1536
6397,7238
6397,3094
6398,3605
6398,1397
6399,4155
6399,907
6399,974
6399,8335
6399,9264
6399,1651
6399,8570
6399,6363
6399,2940
6400,7089
6400,7882
6400,8603
6400,1807
6401,1727
6401,850
6401,588
6401,2999
6402,6187
6402,8109
6402,1294
6402,6901
6402,6774
6402,2746
6403,5248
6403,7622
6403,975
6403,5045
6403,5307
6403,7519
6404,4929
6404,7970
6404,8932
6404,4901
6404,1028
6404,1417
6404,4666
6404,3258
6404,2943
6405,1316
6405,325
6405,9224
6405,8915
6405,8796
6405,5246
6405,3455
6407,976
6407,5324
6407,7270
6408,4422
6408,521
6408,3402
6408,2699
6408,7340
6408,4815
6408,1630
6409,8325
6409,1419
6409,6426
6409,3567
6409,7152
6409,8820
6409,1181
6409,5914
6409,6557
6410,0
6411,5186
6411,5991
6411,7082
6411,5194
6411,7181
6411,8397
6411,9933
6411,3789
6411,5553
6411,8343
6412,4065
6412,5925
6412,435
6412,8280
6412,8412
6413,3669
6414,513
6414,5282
6414,2886
6414,8296
6414,1745
6415,4206
6417,3683
6417,1158
6417,5576
6417,5705
6417,9965
6417,2575
6417,2418
6417,4344
6418,3523
6419,5766
6419,8047
6419,9904
6419,8945
6419,9493
6419,1911
6420,6145
6420,2698
6420,5035
6420,3885
6420,2829
6420,636
6421,9344
6421,3233
6421,3465
6421,6378
6421,5106
6421,4852
6421,6711
6421,7546
6421,7644
6421,9566
6421,6719
6422,3520
6422,6438
6422,8039
6422,436
6422,4310
6423,6914
6423,2202
6423,1738
6423,4715
6423,7564
6423,1423
6423,1074
6423,8915
6423,5591
6423,1082
6423,2751
6424,8385
6424,5861
6424,1004
6424,1263
6424,7350
6424,7260
6425,5424
6425,1009
6425,7166
6425,5983
6426,9571
6426,7243
6426,2159
6426,6960
6426,9554
6426,7416
6426,3966
6427,8386
6427,6586
6427,3651
6428,3170
6428,4281
6428,2695
6428,8393
6428,6027
6428,8140
6428,759
6428,6681
6428,3407
6428,5746
6428,2451
6428,9429
6428,6015
6428,7769
6428,2845
6428,3391
6429,360
6429,6378
6429,366
6430,7068
6430,4733
6431,1811
6431,3355
6431,4887
6432,2499
6432,7629
6432,6829
6432,561
6432,922
6433,4008
6433,5582
6434,4031
6434,1767
6434,8335
6434,4692
6434,8693
6434,5625
6434,4991
6435,4454
6435,6617
6435,8119
6435,3444
6435,1876
6435,3383
6435,4825
6435,5146
6436,5102
6436,2799
6436,7376
6436,7664
6436,8735
6437,5280
6437,3108
6437,7911
6437,3244
6437,5581
6437,7512
6437,5274
6437,1182
6438,5377
6438,711
6438,2812
6438,68
6439,8032
6439,3873
6439,942
6439,1358
6439,3892
6439,1403
6439,3645
6439,9054
6440,7104
6440,2470
6440,1832
6440,2686
6440,5823
6442,1824
6442,1953
6442,1830
6442,2696
6442,7346
6442,6515
6442,9429
6442,7741
6443,7365
6443,6245
6443,6504
6443,6444
6443,1041
6443,6133
6443,5240
6443,9113
6443,7550
6444,7753
6444,6722
6444,5899
6444,3718
6445,7264
6445,3845
6445,6284
6445,4913
6445,5884
6445,4094
6446,8774
6446,743
6446,744
6446,5419
6446,8460
6446,5995
6446,5068
6446,7055
6446,239
6446,7737
6446,1018
6446,4955
6447,6890
6447,2349
6447,9741
6447,5425
6447,563
6447,4573
6447,5438
6448,9921
6448,5566
6448,4075
6448,6614
6448,5848
6448,3128
6448,4955
6448,3294
6449,2469
6449,6218
6449,9998
6449,2926
6449,3351
6449,8760
6449,6395
6449,6621
6449,8063
6450,7747
6450,8997
6450,9605
6450,4487
6450,1541
6450,1991
6450,8332
6450,2893
6450,2414
6450,7123
6450,6584
6451,1058
6451,7258
6451,3978
6451,365
6451,592
6451,2674
6451,7797
6451,1845
6451,3800
6451,7577
6451,6522
6451,4796
6451,8189
6451,6238
6452,9059
6452,1382
6452,8562
6452,3702
6452,7414
6452,5881
6452,4989
6453,741
6453,261
6453,2219
6453,397
6453,8910
6453,4372
6453,885
6453,1943
6453,3800
6454,2040
6454,1925
6454,9446
6454,3912
6454,5518
6454,5425
6454,8274
6454,6994
6454,1111
6454,8632
6454,2330
6454,8152
6455,8384
6455,4417
6455,6571
6455,9107
6455,4666
6455,8603
6455,6492
6456,4995
6456,3908
6456,6877
6456,1451
6456,2258
6456,3261
6456,6842
6456,6173
6457,8100
6457,3173
6457,2119
6457,4171
6457,5099
6457,5646
6457,2863
6457,7889
6457,753
6457,2387
6457,9687
6457,6426
6458,2388
6458,4310
6459,1272
6459,7425
6459,9314
6459,323
6459,3237
6459,9030
6459,2590
6459,1030
6459,229
6459,9709
6459,7023
6459,9425
6459,2741
6459,9656
6459,702
6460,5862
6460,3721
6460,6667
6460,4639
6460,9204
6460,3540
6460,575
6461,9476
6461,2596
6461,6054
6461,9126
6461,6633
6461,7853
6461,6831
6461,7473
6461,2355
6461,2324
6461,6228
6461,6710
6461,8280
6462,6979
6462,3717
6462,8264
6462,6600
6462,522
6462,1354
6462,3339
6462,8268
6462,6251
6462,3368
6462,5523
6462,8692
6463,5792
6463,4803
6463,3875
6463,1996
6463,1391
6463,9906
6463,9655
6464,1255
6464,6441
6464,6826
6464,4341
6464,7031
6464,7704
6464,7673
6464,4123
6465,7648
6465,3989
6465,7608
6465,6233
6465,7162
6466,7773
6466,4070
6466,6631
6466,7272
6466,3113
6466,6635
6466,6380
6466,6258
6466,2291
6466,1625
6466,6461
6466,9341
6466,5087
6467,800
6467,4067
6467,296
6467,7276
6467,2331
6467,3537
6467,3318
6467,2007
6467,3707
6468,3185
6468,4102
6469,1524
6470,4992
6470,9650
6470,2294
6470,8950
6470,1917
6471,1699
6471,5958
6471,9094
6471,3787
6471,2284
6471,3599
6471,4563
6471,5532
6471,4218
6471,9084
6471,6749
6472,5025
6472,6325
6473,3114
6473,8939
6473,7852
6473,7659
6473,7693
6473,1165
6473,7609
6473,8734
6474,6209
6474,7566
6474,1134
6474,4472
6474,2713
6474,795
6475,7109
6475,1513
6475,8041
6475,4779
6475,3603
6476,3972
6476,9413
6476,7305
6476,6287
6476,338
6476,3381
6476,7222
6476,2487
6478,7784
6479,5656
6479,7371
6479,1036
6479,3885
6480,6980
6480,5801
6480,426
6480,45
6480,5972
6480,7673
6480,7134
6481,2274
6481,7779
6481,6281
6481,8142
6481,465
6481,6996
6481,5973
6481,916
6481,5465
6481,9247
6481,8831
6482,8320
6482,9636
6482,6501
6482,7108
6482,7828
6482,1113
6482,8827
6482,5630
6483,471
6483,9677
6483,1183
6485,3544
6485,8137
6485,6660
6486,1191
6487,1345
6487,9829
6487,5895
6487,3976
6487,2153
6487,7053
6487,5422
6487,7828
6487,7960
6487,1273
6487,1658
6487,4987
6487,7549
6488,5319
6488,747
6488,444
6488,7931
6489,990
6489,6406
6490,6434
6490,2850
6490,2565
6490,7942
6490,3462
6490,9640
6490,5161
6490,7206
6490,7501
6490,5042
6490,981
6490,8442
6491,1859
6491,7940
6491,4751
6491,8527
6491,8623
6491,8855
6491,2233
6491,7038
6491,3743
6492,5474
6492,6981
6492,3085
6492,1523
6492,1877
6492,2488
6492,2169
6493,931
6493,2788
6493,4072
6493,5737
6493,2410
6493,2506
6493,6093
6493,9786
6494,485
6494,6123
6494,5069
6494,2480
6494,1457
6494,6196
6494,628
6494,7640
6495,9504
6495,9543
6495,201
6495,1325
6495,6061
6495,1614
6496,192
6496,5084
6496,3438
6496,8647
6497,386
6497,8456
6497,40
6497,6037
6497,4600
6498,4416
6498,1955
6498,2086
6498,9609
6498,9611
6498,2799
6498,8465
6498,7889
6498,1779
6498,6772
6498,7647
6499,1829
6499,2215
6499,7029
6499,9591
6499,6715
6499,6396
6500,3300
6500,3516
6500,7255
6500,7500
6501,5889
6501,7687
6501,9000
6501,9935
6501,8030
6502,1761
6502,5249
6502,291
6502,7397
6502,7302
6502,168
6502,7176
6502,8980
6502,6516
6502,7093
6504,5186
6504,7491
6504,8678
6504,138
6504,3216
6504,3220
6504,9591
6504,6426
6504,9723
6504,7005
6504,7511
6505,1312
6505,9442
6505,9059
6505,2471
6505,1704
6505,2409
6505,6381
6505,6829
6505,6639
6505,8559
6505,1331
6505,1172
6505,949
6505,1371
6505,6653
6506,1249
6506,1474
6506,4259
6506,6793
6506,9402
6507,0
6507,4876
6507,4654
6507,5383
6508,8390
6508,7528
6508,2729
6508,5483
6508,1419
6508,5426
6508,6965
6508,3513
6508,4894
6509,8162
6509,2119
6509,8233
6509,6895
6509,433
6509,5300
6509,6911
6510,448
6510,6432
6510,6851
6510,8071
6510,5419
6510,2317
6510,4601
6510,3887
6510,977
6510,8532
6510,4730
6510,2713
6510,7226
6510,924
6511,32
6511,7746
6511,1380
6511,5644
6511,5101
6511,689
6511,1111
6511,2781
6512,4713
6512,3308
6512,865
6512,4719
6513,7330
6513,2626
6513,6807
6513,2186
6513,2891
6513,5164
6513,4494
6513,8208
6513,5887
6513,2167
6513,153
6513,1791
6514,2817
6514,4578
6514,2563
6514,802
6514,4069
6514,6694
6514,1711
6514,5240
6514,6105
6514,4990
6515,476
6515,9635
6515,6364
6515,1821
6516,2436
6516,5509
6516,58
6516,1191
6516,1031
6516,5288
6516,6065
6516,189
6516,2010
6516,3003
6516,9372
6516,765
6517,2176
6517,7138
6517,4566
6517,1052
6517,7103
6518,5635
6519,7683
6519,6506
6519,1627
6519,4333
6520,488
6520,1709
6520,8628
6520,7095
6520,3550
6521,5059
6521,9733
6521,3441
6521,7736
6521,5437
6522,4256
6522,3041
6522,197
6522,5477
6522,8810
6522,8241
6522,4241
6522,3635
6522,1300
6522,3036
6522,6269
6523,6530
6523,9091
6523,5618
6523,5722
6523,7743
6524,9081
6524,573
6526,897
6526,530
6526,6995
6526,6328
6526,3963
6526,6143
6527,6851
6527,7853
6527,4031
6528,1057
6529,5962
6529,2963
6529,7386
6529,8699
6529,9468
6530,3131
6531,7554
6531,4859
6531,8495
6531,9343
6532,5671
6532,7817
6532,6059
6532,4716
6532,4975
6532,303
6532,7857
6532,7708
6533,3557
6533,2248
6533,1353
6533,6097
6533,3315
6533,6163
6533,311
6534,3907
6534,4742
6534,9512
6534,5001
6534,2635
6534,9485
6534,8240
6534,114
6534,8790
6534,4087
6535,6305
6535,7397
6535,3177
6535,1583
6535,5551
6535,7729
6535,5690
6536,3257
6536,8135
6537,579
6537,6084
6537,5158
6537,678
6537,9704
6537,2504
6537,6569
6537,5933
6537,6866
6537,3251
6537,4509
6537,9118
6538,457
6538,810
6538,5996
6538,9553
6538,9938
6538,2551
6538,8472
6538,5439
6539,355
6539,6249
6539,5290
6539,8493
6539,4941
6539,8821
6539,1401
6539,4222
6539,9183
6540,6400
6540,6025
6540,5240
6540,3320
6541,5824
6541,1867
6541,6493
6541,1455
6542,4401
6542,915
6543,3155
6543,6477
6543,7053
6544,5296
6544,5812
6544,9365
6544,3256
6545,4796
6545,1731
6545,1947
6545,8266
6545,5710
6545,6417
6545,1842
6545,1366
6545,4344
6545,5401
6545,9723
6545,9820
6545,1086
6545,4095
6547,3776
6547,4740
6547,4745
6547,1835
6547,8558
6547,8655
6547,6293
6547,5496
6547,7097
6547,7706
6547,7803
6548,5384
6548,2285
6548,8983
6548,4218
6548,9404
6549,2391
6550,3557
6550,4526
6551,3075
6551,5550
6551,3084
6551,3198
6552,483
6552,843
6552,9550
6552,4566
6552,1977
6552,602
6552,5375
6553,7369
6553,1667
6553,4949
6553,4703
6554,7267
6554,2535
6554,845
6554,8910
6554,3311
6554,1493
6554,1402
6555,9538
6555,1539
6555,7764
6555,3867
6555,9213
6556,5859
6556,4966
6556,7920
6556,5937
6556,8727
6557,4288
6557,6387
6557,7637
6557,6134
6557,9207
6558,3305
6558,977
6558,2802
6558,1078
6558,6328
6558,699
6559,1809
6559,9859
6559,7580
6559,4129
6560,480
6560,4
6560,3302
6560,6886
6560,8030
6560,6681
6560,7675
6560,7390
6561,5221
6561,3558
6561,5352
6561,7597
6561,8793
6562,8293
6562,198
6562,1616
6562,306
6562,4826
6562,5179
6563,6712
6563,7242
6563,7587
6563,8981
6564,6730
6564,4107
6564,4242
6564,1397
6564,7772
6564,1693
6565,7556
6565,9147
6565,293
6565,4972
6565,5886
6565,7416
6565,7515
6565,830
6566,2240
6566,6137
6566,259
6566,2761
6567,4888
6567,250
6567,9838
6567,9703
6568,3427
6568,487
6568,8271
6568,1712
6568,3152
6568,3379
6568,6966
6568,150
6568,8415
6569,5376
6569,2147
6570,9280
6570,353
6570,9858
6570,387
6570,9128
6570,6283
6570,6989
6570,1710
6570,3441
6571,8424
6571,7539
6571,7476
6571,8460
6572,8613
6572,1607
6572,2343
6572,7719
6572,812
6572,3214
6572,4757
6572,6362
6573,7329
6573,9474
6573,3715
6573,9924
6573,7330
6573,8137
6573,9195
6573,7853
6573,878
6573,1723
6573,3710
6574,3296
6575,8130
6575,1861
6575,2984
6575,3831
6575,9647
6575,8017
6575,1461
6575,2103
6575,3609
6575,8479
6576,1064
6576,6673
6576,8578
6576,2563
6577,7680
6577,5187
6577,1644
6577,1903
6577,1203
6577,9300
6577,4442
6578,3552
6578,3434
6578,5519
6580,6433
6580,8578
6580,836
6580,4329
6580,9580
6580,7151
6580,4030
6581,5824
6581,7840
6581,264
6581,6857
6581,4171
6581,780
6581,5455
6581,7706
6581,1715
6581,730
6582,5664
6582,4038
6582,7687
6582,9034
6582,6637
6582,1811
6582,4440
6582,286
6583,4657
6584,7425
6584,2760
6584,1804
6584,3440
6584,6898
6584,2229
6585,8864
6585,5254
6585,5518
6585,1584
6585,1072
6585,3927
6585,2712
6585,1500
6585,3839
6586,5664
6586,1137
6586,5007
6586,7815
6588,1780
6588,6407
6589,66
6589,7493
6589,9127
6589,1001
6589,5419
6589,942
6589,6773
6589,2173
6590,1223
6590,4959
6591,6592
6591,6987
6591,4017
6591,9265
6591,8690
6591,6451
6592,7163
6592,6504
6592,8649
6592,8980
6592,4629
6592,4058
6592,2843
6592,1308
6593,2787
6593,458
6593,8561
6593,5079
6593,2549
6593,4823
6593,9759
6594,6025
6594,8132
6594,1646
6594,7367
6595,7776
6595,2823
6595,7531
6595,6605
6595,3826
6595,8243
6595,3892
6595,1109
6596,7235
6596,9191
6596,3603
6596,5171
6596,6771
6596,6330
6597,1441
6597,34
6597,2981
6597,9512
6597,3881
6597,9641
6597,5581
6597,8790
6597,8569
6597,3739
6598,8312
6598,6205
6598,7229
6598,2271
6599,2440
6599,7465
6599,2283
6599,6788
6600,292
6600,5900
6600,1712
6600,6225
6600,2096
6600,1782
6600,253
6600,4383
6601,3464
6601,1870
6601,6069
6601,7546
6601,5019
6601,3293
6601,4478
6602,8900
6602,6246
6602,42
6602,3956
6602,7190
6602,7036
6602,1596
6603,497
6603,4668
6603,7629
6603,653
6604,4484
6604,7621
6604,5702
6604,3974
6604,683
6604,1165
6604,4335
6604,9553
6604,625
6604,697
6604,8538
6604,2205
6604,1535
6605,2124
6605,5496
6605,8473
6605,3132
6605,9405
6606,6176
6606,5849
6606,3915
6606,1885
6607,1562
6607,7837
6608,2278
6608,1352
6608,6920
6608,3657
6608,2037
6609,2242
6609,4232
6609,1482
6609,1359
6609,9943
6610,2531
6610,644
6610,7750
6610,3955
6610,6847
6612,4460
6613,9033
6613,3163
6613,2551
6615,8933
6615,6585
6615,4718
6615,6962
6615,7636
6615,697
6616,5698
6616,453
6616,5288
6616,8011
6616,4434
6616,3413
6616,5525
6616,2328
6617,6783
6618,9441
6618,8903
6618,4874
6618,1036
6618,6093
6618,9651
6618,4473
6619,2859
6619,5146
6619,5355
6619,6371
6620,3012
6620,3859
6620,6355
6620,9077
6620,694
6620,7388
6620,1598
6621,6338
6621,5188
6621,6116
6621,1257
6621,7467
6621,624
6621,8497
6621,3929
6621,3387
6621,8956
6621,4639
6622,6448
6622,3421
6623,7462
6623,7910
6623,5311
6624,8294
6624,2502
6624,3369
6624,7690
6624,3481
6624,240
6624,3314
6624,7676
6624,9717
6624,5497
6624,6684
6624,4031
6625,5187
6625,5163
6625,1708
6625,6911
6626,6178
6626,3206
6626,3442
6626,6621
6626,2623
6627,6308
6627,4740
6627,1349
6627,9961
6627,9710
6627,5680
6627,8624
6628,1889
6628,4772
6628,7112
6628,2378
6628,5260
6628,1855
6629,2049
6629,6436
6629,5765
6629,1797
6629,9573
6629,1030
6629,1640
6629,9579
6629,6222
6629,8977
6629,2257
6629,4819
6629,4055
6629,1146
6629,795
6629,6493
6629,8926
6630,7493
6630,2759
6630,7688
6630,2120
6630,4748
6630,9452
6630,9270
6630,1085
6631,7328
6631,5892
6631,7177
6631,8719
6631,9551
6632,5153
6632,3855
6633,9664
6633,4800
6633,8742
6633,1639
6633,8006
6633,8968
6633,5514
6633,3533
6633,1870
6633,5295
6633,6481
6633,4370
6633,371
6633,2260
6633,4723
6633,8151
6634,5432
6634,6820
6634,5549
6634,4717
6634,8307
6634,5523
6634,22
6634,8920
6634,6653
6634,574
6635,2347
6635,4275
6635,7611
6636,3489
6636,3814
6636,5002
6636,8015
6636,7857
6636,8823
6636,5437
6636,7071
6637,6657
6637,1282
6637,2503
6637,3853
6637,6510
6637,4280
6637,8894
6638,5824
6638,6338
6638,1698
6638,6692
6638,2792
6638,7437
6638,6130
6638,5689
6639,6497
6639,4674
6639,7047
6639,4156
6639,9206
6639,7484
6639,2332
6639,127
6640,5250
6640,6724
6640,6020
6640,8199
6640,2635
6640,9741
6640,7375
6640,3343
6640,639
6641,5472
6641,5696
6641,6595
6641,5351
6641,3946
6641,6539
6641,5421
6641,975
6641,8253
6641,702
6641,3391
6642,420
6642,2570
6642,3531
6642,1040
6642,6193
6642,4660
6642,3925
6643,1866
6643,3308
6643,9359
6644,8025
6644,8001
6644,1222
6644,3879
6644,9257
6644,5944
6644,8633
6645,3813
6645,8332
6645,301
6645,529
6645,855
6645,4127
6646,5979
6646,3172
6646,8592
6646,1107
6646,410
6646,7931
6646,2749
6647,3440
6647,9073
6647,4165
6647,102
6649,4802
6649,4325
6649,8648
6649,9711
6649,6650
6649,7350
6649,5495
6649,5242
6649,5213
6650,2311
6650,941
6650,727
6650,376
6650,9113
6650,573
6651,7768
6651,1348
6651,3686
6651,5495
6652,1477
6652,6759
6652,777
6652,2603
6652,3917
6652,271
6652,2999
6653,5154
6653,2758
6653,8297
6653,7595
6653,5004
6653,5681
6653,754
6653,2453
6654,2852
6654,3623
6654,4905
6654,3151
6654,1202
6654,9336
6655,464
6655,9682
6655,3991
6656,128
6656,3434
6656,8171
6656,8689
6656,2324
6656,1306
6656,2846
6657,352
6657,7187
6657,5484
6658,8192
6658,3394
6658,8707
6658,9478
6658,9990
6658,328
6658,185
6658,1501
6659,1697
6659,1002
6659,300
6659,3757
6659,6609
6660,1026
6660,5091
6660,7559
6660,787
6660,7670
6660,8639
6661,7609
6661,8266
6661,2205
6662,4611
6662,3369
6662,2601
6662,1292
6662,6028
6662,5484
6662,5103
6662,6428
6663,1442
6663,7561
6663,6698
6663,8272
6663,1846
6663,9279
6664,6052
6664,4485
6664,8071
6665,8584
6665,7401
6665,7433
6665,4908
6665,9489
6665,3188
6665,4919
6665,9213
6666,4708
6666,5896
6666,2985
6666,4012
6666,750
6666,4793
6666,4987
6667,5512
6667,4489
6667,5098
6667,76
6667,3052
6667,378
6667,5498
6668,5777
6668,2347
6668,7790
6669,4729
6669,1985
6669,6223
6670,9281
6670,2114
6670,2436
6670,487
6670,2894
6670,2228
6670,4989
6670,2622
6671,2560
6671,8069
6671,5542
6672,6049
6672,1030
6672,7981
6672,2865
6672,8693
6672,5783
6673,7840
6673,2820
6673,3460
6673,1166
6673,3186
6673,1975
6673,1565
6673,2367
6674,9700
6674,1640
6674,2634
6674,6508
6674,2765
6674,9073
6674,3025
6674,1304
6674,4156
6674,2622
6675,1517
6675,2349
6675,8845
6675,1841
6675,5111
6675,5400
6676,14
6676,243
6676,6358
6676,5787
6676,1150
6677,8288
6677,5424
6678,8674
6678,2437
6678,6503
6678,7527
6678,9451
6678,3344
6678,6934
6678,5211
6678,1662
6679,7538
6680,4160
6680,7781
6680,8808
6680,6414
6680,1520
6680,5457
6680,7506
6680,2101
6680,1848
6682,737
6682,7204
6682,1414
6682,6638
6682,3951
6682,1874
6682,5430
6682,4279
6682,5406
6683,7301
6683,9744
6683,1938
6683,6035
6683,5208
6683,1630
6684,850
6684,9107
6684,2233
6684,1054
6684,6271
6685,1400
6685,2225
6685,3244
6686,212
6687,4361
6687,4442
6687,5781
6687,8319
6688,2624
6688,8896
6688,1600
6688,806
6688,9772
6688,1362
6688,7570
6688,5910
6688,1530
6688,8764
6689,444
6689,852
6689,3846
6689,4799
6690,4385
6691,2585
6691,9691
6692,576
6692,7956
6692,365
6693,6971
6693,6916
6693,9124
6693,6536
6693,7211
6693,4751
6693,5839
6693,4945
6693,2386
6693,7091
6693,9168
6693,8951
6693,7193
6693,8955
6693,4764
6693,6717
6693,9919
6694,393
6694,2020
6694,4455
6695,28
6695,2356
6696,9481
6696,557
6696,7415
6696,5240
6696,7705
6697,5031
6697,8498
6697,4212
6697,6711
6697,5208
6697,4633
6698,7744
6698,9473
6698,8546
6698,7555
6698,2730
6698,974
6698,8752
6698,1075
6698,598
6699,6786
6699,4710
6699,6343
6699,3371
6699,876
6699,5555
6699,1975
6699,8377
6699,1531
6699,4478
6700,5234
6700,2749
6700,9223
6701,1889
6701,5090
6701,3
6701,5859
6701,2054
6701,486
6701,3532
6701,4563
6701,2004
6701,9620
6701,5721
6701,2110
6702,2800
6702,3748
6703,1412
6703,4556
6703,2678
6703,6616
6703,7453
6703,9884
6703,8829
6704,8394
6704,6093
6704,7726
6704,3189
6704,4285
6704,379
6704,9533
6705,4962
6705,5027
6705,4460
6705,8327
6706,8480
6706,7393
6706,7296
6706,3520
6707,320
6707,9089
6707,3936
6707,8334
6707,3376
6707,8945
6707,6776
6708,7328
6708,3075
6708,4708
6708,1161
6708,4916
6709,777
6709,3983
6709,2641
6709,8082
6709,9940
6710,6930
6710,5588
6710,790
6710,7291
6710,8381
6711,754
6712,8032
6712,7843
6712,4614
6712,2092
6712,1116
6713,4166
6713,6056
6713,1576
6713,3146
6713,6376
6713,7592
6713,6990
6713,8819
6713,3253
6713,6007
6713,2300
6713,1790
6714,4587
6714,3630
6714,4335
6714,9333
6714,6073
6715,6658
6715,292
6715,5350
6715,5136
6715,8017
6715,1138
6715,2515
6715,690
6715,5912
6715,1757
6715,5470
6716,5
6716,7783
6716,4011
6716,3630
6716,6225
6716,7478
6716,4408
6716,5978
6716,6491
6716,120
6716,2621
6717,8997
6717,4695
6717,8329
6717,4655
6717,7895
6717,2363
6717,4188
6717,4701
6718,6592
6718,6370
6718,3047
6718,1321
6718,1579
6718,5432
6718,5850
6718,1023
6719,2136
6719,6667
6719,1789
6719,6054
6720,7904
6720,9731
6720,6979
6720,2533
6720,2855
6720,3240
6720,14
6720,9809
6720,1043
6720,1786
6720,4027
6721,5270
6722,1451
6722,7884
6722,462
6722,7158
6723,837
6723,8102
6723,6472
6723,5385
6723,2665
6723,7665
6724,8801
6724,8614
6724,5484
6724,1942
6724,8187
6725,1127
6725,4840
6725,6025
6725,3725
6725,9403
6726,6848
6726,4
6726,8037
6726,5194
6726,147
6726,8404
6726,2328
6726,8761
6727,8642
6727,774
6727,1899
6727,652
6727,956
6727,8511
6728,4673
6728,6693
6728,42
6728,7595
6728,5004
6728,2095
6728,5845
6728,4989
6729,9483
6729,8540
6729,4517
6729,9703
6730,3429
6730,4485
6730,4424
6730,9288
6730,6253
6730,5714
6730,2037
6730,3478
6731,252
6731,4485
6732,4732
6732,4079
6732,1359
6732,6294
6732,6396
6733,6784
6733,3777
6733,2116
6733,5223
6733,2697
6733,5065
6733,9323
6733,2543
6733,9648
6733,6164
6733,7995
6733,4605
6735,7410
6736,805
6736,3848
6736,2831
6736,8656
6736,6170
6736,27
6737,3143
6737,6887
6737,7402
6737,8881
6737,1010
6737,379
6737,8349
6737,4927
6738,866
6738,2599
6738,135
6738,7016
6738,6189
6738,6926
6738,81
6738,8724
6738,6968
6738,3742
6739,5410
6739,8844
6739,4626
6739,8217
6739,7804
6739,190
6740,1952
6740,2912
6740,8133
6740,8046
6740,7504
6740,7856
6740,3095
6740,7321
6740,6619
6740,3039
6741,4132
6741,4006
6741,3028
6741,3285
6741,2653
6742,2766
6743,1697
6743,5892
6743,998
6743,3227
6743,5106
6743,7027
6743,9627
6744,1956
6744,1517
6744,2066
6744,6547
6744,2870
6744,6521
6744,959
6745,3945
6745,2475
6746,2048
6746,3361
6746,9124
6746,1252
6746,1928
6746,7259
6746,7662
6746,7920
6746,8571
6746,8692
6746,3355
6746,7293
6746,3295
6747,1867
6747,571
6747,9527
6748,8417
6748,7977
6748,3372
6748,8749
6748,6835
6748,4532
6748,6359
6749,4550
6749,6631
6749,4473
6749,335
6749,1263
6749,6872
6749,5657
6750,3513
6750,4521
6751,5548
6751,6446
6751,2734
6751,9233
6751,7539
6751,4857
6752,1540
6752,2118
6752,9704
6752,7354
6752,4010
6752,3477
6752,8119
6752,4345
6752,4186
6752,8603
6753,8272
6753,564
6754,3331
6754,1221
6754,1414
6754,935
6754,583
6754,7493
6754,6965
6754,6078
6755,8256
6755,3682
6755,236
6756,5313
6756,6367
6756,9411
6756,2467
6756,9669
6756,5634
6756,494
6756,2291
6756,9119
6756,1625
6756,3423
6757,5256
6757,35
6757,7552
6758,3394
6758,1381
6758,7243
6758,427
6758,971
6758,6606
6758,9688
6758,9240
6758,9272
6758,2941
6759,9025
6759,1347
6759,7203
6759,6632
6759,4330
6759,15
6759,2261
6759,7673
6759,7230
6759,2879
6760,3712
6760,610
6760,4979
6760,6647
6761,768
6761,5538
6761,8034
6761,2247
6761,2793
6761,2827
6761,7921
6762,2680
6762,8101
6762,7583
6763,8004
6763,6610
6763,4947
6763,4690
6763,7901
6764,3944
6764,954
6765,4416
6765,2913
6765,3521
6765,874
6765,7827
6765,8247
6765,7675
6766,8160
6766,1289
6766,7787
6766,4271
6766,5842
6766,7093
6766,4854
6766,9561
6766,6365
6766,1854
6767,3857
6767,7058
6767,3252
6767,9590
6768,9058
6768,2857
6768,7242
6768,5421
6768,4180
6768,5814
6768,5182
6768,761
6768,2395
6768,8540
6768,5757
6768,7710
6769,1813
6769,9683
6769,4661
6770,125
6770,3493
6770,3221
6770,2111
6771,7622
6771,3116
6771,2127
6771,7827
6771,93
6772,8003
6772,4336
6772,2642
6772,562
6772,8917
6772,6458
6773,8913
6773,1693
6774,949
6775,2713
6775,595
6775,4070
6776,2817
6776,7681
6776,9765
6776,8423
6776,1736
6776,2162
6777,7810
6777,5154
6777,6342
6777,8265
6777,7285
6777,4699
6777,5695
6778,5825
6778,14
6779,3680
6779,940
6779,5933
6779,366
6779,9262
6779,9273
6780,5067
6780,8363
6780,2909
6780,8077
6781,3784
6781,7248
6781,30
6781,903
6782,2944
6782,3939
6782,5700
6782,4004
6782,4070
6782,4036
6782,8778
6782,876
6782,8844
6782,7181
6782,9297
6782,7478
6782,8474
6782,5883
6783,5339
6783,477
6784,7232
6784,6433
6784,2528
6784,7974
6784,9543
6784,4940
6784,3981
6784,2264
6784,4668
6784,5822
6785,129
6785,5537
6785,3140
6785,359
6785,912
6785,2130
6785,6162
6785,89
6785,3610
6785,8572
6786,2361
6786,4127
6787,4363
6787,3180
6787,9934
6787,7950
6787,847
6787,6515
6787,7351
6787,2008
6787,6617
6787,6779
6787,9790
6787,1567
6788,6848
6788,4578
6788,43
6788,6640
6788,9680
6788,5811
6788,3254
6789,357
6789,613
6789,4269
6789,5005
6789,2901
6789,2360
6789,6521
6789,5980
6790,5920
6790,9696
6790,4400
6790,2297
6790,6715
6790,733
6791,6176
6791,678
6791,295
6791,797
6791,6333
6791,7679
6792,2624
6792,1029
6792,3687
6792,7755
6792,749
6792,1133
6792,7566
6792,7247
6792,1485
6792,6739
6792,5877
6792,825
6792,6653
6792,4062
6793,5314
6793,8901
6793,1958
6793,4200
6793,5644
6793,1360
6793,2801
6793,2994
6793,4501
6793,986
6793,4223
6794,9952
6794,4001
6794,6533
6794,9712
6794,5300
6795,7014
6795,1130
6795,1515
6795,7343
6795,2865
6795,5458
6795,1911
6795,4251
6795,158
6796,5369
6796,8936
6796,8649
6796,7310
6796,5362
6796,9075
6796,345
6796,7614
6797,6636
6797,6029
6797,1871
6797,8182
6797,4439
6797,2940
6798,4864
6798,5224
6798,9673
6798,7763
6798,6711
6798,1116
6798,766
6799,2882
6799,9972
6799,238
6800,634
6801,3232
6801,2272
6801,7650
6801,4679
6801,5550
6801,1454
6802,7288
6802,8857
6802,4484
6802,3351
6803,6693
6803,6577
6803,178
6803,5233
6803,6651
6803,3903
6804,2673
6804,5668
6804,7397
6804,9751
6805,3745
6805,567
6805,8934
6805,104
6805,1001
6805,1816
6805,4692
6805,2807
6805,4504
6805,3839
6806,5123
6806,6342
6806,468
6806,1718
6806,5624
6807,3679
6808,576
6808,1723
6809,3488
6809,8324
6809,5007
6809,3512
6809,7391
6810,8648
6810,849
6810,7378
6810,1587
6810,7708
6811,6256
6811,2721
6811,6984
6811,7296
6812,2372
6812,6857
6812,4339
6812,7994
6812,1307
6812,1053
6813,96
6813,909
6813,1396
6813,533
6813,7799
6813,8824
6813,9977
6814,4698
6814,6653
6815,65
6815,4203
6815,7694
6815,982
6815,8956
6815,7006
6816,3267
6816,5630
6816,2792
6816,1865
6816,3984
6816,7891
6816,2422
6816,7064
6816,4985
6816,2876
6816,7710
6816,4895
6817,3495
6817,7032
6817,6650
6817,6779
6817,5822
6818,4864
6818,3043
6818,6244
6820,73
6820,268
6820,655
6820,2869
6820,949
6820,9115
6820,4031
6821,1636
6821,3516
6821,3972
6821,9199
6822,642
6822,7048
6822,6071
6822,2556
6822,734
6822,2463
6823,7361
6823,2593
6823,7553
6823,457
6823,6638
6823,2448
6823,1686
6823,6744
6823,9017
6823,3387
6823,4287
6824,392
6824,8176
6824,500
6824,6902
6824,58
6824,1022
6825,3393
6825,1313
6825,2530
6825,7267
6825,7460
6825,8721
6826,2980
6826,1094
6826,4679
6826,10
6826,5291
6826,1711
6826,5361
6826,786
6827,78
6827,3643
6827,7379
6828,6146
6828,6597
6828,1831
6828,7594
6828,702
6828,6511
6828,917
6828,1179
6828,1694
6829,1056
6829,130
6829,6982
6829,8040
6829,2892
6829,5999
6829,8274
6829,6846
6829,639
6830,4992
6830,6209
6830,1638
6830,5544
6830,4494
6831,6465
6831,1604
6831,2727
6831,4753
6831,4087
6832,6433
6832,3718
6832,2163
6832,3158
6832,443
6834,2269
6834,6150
6835,897
6835,4451
6835,1988
6835,6276
6835,9652
6836,8554
6836,9228
6836,342
6837,5505
6837,6881
6837,65
6837,2663
6837,1388
6837,783
6837,6096
6837,2325
6837,8919
6837,7322
6838,3202
6839,89
6839,2796
6840,9569
6840,6567
6840,6188
6840,2093
6840,4398
6840,4446
6840,3359
6841,2953
6841,6943
6842,6054
6842,9289
6842,970
6842,236
6842,1901
6842,430
6842,2001
6842,1204
6842,8733
6843,1900
6843,6134
6843,1303
6843,2011
6843,5308
6844,6242
6844,2051
6844,7620
6844,9540
6844,3725
6844,9936
6844,9393
6844,9841
6844,5780
6844,5878
6844,4535
6844,1784
6844,4761
6844,6365
6845,6337
6845,3080
6845,8269
6845,3664
6845,2770
6845,8279
6846,5256
6846,276
6846,5782
6846,6967
6846,3832
6846,3254
6846,3262
6847,3043
6847,6566
6847,3279
6847,730
6847,4987
6848,4
6848,4618
6848,6762
6848,6254
6848,6132
6848,1173
6848,6397
6850,480
6850,3555
6850,2054
6850,1287
6850,7121
6850,3794
6851,7296
6851,5895
6851,4457
6851,9612
6851,2221
6851,8050
6851,183
6851,1272
6851,7450
6852,5893
6852,9094
6852,7112
6852,8013
6852,1648
6852,7803
6853,9922
6853,1769
6853,2731
6853,5068
6853,3214
6853,591
6853,977
6853,8594
6853,8498
6853,1330
6853,3259
6853,6524
6854,3077
6854,7112
6854,6607
6854,7794
6854,2997
6855,6049
6855,2095
6855,7410
6855,86
6855,4982
6855,6649
6856,1793
6856,1188
6856,4005
6856,9893
6856,6131
6856,116
6856,179
6856,8798
6857,7625
6857,2604
6857,1077
6857,9529
6857,826
6858,3330
6858,6156
6858,4479
6859,1126
6859,1862
6859,5357
6859,5143
6859,3517
6860,640
6860,4803
6860,5990
6860,4232
6860,9129
6860,5002
6860,5258
6860,6100
6860,6390
6860,9273
6860,7643
6860,2845
6861,3019
6861,4773
6861,582
6862,1073
6862,7398
6863,8035
6863,1251
6863,1989
6863,2087
6863,4967
6863,7272
6863,3600
6863,3315
6863,4660
6863,4823
6863,4831
6864,8353
6864,9444
6864,8430
6864,5719
6864,2970
6865,6177
6865,9498
6865,4881
6865,2478
6866,6048
6866,3939
6866,7844
6866,1576
6866,6431
6867,3299
6867,8593
6867,1233
6867,3189
6867,1461
6867,1401
6867,9311
6868,5287
6868,3882
6868,2635
6868,8015
6868,9876
6868,9623
6868,3934
6869,2178
6869,8419
6869,9252
6869,4456
6869,4936
6869,586
6869,331
6869,428
6869,8078
6869,6399
6870,9989
6870,1964
6870,4301
6870,7441
6870,8434
6870,8788
6870,6393
6870,154
6871,7206
6871,2471
6871,5198
6871,4816
6871,5969
6871,8242
6871,7602
6871,7250
6872,3296
6872,3143
6872,6122
6872,5420
6872,5549
6872,881
6872,6265
6873,8035
6873,5285
6873,8168
6873,6061
6873,8845
6873,8050
6873,8212
6873,7995
6873,6559
6874,115
6874,3042
6874,7451
6875,3349
6875,2575
6876,729
6876,1307
6876,1398
6876,9841
6877,1697
6877,4354
6877,7877
6877,4842
6877,1004
6877,1745
6877,5426
6877,950
6877,5243
6877,7613
6878,6786
6878,9860
6878,6469
6878,1863
6878,6909
6878,2826
6878,1453
6878,5711
6878,1521
6878,8024
6878,4093
6879,4128
6879,3617
6879,4194
6879,3001
6879,5882
6879,7675
6879,7007
6880,8000
6880,9282
6880,8996
6880,5477
6880,7110
6880,8998
6880,7944
6880,1317
6880,4974
6880,8210
6880,6424
6880,9243
6880,7199
6880,2110
6880,2847
6881,4902
6881,359
6881,9226
6881,1357
6881,719
6881,6388
6881,4309
6881,5241
6881,5531
6881,1917
6881,9951
6882,4033
6882,8301
6882,7854
6882,2164
6882,6393
6882,255
6883,6690
6883,7235
6883,2468
6883,1420
6883,2605
6883,5165
6883,4334
6883,2834
6883,2259
6883,9908
6883,7640
6883,1243
6883,2462
6884,3072
6884,6583
6885,2234
6885,9762
6886,2184
6886,1810
6886,3965
6887,4227
6887,6664
6887,5646
6887,5073
6887,6521
6887,1437
6888,3140
6888,2027
6888,848
6888,49
6888,370
6888,2385
6888,8178
6888,8565
6888,8187
6888,3356
6888,7901
6889,7553
6889,5251
6889,5799
6889,9550
6889,2837
6889,90
6889,7868
6890,290
6890,2058
6890,1868
6890,1199
6890,2643
6890,5786
6890,2525
6891,3904
6891,6162
6891,3347
6891,8067
6892,576
6892,8153
6892,154
6892,5884
6893,2477
6893,6534
6894,1346
6894,6563
6894,1064
6894,6351
6894,402
6894,2483
6895,6616
6895,6011
6895,1094
6896,6417
6896,6086
6897,8025
6897,4932
6897,7053
6897,5309
6898,9384
6898,3465
6898,1673
6898,6473
6898,5106
6899,8089
6899,6485
6900,8300
6900,9779
6900,4790
6900,1274
6900,8062
6901,9696
6901,8003
6901,6083
6901,5096
6901,2572
6901,8922
6901,5019
6902,356
6902,9764
6902,8135
6902,4169
6902,4426
6902,2893
6902,8110
6902,7510
6902,3702
6902,1080
6902,574
6903,1505
6903,8692
6904,1990
6904,5005
6904,4271
6904,2416
6904,7827
6904,6011
6905,5748
6905,1181
6906,1606
6906,7336
6906,5256
6906,9096
6906,75
6906,3981
6906,6990
6906,5976
6906,5756
6906,1949
6906,8415
6907,8773
6907,7914
6907,4459
6907,5740
6907,2187
6907,209
6907,8439
6907,6429
6909,3744
6909,1770
6909,945
6909,81
6909,6456
6910,6953
6910,8082
6911,4864
6911,1250
6911,5412
6911,3653
6911,7623
6911,1864
6911,841
6911,714
6911,6318
6911,8495
6911,6453
6911,5814
6911,6711
6912,354
6912,3810
6912,7685
6912,9446
6912,396
6912,3534
6912,6320
6912,4177
6912,7858
6912,7764
6912,4596
6913,2849
6913,2634
6913,9611
6913,8077
6913,2478
6913,3183
6913,5489
6913,9079
6913,5528
6914,8134
6914,5675
6914,3918
6914,9296
6914,6259
6914,468
6914,1942
6914,255
6915,1817
6915,5156
6915,5180
6916,8745
6916,1069
6916,7054
6916,7566
6916,1776
6917,5666
6917,5958
6917,2606
6917,9583
6917,8178
6917,4434
6918,4740
6918,4484
6918,3145
6918,7465
6918,8395
6918,7711
6918,5039
6918,9523
6918,5719
6918,985
6918,4511
6919,935
6919,2154
6919,5007
6919,8879
6919,2366
6920,7651
6920,4133
6920,8204
6920,2957
6920,5293
6920,880
6920,7572
6920,823
6920,9049
6920,1338
6920,3963
6921,1635
6921,1507
6921,4615
6921,4363
6921,7538
6921,476
6922,6914
6922,1860
6922,1543
6922,8393
6922,9673
6922,1833
6922,3413
6923,6983
6923,8299
6923,6796
6923,7568
6923,7729
6923,9938
6923,5397
6923,4984
6923,2425
6924,2392
6924,9012
6924,2573
6924,5638
6925,9232
6925,2633
6925,7707
6925,253
6926,3073
6926,6243
6926,293
6926,3014
6926,8714
6926,6738
6926,6035
6926,853
6927,738
6927,3720
6927,5931
6927,4247
6927,6330
6928,6816
6928,3233
6928,2340
6928,6025
6928,1098
6928,5673
6928,7953
6928,7416
6929,9048
6929,7644
6929,772
6929,2607
6930,1698
6930,1733
6930,9383
6930,5320
6930,3851
6930,2027
6930,310
6930,4314
6930,1438
6930,223
6931,4217
6931,5762
6931,8006
6931,1574
6931,3718
6931,4913
6931,6424
6931,6937
6931,5790
6932,2681
6932,245
6932,4454
6932,1719
6933,167
6933,2568
6933,3559
6933,8694
6933,6463
6934,1377
6934,6883
6934,3973
6934,9197
6934,6097
6934,5658
6934,309
6934,4567
6934,5818
6934,8797
6934,1790
6935,6656
6935,2112
6935,4610
6935,1801
6935,2857
6935,3087
6935,2800
6935,1620
6935,5498
6935,3611
6935,1596
6936,2786
6937,7840
6937,2498
6937,9765
6937,2439
6937,715
6937,9452
6937,1324
6937,1870
6937,4847
6937,8015
6937,2322
6937,6419
6937,4726
6937,5145
6937,7706
6937,3484
6937,8893
6937,3742
6938,3048
6938,2561
6938,2791
6939,2083
6939,6022
6939,7398
6939,6823
6939,7657
6939,2314
6939,5485
6939,4462
6939,4270
6939,7729
6939,4977
6939,8692
6939,1593
6940,1512
6940,900
6940,6244
6940,4398
6941,2455
6941,3849
6941,7690
6941,9100
6941,3536
6941,1489
6941,3634
6941,5809
6941,535
6941,7261
6942,2027
6942,5645
6942,5614
6942,9170
6942,3924
6942,6522
6942,3679
6943,1056
6943,1603
6943,751
6943,4660
6943,2583
6943,4377
6943,8986
6944,8416
6944,1826
6944,6153
6944,4945
6944,8604
6945,6880
6945,7207
6945,4938
6945,1195
6945,3647
6945,6832
6945,4403
6945,4762
6945,3962
6945,2267
6945,2398
6945,8031
6946,5219
6946,2043
6946,8392
6946,1485
6946,7485
6946,5617
6946,722
6946,6002
6946,4885
6946,987
6946,5116
6946,3517
6947,9920
6947,7651
6947,2637
6947,1712
6948,4130
6948,869
6948,7559
6948,5863
6948,935
6948,5392
6948,6420
6948,8629
6948,4826
6948,6397
6949,8264
6949,2394
6949,1776
6949,2975
6950,2368
6950,2053
6950,8230
6950,1479
6950,329
6950,2123
6950,5785
6950,1087
6951,3108
6951,9766
6951,3343
6951,1040
6951,9489
6951,8368
6951,1437
6952,581
6952,6085
6952,1577
6952,2574
6952,8086
6953,3584
6953,4281
6953,4456
6954,5734
6954,1196
6954,8301
6954,3218
6954,3422
6955,7713
6955,4270
6956,7778
6956,6598
6956,8761
6956,145
6956,7986
6956,1809
6956,2649
6957,928
6957,9734
6957,1800
6957,203
6957,4939
6957,6958
6957,4401
6957,242
6957,3350
6957,6266
6957,766
6958,8301
6958,9718
6959,8008
6959,4755
6959,2663
6959,7023
6960,7474
6961,4609
6961,3235
6961,4456
6961,4873
6961,278
6962,1984
6962,5634
6962,707
6962,6567
6962,4435
6962,6876
6963,7572
6963,6637
6963,6607
6964,6146
6964,6821
6964,8520
6964,5611
6964,6159
6964,7569
6964,5298
6964,2837
6965,3844
6965,1414
6965,415
6965,7626
6965,8170
6965,8683
6965,242
6965,473
6965,287
6966,7184
6966,9911
6967,8040
6967,60
6967,2448
6967,6298
6967,2204
6967,2015
6968,8106
6968,1678
6968,7542
6968,121
6968,7837
6968,6206
6969,9249
6969,260
6969,3493
6969,1576
6969,1097
6969,8012
6969,464
6969,338
6969,5428
6969,981
6969,726
6969,7414
6969,4411
6970,9602
6970,8708
6970,522
6970,7371
6970,7599
6970,6096
6970,5297
6970,7641
6970,2491
6971,8667
6972,8864
6972,4129
6972,2114
6972,1416
6972,6801
6972,1145
6973,1891
6974,4641
6974,4102
6974,4104
6974,7146
6974,7100
6974,2270
6975,504
6975,7076
6975,8548
6975,5191
6976,2277
6976,2081
6976,2032
6976,4501
6977,162
6977,6788
6977,229
6977,2890
6977,1747
6977,1594
6977,7740
6978,1063
6978,7464
6978,4270
6978,2803
6978,5717
6978,1461
6978,2231
6978,2584
6978,7418
6978,5112
6979,5284
6979,3078
6979,5894
6979,5095
6979,7849
6979,5387
6979,8396
6979,2126
6979,7218
6979,5651
6979,3670
6979,6967
6979,4412
6979,3613
6979,8415
6980,4259
6980,5739
6981,3606
6982,776
6982,4873
6982,1353
6982,8523
6982,7414
6982,5752
6982,5883
6983,0
6983,3718
6983,6887
6983,3662
6983,4272
6983,1499
6983,8440
6983,8027
6983,6558
6984,2
6984,7524
6984,7688
6984,791
6984,6543
6984,9328
6984,5271
6984,3614
6985,8736
6985,7395
6985,6983
6985,7727
6985,8087
6985,4923
6986,4260
6986,9513
6986,6379
6986,2733
6986,1134
6986,3889
6986,4467
6986,3738
6986,9948
6986,4413
6987,385
6987,1894
6987,8231
6987,7627
6987,2572
6987,1971
6987,7670
6987,8567
6988,4056
6988,4841
6988,7198
6989,3274
6989,3467
6989,2132
6990,2882
6990,5027
6990,7303
6990,2040
6990,4377
6990,8668
6991,1890
6991,5083
6991,8139
6991,6351
6992,2387
6992,2508
6992,4366
6993,2084
6993,2407
6993,7563
6993,2603
6993,1519
6993,6452
6993,3991
6993,4251
6993,8223
6994,7296
6994,4006
6994,3590
6994,5544
6994,8746
6994,8756
6994,2298
6994,7484
6994,3134
6994,6335
6995,6786
6995,361
6995,5554
6995,6909
6995,2430
6996,4067
6996,8996
6996,5285
6996,3524
6996,8647
6996,1257
6996,6731
6996,8652
6996,6481
6996,4018
6996,344
6996,4601
6996,3064
6997,1154
6997,6658
6997,6499
6997,1484
6997,6480
6997,7383
6997,7517
6998,5600
6998,5190
6998,582
6998,2633
6998,1836
6998,2192
6998,2993
6998,5237
6998,990
6999,4608
6999,6233
6999,8514
6999,2310
6999,5641
6999,5449
6999,2892
6999,7533
6999,9055
6999,3095
6999,3158
6999,1401
6999,7610
6999,1375
7000,3515
7000,2228
7001,7112
7001,3751
7001,5095
7002,3904
7002,2748
7002,8228
7002,7721
7002,375
7002,3066
7002,667
7002,2652
7003,8544
7003,6018
7003,7554
7003,836
7003,7814
7003,9703
7003,9902
7003,7219
7003,3258
7003,4796
7004,7635
7004,4078
7005,3816
7005,9533
7006,9889
7006,8132
7006,1546
7006,5304
7006,4185
7006,4634
7006,1724
7007,3154
7007,746
7007,9262
7008,837
7008,9479
7008,108
7008,2830
7008,2511
7008,1326
7008,6873
7008,762
7008,5179
7009,7649
7009,9224
7009,5290
7009,780
7009,8946
7009,5562
7009,6334
7009,6079
7010,4930
7010,2814
7010,6900
7010,1749
7010,8798
7010,6271
7011,7171
7011,5259
7011,3511
7012,5795
7012,776
7012,4619
7012,1397
7012,5916
7013,3649
7013,6821
7013,4518
7013,4250
7013,7185
7013,7290
7013,7291
7014,1972
7015,5505
7015,9270
7015,5279
7016,6401
7016,7049
7016,3276
7016,7630
7016,8207
7016,1072
7016,7249
7016,6994
7016,3070
7016,4728
7016,6366
7017,1354
7017,8811
7018,2019
7018,3523
7018,5286
7018,2129
7018,4631
7018,2072
7018,5242
7018,3613
7018,5118
7019,8323
7019,8709
7019,6313
7019,9386
7019,1901
7019,2523
7019,2875
7019,2941
7020,678
7020,9894
7020,7436
7020,8147
7020,4598
7020,3606
7020,7834
7020,1758
7020,6399
7021,1458
7021,4900
7021,1037
7022,1537
7022,9277
7022,2294
7022,9487
7023,1979
7023,589
7024,7145
7024,4726
7025,9380
7025,5630
7025,3111
7025,1967
7025,1490
7025,8440
7025,8538
7025,1502
7026,6049
7026,3501
7026,9518
7026,5911
7027,9093
7027,6559
7028,5217
7028,2498
7028,9123
7028,779
7028,6420
7028,9527
7028,344
7028,6649
7028,2269
7029,2465
7029,8227
7029,6501
7029,9651
7029,3423
7030,5283
7030,2404
7030,555
7030,8620
7030,5714
7030,755
7030,5555
7030,252
7030,7158
7030,2588
7030,7199
7031,989
7031,631
7031,9157
7031,4463
7032,7777
7032,5766
7032,6295
7033,2624
7033,7596
7033,7023
7033,4239
7033,3762
7033,2227
7034,1536
7034,4674
7034,6590
7035,6265
7036,6789
7036,9480
7036,5768
7036,4687
7036,3643
7036,1949
7036,445
7037,1858
7037,8581
7037,6889
7037,2089
7037,973
7037,9747
7037,3319
7037,697
7037,5916
7037,3165
7037,2430
7038,3336
7038,2266
7038,7070
7038,5639
7039,5441
7039,2595
7039,1801
7039,8689
7039,1751
7039,8734
7039,4671
7040,8039
7040,648
7040,3088
7040,1143
7040,3446
7040,8823
7040,6104
7040,2264
7041,9465
7041,2675
7041,3149
7041,3879
7042,3329
7042,3218
7042,5999
7043,8552
7043,9194
7043,3275
7043,5246
7043,9599
7045,3621
7045,7381
7045,455
7046,2627
7046,1002
7046,1176
7046,8217
7046,8317
7046,5886
7047,7272
7047,9649
7047,1578
7047,704
7048,8560
7048,4381
7048,4165
7048,622
7049,833
7049,7596
7049,1293
7049,6287
7049,5201
7049,4053
7049,2677
7049,378
7051,1792
7051,9001
7051,3898
7051,4821
7052,6506
7052,3292
7052,8158
7053,3424
7053,875
7053,4726
7054,2489
7054,2852
7054,2423
7055,3049
7055,7571
7055,8453
7055,8790
7056,770
7056,8646
7056,5807
7056,4049
7056,7222
7056,5597
7057,1538
7057,2053
7058,6221
7058,734
7058,845
7058,149
7058,8023
7058,606
7059,4928
7059,7620
7059,7400
7059,3722
7059,171
7059,3499
7060,4714
7060,4732
7060,1876
7061,258
7061,7015
7061,4013
7061,9905
7061,9940
7061,6140
7061,9213
7062,6371
7062,550
7062,6439
7062,5382
7062,2185
7062,9839
7062,1265
7062,4085
7062,4350
7063,6650
7063,7790
7063,3463
7064,5066
7064,5036
7064,3483
7064,3002
7064,987
7064,8062
7065,6571
7065,717
7065,6864
7065,6930
7065,7572
7065,4950
7066,4416
7066,8323
7066,3783
7066,3852
7066,6681
7066,4414
7067,1165
7068,6149
7068,8052
7068,1077
7068,7032
7068,5309
7069,9441
7069,6628
7069,4649
7069,5872
7069,6800
7069,1010
7069,3063
7069,1306
7069,1271
7070,6336
7070,2499
7070,7461
7070,4229
7070,2407
7070,9808
7071,3717
7071,8429
7071,3664
7071,7572
7071,1077
7071,4182
7071,2200
7071,2041
7071,5404
7073,4577
7073,2722
7073,2211
7073,8200
7073,8715
7073,5902
7073,4311
7074,2083
7074,8727
7074,6149
7074,9063
7074,8018
7074,5108
7074,471
7074,8735
7075,9864
7075,1321
7075,6092
7075,8945
7075,2674
7075,7188
7075,2936
7076,3489
7076,7426
7076,7828
7076,756
7077,8071
7078,8834
7078,6791
7078,6511
7078,4816
7078,5231
7078,439
7079,9777
7079,4458
7079,8242
7079,5698
7080,5507
7080,2248
7080,7049
7080,2442
7080,3851
7080,4429
7080,2129
7080,1077
7080,8022
7080,6837
7080,3195
7080,5117
7080,2302
7080,543
7081,832
7081,3297
7081,3717
7081,869
7081,6343
7081,1034
7081,2476
7081,7212
7081,2717
7082,4640
7082,8325
7082,8550
7082,3239
7082,8075
7082,9265
7082,946
7082,2356
7082,7284
7082,7926
7082,2428
7082,9820
7083,7880
7083,4619
7083,7629
7083,8159
7084,3875
7084,6692
7084,5287
7084,9962
7084,7755
7084,7660
7084,2833
7084,2449
7084,9077
7084,9911
7084,4953
7084,5147
7084,3262
7085,3807
7085,5924
7085,5702
7085,3735
7086,5283
7086,4612
7086,1284
7086,8360
7086,6514
7086,3539
7086,4020
7086,252
7086,4406
7086,9212
7087,8408
7087,3372
7087,3711
7088,7011
7088,2532
7088,4294
7088,1254
7088,4554
7088,1802
7088,6935
7088,9485
7088,586
7088,8426
7088,7377
7088,2324
7088,695
7088,5016
7089,4810
7089,3892
7089,9581
7089,7278
7090,359
7090,5548
7090,6935
7090,2584
7090,7583
7091,2497
7091,809
7091,3020
7091,3120
7091,1680
7091,7327
7092,8053
7092,5988
7092,4181
7092,8545
7093,8257
7093,2566
7093,647
7093,7814
7093,74
7093,9995
7093,848
7093,351
7094,8772
7094,1886
7094,9367
7095,7579
7095,9694
7096,2
7096,2755
7096,8958
7096,142
7096,3573
7096,3900
7096,5374
7097,6789
7097,5734
7097,2897
7097,7926
7097,6010
7098,5891
7098,628
7098,1663
7099,9828
7099,5582
7099,3953
7099,6193
7099,6837
7099,1785
7100,2475
7100,1501
7101,9288
7101,7994
7101,5973
7101,6935
7102,1793
7102,1059
7102,1637
7102,6601
7102,8233
7102,7386
7102,8847
7102,9073
7102,2097
7102,6963
7102,9910
7102,7546
7103,7179
7103,2549
7103,9255
7104,9312
7104,9938
7104,4786
7104,5948
7104,4511
7105,5001
7105,9866
7105,5508
7105,3605
7106,5920
7106,608
7106,7367
7106,2320
7106,3929
7106,7898
7107,6213
7107,5511
7107,4394
7107,780
7107,3248
7107,5105
7107,8121
7107,1594
7108,1537
7108,6405
7108,7305
7108,8495
7108,2608
7108,8784
7108,2460
7108,2623
7109,3937
7109,483
7109,2948
7109,7621
7109,8625
7110,3489
7110,8437
7110,2663
7111,4167
7111,7305
7111,5772
7111,7088
7111,4733
7112,9124
7112,8741
7112,9669
7112,9227
7112,3277
7112,2449
7112,1618
7112,1206
7112,470
7112,507
7112,2813
7113,2370
7113,8744
7113,815
7113,2832
7113,3738
7113,1851
7114,3777
7114,2662
7114,1803
7114,5901
7114,8558
7114,9998
7114,6513
7114,5841
7114,7985
7114,5720
7115,7939
7115,8111
7115,816
7115,3924
7115,8821
7116,4377
7116,3601
7116,921
7116,5438
7116,2687
7117,5090
7117,7683
7117,2979
7117,5571
7117,1146
7117,5648
7117,3701
7117,373
7117,7320
7117,3706
7117,8027
7117,223
7118,3152
7118,1078
7119,8449
7119,7425
7119,2115
7119,7617
7119,2362
7119,7321
7119,8730
7119,7676
7119,6142
7120,7273
7120,1999
7120,981
7120,7095
7121,6464
7121,1570
7121,8068
7121,2887
7121,5319
7121,3656
7121,6701
7121,6639
7121,7184
7121,1497
7121,1562
7122,1582
7122,4479
7123,1859
7124,3793
7124,9010
7124,1135
7125,6545
7125,198
7126,104
7126,3189
7126,8461
7126,8350
7127,3176
7127,1997
7127,4725
7127,6006
7127,9751
7127,1341
7127,6207
7128,9549
7128,2481
7128,1654
7128,731
7128,6143
7129,8309
7129,4495
7130,8816
7130,3443
7130,9991
7131,6465
7131,4258
7131,2947
7131,266
7131,4278
7132,8742
7132,1416
7132,3280
7132,7958
7132,5271
7132,7903
7134,2152
7134,3499
7134,5406
7135,1990
7135,5640
7135,4777
7135,6932
7135,7899
7135,3132
7136,714
7136,8211
7136,9365
7136,4607
7137,5937
7137,7114
7137,1814
7137,2591
7138,8896
7138,6689
7138,743
7138,6155
7138,9100
7138,6545
7138,9170
7138,9843
7138,3860
7138,2674
7138,7037
7138,5886
7138,5119
7139,7051
7139,2001
7139,5563
7139,9046
7139,3419
7139,7931
7140,2888
7140,726
7140,4027
7140,8252
7140,5535
7141,5704
7141,1231
7141,2896
7141,2482
7141,8149
7141,2396
7142,9446
7142,4488
7142,297
7142,689
7142,8818
7142,5301
7143,7314
7143,3318
7143,4438
7143,8303
7144,7044
7144,462
7144,8143
7144,9263
7144,8624
7144,4663
7144,252
7145,6016
7145,9060
7145,4775
7145,4460
7145,6861
7145,1680
7145,7474
7145,4987
7146,2792
7146,6889
7146,1347
7146,6091
7147,6945
7147,8578
7147,7750
7147,2505
7147,2602
7147,1483
7147,3055
7147,4436
7147,3863
7147,8505
7148,921
7148,5445
7148,8789
7148,9094
7149,5188
7149,103
7149,9359
7149,1330
7149,852
7149,7991
7149,5501
7150,4928
7150,8197
7150,5
7150,4520
7150,7933
7150,4079
7150,2864
7150,2644
7150,6038
7150,4634
7150,9438
7150,8030
7151,1689
7151,8402
7151,2875
7151,6125
7153,2169
7153,1158
7153,842
7153,9708
7153,7022
7153,4880
7153,7007
7153,953
7153,6523
7153,31
7154,4352
7154,478
7154,4075
7154,3406
7154,431
7154,5999
7154,3375
7154,7667
7154,4309
7154,4473
7154,1309
7154,1598
7155,8002
7155,8123
7155,7593
7155,8173
7155,817
7155,1138
7155,5653
7155,5717
7155,9531
7156,7682
7156,6795
7156,8691
7156,6259
7156,9148
7156,7679
7157,5946
7158,161
7158,4356
7158,8360
7158,2701
7158,4046
7158,3055
7158,7603
7158,3572
7158,7859
7159,6350
7159,2117
7159,2853
7159,1110
7160,5803
7160,716
7160,8948
7160,8436
7160,1973
7160,3255
7160,1528
7160,6234
7160,4862
7161,9632
7161,8320
7161,8384
7161,6250
7161,4042
7161,5234
7161,9048
7161,1502
7162,8353
7162,6273
7162,5025
7162,7554
7163,32
7163,5505
7163,7715
7163,2544
7163,5424
7163,7127
7163,8667
7163,4700
7163,7582
7164,5761
7164,8552
7164,843
7164,9421
7164,2194
7164,892
7165,7857
7165,5539
7165,5637
7166,3909
7166,2635
7166,1260
7166,4654
7166,6671
7166,4239
7166,3024
7166,9650
7166,5818
7167,9248
7167,2225
7167,4836
7167,6805
7168,6928
7168,43
7168,5164
7169,3723
7169,652
7169,9326
7169,1906
7169,8789
7169,8697
7170,4402
7170,1821
7170,8639
7171,3341
7172,160
7172,1025
7172,3587
7172,3274
7172,814
7172,7281
7172,6129
7172,8657
7172,61
7173,512
7173,2754
7173,2508
7173,4334
7173,8463
7173,633
7173,253
7173,7386
7173,1725
7173,8415
7174,5591
7174,7875
7174,3604
7174,7628
7175,3499
7175,941
7177,4208
7177,3122
7177,2259
7177,3658
7179,4728
7179,6049
7179,4988
7179,4781
7180,7285
7180,8750
7180,9703
7181,4198
7181,6962
7181,6552
7181,5785
7181,190
7181,6686
7182,3816
7182,3443
7182,7667
7182,8631
7182,6303
7183,7074
7183,8883
7183,8311
7183,7471
7184,338
7184,3142
7185,1186
7185,6189
7185,4150
7186,2757
7186,5524
7186,3702
7186,5975
7186,1814
7186,8094
7187,2824
7187,9257
7187,4187
7187,4219
7187,9678
7187,2738
7187,410
7187,5371
7187,9727
7188,6273
7188,6615
7188,1959
7188,750
7188,9844
7188,1079
7188,506
7188,9723
7188,4158
7188,6239
7189,7040
7189,6820
7189,5448
7189,9353
7189,5547
7189,7019
7189,9488
7189,1910
7189,3487
7190,4260
7190,1167
7190,624
7190,3089
7190,5107
7191,6469
7191,6694
7191,4875
7191,5870
7191,9488
7191,7826
7191,4373
7191,407
7191,5242
7191,7995
7192,5619
7192,9612
7192,3221
7192,9158
7193,3616
7194,5763
7194,7622
7194,2314
7194,4811
7194,1516
7194,5165
7194,6548
7194,7289
7195,1029
7195,3208
7195,5704
7195,335
7195,950
7195,7420
7196,6048
7196,6723
7196,6916
7196,1319
7196,7657
7196,587
7196,9331
7196,404
7196,4116
7196,922
7196,1660
7197,8175
7197,1200
7197,7380
7197,7382
7197,8253
7198,4709
7198,8743
7198,4269
7198,9936
7198,2161
7198,4240
7198,2259
7198,213
7198,3609
7199,68
7199,5317
7199,487
7199,8424
7199,9930
7199,109
7199,527
7199,3376
7199,113
7199,1715
7199,7574
7199,8824
7199,9049
7199,2045
7199,6526
7199,6847
7200,5512
7200,180
7200,3102
7200,2095
7201,1878
7201,3014
7201,2438
7202,2585
7202,2250
7202,3206
7203,2147
7203,8443
7203,1908
7204,5032
7204,458
7204,332
7204,8592
7204,1785
7205,1313
7205,4774
7205,2861
7205,3470
7205,115
7205,4790
7205,5976
7205,4287
7206,6150
7206,8200
7206,1259
7206,3564
7206,1772
7206,850
7206,5119
7207,5026
7207,1574
7207,9479
7207,873
7207,1968
7207,5011
7207,8954
7208,2375
7208,9800
7208,7660
7208,2413
7208,4527
7208,3000
7208,8730
7209,1004
7209,2449
7209,1428
7209,7765
7209,6906
7209,3644
7210,7975
7210,9391
7210,2418
7210,6582
7210,1341
7211,5152
7211,2852
7211,7045
7211,4590
7211,6382
7211,4015
7211,3599
7211,6990
7211,5656
7211,4474
7211,2814
7211,8863
7212,9377
7212,9766
7212,8199
7212,8842
7212,5419
7212,3920
7212,51
7212,2837
7212,2965
7212,4601
7213,387
7213,1741
7213,1710
7213,7855
7213,9396
7213,6423
7214,962
7214,4611
7214,5156
7214,6021
7214,4040
7214,7819
7214,1582
7214,1272
7214,9754
7215,9628
7215,4318
7216,802
7216,2533
7216,7080
7216,4939
7216,4112
7216,3573
7216,7835
7216,5052
7217,3981
7217,143
7217,5466
7217,4475
7217,7805
7218,34
7218,419
7219,820
7220,5775
7221,8755
7221,3051
7221,2437
7222,6688
7222,4181
7222,3231
7223,5988
7223,2949
7223,1338
7223,146
7223,4405
7223,4119
7223,6649
7223,5754
7223,92
7224,8677
7224,6310
7224,1706
7224,462
7224,175
7224,8752
7224,1427
7224,6132
7224,2646
7224,1783
7224,7512
7224,4508
7224,1756
7225,2042
7225,582
7225,5608
7225,9806
7225,4406
7225,5176
7225,4826
7226,2812
7226,4101
7227,8857
7228,4804
7228,7524
7228,7878
7228,5006
7228,5939
7228,1334
7228,7544
7228,4826
7228,8987
7228,2847
7229,9344
7229,6371
7229,7624
7229,8523
7229,3633
7229,1657
7230,8342
7230,6429
7230,6062
7232,2820
7232,8107
7232,5132
7232,9555
7232,4820
7232,792
7232,4284
7232,4543
7233,5153
7233,5987
7233,3684
7233,5359
7233,3729
7233,7089
7233,4307
7233,7898
7234,8903
7234,5326
7234,7120
7234,3828
7234,2104
7234,5660
7235,3625
7235,5452
7235,1933
7235,8724
7235,8821
7235,9913
7236,256
7236,1660
7236,6354
7236,8668
7236,927
7237,8640
7237,324
7237,7078
7237,9641
7237,5427
7237,2324
7237,315
7237,7036
7237,4319
7238,961
7238,3318
7239,1793
7239,2786
7239,7747
7239,2851
7239,7335
7239,7242
7239,1996
7239,6575
7239,8405
7239,408
7239,3583
7240,749
7241,5825
7241,2055
7241,3851
7241,2866
7241,7163
7242,7648
7242,1057
7242,2051
7242,871
7242,8202
7242,4237
7242,5871
7242,6932
7242,1657
7243,2150
7243,5800
7243,3217
7243,824
7243,4825
7244,7394
7244,3909
7244,4838
7244,4645
7244,3432
7244,1739
7244,6677
7244,7510
7244,6389
7244,4885
7244,1787
7245,3976
7245,3626
7245,4748
7245,173
7245,750
7245,945
7245,1715
7245,788
7246,7447
7247,1280
7247,260
7247,3557
7247,4332
7247,6157
7247,8272
7247,6866
7247,5139
7247,6296
7247,8989
7247,2974
7247,9919
7248,2624
7248,2112
7248,488
7248,9616
7248,7575
7249,1060
7249,7756
7249,6606
7249,1008
7249,1906
7249,3988
7249,5400
7250,9491
7250,4036
7250,5277
7250,927
7251,6696
7251,4284
7251,4430
7252,8215
7252,5767
7253,8006
7253,8043
7253,557
7253,2383
7253,6832
7253,4305
7253,113
7253,9598
7254,4835
7254,8227
7254,7911
7254,3981
7254,3950
7255,1783
7255,1652
7255,830
7255,1799
7256,3556
7256,8073
7256,1868
7256,6642
7256,8314
7256,3068
7257,1536
7258,131
7258,2666
7258,9323
7258,3150
7258,5936
7258,2993
7258,210
7258,4019
7258,3829
7258,566
7258,1079
7258,6588
7258,4862
7259,4193
7259,338
7259,9657
7259,4860
7259,7773
7260,8530
7260,708
7260,740
7260,9750
7261,1665
7261,6242
7261,4585
7261,1996
7261,8654
7261,8337
7261,4632
7261,153
7261,7482
7261,9915
7261,7517
7262,7239
7262,8423
7262,632
7262,1581
7262,9685
7262,7672
7262,7993
7263,8370
7263,2772
7264,8352
7264,9445
7264,4774
7264,3110
7264,5
7264,8937
7264,9739
7264,8749
7264,6165
7264,3358
7265,361
7265,2314
7265,5518
7265,6590
7266,8043
7266,5839
7266,7247
7266,4084
7266,4567
7266,3034
7267,3492
7267,8070
7267,2457
7267,2380
7267,6768
7267,6617
7268,3715
7268,5124
7268,7431
7268,4045
7268,9709
7269,7737
7269,4739
7269,7788
7269,7740
7270,1027
7270,3158
7270,2751
7271,3304
7271,1777
7271,7351
7272,5120
7272,1534
7272,5832
7272,9068
7272,7566
7272,9331
7272,5085
7272,6494
7272,4735
7273,8755
7273,811
7273,1323
7274,6178
7274,5834
7274,2605
7274,110
7274,2768
7274,2481
7274,6577
7274,3315
7274,6356
7274,4917
7274,1850
7274,92
7275,4993
7275,2660
7275,2469
7275,6151
7275,874
7275,4715
7275,7800
7276,5505
7276,5348
7276,3908
7276,326
7276,2041
7277,2946
7277,9251
7277,3299
7277,3464
7277,8237
7277,4143
7277,8499
7277,3711
7278,7872
7278,8001
7278,7723
7278,9805
7278,2000
7278,7701
7278,5982
7279,7203
7279,7876
7279,3086
7280,5155
7280,1494
7280,9494
7280,2169
7280,9946
7280,7834
7280,1788
7280,5407
7281,1450
7281,5636
7282,4729
7282,5793
7282,6518
7282,6391
7283,9644
7283,1390
7283,3886
7283,1487
7283,2833
7285,5842
7285,8119
7286,7336
7286,9674
7286,2314
7286,1325
7286,9939
7286,8830
7287,1937
7287,8756
7287,8262
7287,6639
7288,4744
7288,9611
7288,7676
7288,1508
7289,536
7290,5879
7290,7695
7290,4720
7290,6098
7290,2485
7290,9623
7290,8568
7290,4763
7291,3721
7291,3316
7291,4077
7291,7597
7292,1797
7292,1958
7292,710
7292,7817
7292,8330
7292,5707
7292,7020
7292,7822
7292,4116
7292,5341
7292,574
7293,1225
7293,753
7293,1385
7294,8256
7294,6499
7294,1643
7294,4972
7294,7310
7294,7568
7294,9456
7294,5946
7294,7100
7294,5021
7295,1539
7295,5416
7295,7920
7295,7698
7295,8470
7295,4570
7295,7420
7296,1797
7296,8008
7296,3434
7296,4427
7296,4431
7296,5887
7296,8628
7296,9204
7296,118
7296,6813
7296,7679
7297,674
7297,7785
7297,6349
7297,8661
7297,2838
7297,150
7297,442
7298,2298
7298,6962
7299,3106
7299,8296
7299,4363
7299,7791
7299,7316
7299,884
7299,9564
7299,7135
7299,4764
7299,6303
7300,4871
7300,4748
7300,5906
7300,7198
7300,5631
7301,4899
7301,3814
7301,5607
7301,3244
7301,845
7301,8014
7301,752
7301,6196
7301,9269
7301,3924
7301,8409
7301,1275
7302,675
7302,7036
7302,4717
7302,7711
7303,6682
7303,6635
7303,492
7304,2504
7304,610
7304,7068
7304,1494
7305,8512
7305,8646
7305,5264
7305,8756
7305,1720
7305,9661
7306,6498
7306,5221
7306,4725
7306,2008
7306,7483
7307,9916
7307,6980
7307,389
7307,9372
7307,6686
7308,834
7308,517
7309,7111
7309,4936
7309,7756
7309,1230
7309,5455
7309,8018
7309,9304
7309,826
7309,1852
7310,8868
7310,4965
7310,5960
7310,2121
7310,4012
7310,5805
7310,8757
7310,6326
7310,3929
7311,2178
7311,324
7311,9641
7311,1751
7311,3049
7311,8794
7311,7831
7311,7383
7312,4869
7312,214
7312,9881
7312,91
7312,6300
7313,3552
7313,7392
7313,9155
7313,2503
7313,4329
7313,8335
7313,1360
7313,2737
7313,3282
7313,2778
7314,8810
7314,318
7315,8225
7315,1330
7315,3995
7315,4791
7316,1305
7316,3316
7316,3638
7317,3062
7318,7024
7319,4458
7319,4267
7319,3085
7319,6831
7319,18
7319,5429
7319,8181
7319,3130
7319,9118
7321,4384
7321,6251
7321,7964
7322,3595
7322,3540
7322,9853
7322,165
7324,6721
7324,7782
7324,7590
7324,7626
7324,1943
7324,4754
7324,4695
7324,6301
7324,7390
7325,2244
7325,4998
7325,5767
7325,871
7325,8393
7325,9963
7325,7725
7325,2254
7325,6837
7325,8631
7325,9273
7326,6036
7326,7484
7326,7293
7327,9956
7327,3564
7327,5868
7327,240
7327,5109
7328,4480
7328,6308
7329,4370
7329,5707
7330,865
7330,8369
7330,6246
7332,2052
7332,2022
7332,7272
7332,7407
7332,4222
7333,7169
7333,8131
7333,5067
7333,3152
7333,4030
7333,7230
7333,3291
7333,6046
7334,5192
7334,6051
7335,2268
7335,2428
7336,9168
7336,2027
7336,3223
7336,2071
7337,6752
7337,1507
7337,5457
7337,9494
7337,2654
7338,6585
7338,7994
7338,8889
7338,2599
7339,6470
7340,800
7340,8254
7340,3101
7340,3518
7340,5983
7341,4011
7341,1043
7341,3126
7341,3928
7341,4121
7341,8186
7341,7771
7341,1820
7341,2431
7342,4616
7342,6318
7342,5330
7342,5302
7342,8119
7342,1951
7343,3530
7343,4791
7344,3595
7344,8644
7345,3506
7345,2573
7345,765
7345,6062
7346,5465
7346,4575
7346,9893
7346,2871
7347,3719
7347,7721
7347,9485
7347,1232
7347,3410
7347,5242
7347,6079
7348,608
7348,4355
7349,2402
7349,3399
7349,299
7349,3186
7349,8499
7349,4661
7349,1338
7349,6075
7350,6243
7350,9873
7350,9275
7350,1244
7350,1021
7351,2560
7351,4997
7351,5262
7351,1044
7351,2905
7351,2555
7351,7484
7351,4893
7352,5632
7352,8515
7352,7979
7352,211
7353,5537
7353,2436
7353,3562
7353,4973
7353,5551
7353,9554
7353,3187
7353,3059
7353,697
7353,4029
7353,6169
7354,7090
7354,2419
7354,47
7355,1201
7355,4476
7355,2841
7356,4071
7356,5323
7356,1422
7356,211
7356,2751
7357,2496
7357,5869
7357,4206
7357,4912
7357,824
7357,7931
7358,3972
7358,7410
7358,1234
7358,3769
7358,3067
7358,863
7359,4608
7360,3456
7360,7489
7360,8232
7360,7209
7360,5065
7360,6100
7360,8152
7360,7832
7361,2598
7361,2794
7361,2894
7361,9327
7361,8434
7361,4531
7361,7453
7362,4519
7362,231
7362,1295
7362,6867
7362,3316
7362,1622
7362,9914
7363,5
7363,1830
7363,6890
7363,7052
7363,8525
7363,9679
7363,4595
7363,3260
7363,5502
7364,6553
7365,3639
7366,7555
7366,6215
7366,592
7366,9076
7366,6516
7366,3028
7366,5912
7366,4025
7367,865
7367,1090
7367,2630
7367,1513
7367,1003
7367,1775
7367,1522
7367,4978
7367,5779
7367,1621
7367,8883
7367,9533
7368,9720
7368,3776
7368,1728
7368,3375
7369,2064
7369,8694
7370,645
7370,2662
7370,8550
7370,8842
7370,9648
7370,4752
7370,2870
7370,9431
7371,7236
7371,8989
7371,5773
7371,575
7371,559
7371,5839
7371,2429
7371,9759
7372,4897
7372,2498
7372,8711
7372,8264
7372,655
7372,4759
7372,7581
7372,7518
7373,5217
7373,1925
7373,9862
7373,3467
7373,7629
7373,9488
7373,6293
7373,7805
7374,6947
7375,2912
7375,6788
7375,1114
7375,7206
7375,4589
7375,6477
7375,6671
7375,2103
7375,8794
7375,8413
7376,5568
7376,9377
7376,9921
7376,5541
7376,6117
7376,6599
7376,5289
7376,3083
7376,5423
7376,5776
7376,154
7377,1387
7377,2155
7377,373
7377,3574
7377,2359
7377,2333
7378,6692
7378,2599
7378,6984
7378,6888
7378,9683
7378,4663
7379,5506
7379,3747
7379,7108
7379,8727
7379,9706
7379,9076
7379,3479
7380,3113
7380,4109
7380,5085
7380,1330
7380,6739
7380,2199
7380,7900
7380,3677
7380,3903
7381,6817
7381,2180
7381,7497
7381,7373
7381,3069
7382,1592
7383,7977
7383,6355
7383,3887
7383,2343
7384,6083
7384,9668
7384,5929
7384,5066
7384,9581
7384,6131
7385,3777
7385,5379
7385,9357
7385,6031
7385,2319
7385,7411
7385,8661
7385,533
7385,8857
7385,3836
7385,670
7386,5058
7386,2023
7386,6697
7386,3313
7386,6002
7386,7793
7386,8953
7386,509
7387,9249
7387,5027
7387,3107
7387,3622
7387,6824
7387,5296
7387,7414
7387,9149
7388,6232
7388,6410
7388,7549
7389,2641
7389,5665
7389,285
7389,8039
7390,6680
7390,6884
7390,7598
7390,8814
7391,3700
7391,6245
7391,9055
7392,8834
7392,2165
7392,4279
7393,1987
7393,9065
7393,714
7393,7500
7393,3184
7393,721
7393,6641
7393,5049
7393,5567
7394,113
7394,7116
7394,8013
7394,1628
7395,9666
7395,8578
7395,4488
7395,7829
7395,4091
7396,8897
7396,3589
7396,1009
7396,6673
7396,6456
7396,9179
7396,92
7396,5822
7397,4544
7397,7202
7397,355
7397,899
7397,7357
7398,7816
7398,7080
7398,8120
7399,2976
7399,5583
7399,7695
7399,8789
7399,183
7399,4539
7400,2216
7400,3305
7400,618
7400,3339
7400,5977
7401,2112
7401,481
7401,7752
7401,3273
7401,6571
7401,3629
7401,7375
7401,2639
7401,1620
7401,8858
7401,6363
7401,2524
7401,2717
7402,3876
7402,8967
7402,615
7402,2249
7402,11
7402,9168
7402,6099
7402,8819
7402,3000
7402,1660
7403,7041
7403,9050
7403,8238
7403,3215
7404,1861
7404,8197
7404,2215
7404,2356
7404,6522
7404,735
7405,994
7405,6590
7405,7974
7405,5736
7405,9897
7405,1483
7405,972
7405,5007
7405,6268
7405,5501
7405,3038
7406,1570
7406,2675
7406,5796
7407,1344
7407,1889
7407,6329
7407,1287
7407,776
7407,2299
7407,6866
7407,1593
7407,9499
7408,9121
7408,2146
7408,2052
7408,5832
7408,5041
7408,6612
7408,1850
7408,284
7408,1503
7410,6146
7410,7555
7410,7044
7410,805
7410,2374
7410,2986
7410,9907
7410,6582
7410,5369
7410,3802
7410,27
7410,2973
7411,3968
7411,2526
7411,2566
7411,3976
7411,9995
7411,4300
7411,8492
7411,1996
7411,6942
7411,4535
7411,440
7411,5470
7412,6456
7412,5146
7412,5543
7413,6496
7413,4991
7414,8641
7414,7714
7414,9795
7414,2888
7414,2633
7414,9997
7414,2606
7414,2256
7414,665
7414,8796
7414,7549
7415,6469
7415,2367
7415,6566
7415,4008
7415,5933
7415,5006
7415,8270
7415,9983
7416,3587
7416,7210
7416,1171
7416,4535
7416,7479
7417,8896
7417,7578
7417,8758
7417,8624
7418,9280
7418,262
7418,488
7418,4456
7418,9290
7418,3629
7418,4525
7418,3509
7418,2904
7418,3516
7418,3452
7418,2174
7419,7616
7419,4193
7419,5170
7420,2117
7420,7849
7420,4718
7420,2482
7420,1205
7420,3964
7420,6749
7421,4457
7421,4369
7421,2321
7421,2355
7421,5274
7422,5954
7422,9587
7422,7859
7422,3829
7422,9501
7422,926
7423,5953
7423,3336
7423,3374
7423,2865
7423,7960
7424,3714
7424,9738
7424,7567
7424,726
7424,8797
7424,2239
7425,7338
7426,6984
7426,8817
7426,7603
7427,7898
7427,2135
7428,6033
7428,5780
7428,4374
7428,9238
7428,4984
7428,4761
7428,5277
7429,2595
7429,9349
7429,7463
7429,8746
7429,8298
7429,8985
7429,3452
7430,2432
7430,6242
7430,7652
7430,1702
7430,1318
7430,4652
7430,8109
7430,8787
7430,8437
7431,1600
7431,9634
7431,8613
7431,2374
7431,8071
7431,5640
7431,7049
7431,4168
7431,8277
7431,3990
7431,569
7431,1179
7431,1214
7431,1405
7431,2014
7432,8322
7432,1355
7432,8248
7432,410
7432,7356
7432,3679
7433,8868
7433,4304
7433,1272
7433,2330
7433,2459
7434,70
7434,3558
7434,6247
7434,3782
7434,7186
7434,3671
7435,472
7435,784
7435,4862
7436,9512
7436,905
7436,1194
7436,7213
7436,9588
7437,2345
7437,4557
7437,4527
7437,8403
7437,3288
7437,828
7437,7997
7438,545
7438,2661
7438,231
7438,8872
7438,6311
7438,3531
7438,8460
7438,3291
7439,9705
7439,1929
7439,7351
7439,888
7439,4575
7440,7098
7440,711
7441,8155
7441,4537
7441,9196
7441,1497
7441,7739
7442,7616
7442,1576
7442,6175
7442,8565
7442,8341
7442,5911
7442,7708
7442,3839
7443,1537
7443,5146
7443,7208
7443,5227
7443,9423
7443,6609
7443,1461
7443,3226
7443,8318
7444,9773
7444,8497
7444,7858
7444,4468
7444,4254
7445,7012
7445,9990
7445,7920
7445,8434
7445,413
7446,8164
7446,4101
7446,8551
7446,3918
7446,8594
7446,5022
7446,1812
7446,7061
7446,6514
7446,6679
7446,6366
7447,3655
7447,4747
7447,7838
7447,3853
7447,7092
7447,9182
7448,5952
7448,1444
7449,8736
7449,4552
7449,3881
7449,7371
7449,6289
7449,2430
7450,6532
7450,8973
7450,3155
7450,7318
7450,2457
7450,2490
7450,5181
7450,8382
7451,3546
7451,6314
7451,7102
7452,4928
7452,643
7452,7844
7452,261
7452,3400
7452,14
7452,4465
7452,441
7452,2909
7453,771
7453,1383
7453,4011
7453,4785
7453,502
7453,891
7454,4540
7455,3129
7455,1069
7455,5879
7456,2944
7456,9675
7456,7563
7456,5039
7456,5176
7456,8636
7457,6981
7457,38
7457,6952
7457,7700
7457,4154
7458,2464
7458,4
7458,8421
7458,3960
7458,3550
7458,2719
7459,1978
7459,2369
7459,4548
7459,4485
7459,9638
7459,2379
7459,4236
7459,7469
7459,7056
7459,4819
7459,6519
7459,2713
7459,1239
7459,831
7460,2761
7460,3306
7460,4549
7460,2615
7461,5184
7461,1059
7461,8708
7461,2661
7461,806
7461,9899
7461,7627
7461,7598
7461,7054
7461,6800
7461,2655
7461,2040
7461,2617
7461,8026
7461,1211
7461,703
7462,3906
7462,7176
7462,6025
7462,7242
7462,9805
7462,6334
7462,6015
7463,435
7464,5906
7465,2882
7465,877
7465,562
7465,8372
7465,8155
7466,5537
7466,902
7466,2023
7466,3272
7466,9302
7466,7869
7466,638
7467,3569
7467,7491
7468,6560
7468,865
7468,2530
7468,4842
7469,3969
7469,6597
7469,4101
7469,9192
7469,4361
7469,9354
7469,4331
7469,6572
7469,7853
7469,1675
7469,3471
7469,5776
7469,1906
7470,6114
7470,3492
7470,3959
7471,4388
7471,5611
7471,749
7471,9361
7471,9268
7471,2324
7471,4508
7471,3677
7472,8872
7472,4033
7472,2925
7472,8902
7473,3179
7473,1298
7473,9588
7473,3544
7473,5022
7475,6402
7475,1237
7475,7775
7476,2246
7476,5351
7477,6316
7478,2255
7478,464
7478,6161
7478,2965
7478,1084
7478,3326
7479,3033
7480,7548
7480,2279
7481,5221
7481,5991
7481,1804
7481,1454
7481,1685
7482,2273
7482,3362
7482,5222
7482,4264
7482,2026
7482,1936
7482,7284
7482,9719
7482,2939
7482,6591
7483,4644
7483,5797
7483,2184
7483,1864
7483,8910
7483,6480
7483,4209
7483,8850
7483,5236
7483,2421
7483,1109
7484,9769
7484,5002
7484,2123
7484,6543
7484,3387
7484,2589
7484,8575
7485,9025
7485,258
7485,1643
7485,946
7485,9719
7486,928
7486,4969
7486,2702
7486,5140
7486,3259
7486,2429
7487,8018
7487,6907
7487,2975
7489,9705
7489,3226
7489,1943
7490,4100
7490,5574
7490,5678
7490,7471
7490,8186
7492,2592
7492,3556
7492,583
7492,4104
7492,4713
7492,2858
7492,8810
7492,2537
7492,6352
7492,8593
7492,6997
7492,9590
7492,8317
7492,5048
7492,1373
7493,4515
7493,1054
7494,2089
7495,3297
7495,2914
7495,4804
7495,165
7495,9162
7495,1579
7495,5971
7495,3509
7495,2134
7495,6810
7495,9179
7495,3134
7496,1908
7496,815
7496,7262
7496,6455
7497,579
7497,5669
7497,6633
7497,2731
7497,4144
7497,5395
7497,9363
7497,5687
7497,6074
7497,1660
7497,1759
7498,6466
7498,196
7498,2887
7498,682
7498,5040
7498,2256
7498,2864
7498,7667
7498,9367
7498,6681
7499,409
7499,852
7500,3846
7501,4960
7501,7201
7501,6972
7501,3116
7501,3021
7501,6317
7501,4621
7501,4156
7501,3920
7501,6391
7501,953
7501,8121
7501,988
7501,9790
7502,7040
7502,4716
7502,5286
7502,9103
7503,7394
7503,6790
7503,8912
7503,7091
7503,3764
7503,5816
7503,2522
7503,990
7504,1507
7504,1864
7504,875
7504,300
7504,8981
7504,7516
7505,3232
7505,9452
7505,1229
7505,6224
7505,5558
7506,3712
7506,7780
7506,7623
7506,1640
7506,9241
7506,6011
7506,2301
7507,5056
7507,3685
7507,9125
7507,6098
7507,8883
7507,6238
7508,4608
7508,1537
7508,4228
7508,8039
7508,3986
7508,7127
7508,9111
7509,5280
7509,3648
7509,8866
7509,6983
7509,7208
7509,5390
7509,2895
7509,815
7509,5302
7509,1111
7509,2108
7510,4122
7510,1476
7510,8264
7510,9707
7510,8940
7510,2829
7510,5487
7510,7024
7510,821
7510,1463
7510,4057
7510,9210
7510,1916
7511,1601
7511,3716
7511,9842
7511,8755
7511,4668
7511,9917
7511,9310
7512,1377
7512,7687
7512,9135
7512,7449
7512,3514
7513,8676
7513,7559
7513,6672
7513,7697
7513,3098
7513,3099
7514,4058
7514,487
7514,9737
7514,8873
7514,3529
7514,8403
7514,7636
7514,6587
7514,2938
7514,6875
7514,8959
7515,8769
7515,993
7515,6088
7515,4330
7515,6858
7515,1173
7515,2967
7516,8262
7516,6437
7516,1606
7516,9825
7517,5920
7517,4898
7517,732
7517,5539
7517,647
7517,4841
7517,427
7517,6156
7517,6108
7517,1879
7517,8284
7517,2033
7517,2674
7517,7990
7517,4215
7517,8918
7517,410
7517,220
7518,3040
7518,4003
7518,8186
7518,542
7518,8863
7519,4704
7519,4643
7519,1509
7519,8390
7519,2623
7520,7274
7521,528
7521,8498
7521,2596
7521,7213
7522,2688
7522,4480
7522,9414
7522,1527
7523,3969
7523,5125
7523,4712
7523,4404
7523,853
7523,1016
7523,1595
7524,6857
7524,3540
7524,2549
7524,1113
7524,1951
7525,7975
7525,4330
7525,6158
7525,4175
7525,3860
7525,6269
7526,518
7526,295
7526,8
7526,1545
7526,2024
7526,653
7526,624
7526,4343
7526,1466
7526,6974
7527,3233
7527,8556
7527,846
7527,2414
7527,2673
7527,6545
7528,1061
7528,1223
7528,2996
7528,4277
7528,4860
7528,8638
7529,6880
7529,13
7529,3895
7530,8230
7530,210
7530,1988
7530,9262
7531,5787
7532,5473
7532,4962
7532,7171
7532,6730
7532,587
7532,7538
7532,4636
7532,5631
7533,1827
7533,7717
7533,2310
7533,85
7533,5308
7534,1280
7534,7785
7534,2894
7534,2543
7534,5823
7534,6228
7534,1621
7534,8980
7534,5503
7535,6371
7535,6662
7535,337
7535,18
7535,8728
7536,4482
7536,6504
7536,8
7536,6193
7536,5395
7537,804
7537,4297
7537,5262
7537,4079
7537,3248
7537,1297
7537,9781
7537,9790
7538,4376
7538,4858
7538,7088
7539,3851
7539,4451
7539,9133
7539,2390
7540,668
7540,549
7540,3816
7540,5096
7540,844
7540,2220
7540,5626
7540,7899
7540,7964
7540,8797
7541,6920
7541,366
7541,7439
7542,873
7542,2354
7542,7225
7543,1827
7543,8821
7544,1600
7544,8644
7544,4359
7544,6088
7544,75
7544,5294
7544,4399
7544,6768
7544,1262
7544,985
7544,2587
7545,5155
7545,4387
7545,3267
7545,3111
7546,7747
7546,7619
7546,1610
7546,5995
7546,143
7546,7827
7546,182
7546,3831
7546,7066
7546,2301
7546,9086
7546,1567
7547,4994
7547,8357
7547,8358
7547,8009
7547,4078
7547,1072
7547,3350
7547,1239
7547,8632
7548,2027
7548,4542
7549,9120
7549,9701
7549,6870
7549,5849
7549,2971
7549,5247
7550,3302
7550,3676
7550,6581
7550,5718
7551,5952
7551,5761
7551,1739
7551,7438
7551,3089
7551,1782
7551,887
7551,9757
7552,4961
7552,5478
7552,9544
7552,4553
7552,6157
7552,5999
7552,1328
7553,440
7553,3929
7553,4011
7554,9058
7554,9389
7554,9935
7554,4464
7554,4434
7554,9432
7554,5308
7554,7708
7554,5694
7554,9311
7555,3334
7555,3368
7555,9931
7555,2669
7555,6579
7556,1218
7556,3061
7557,8099
7557,2027
7557,3221
7557,920
7557,8219
7558,7538
7558,5243
7558,166
7558,7879
7559,2128
7559,1780
7559,9885
7560,2234
7560,6554
7560,6340
7560,1098
7561,6624
7561,8331
7561,2510
7561,5330
7561,5427
7561,5557
7561,218
7561,5630
7562,3521
7562,4259
7562,745
7562,5834
7562,2284
7562,7583
7563,1028
7563,4676
7563,3786
7563,7344
7563,2291
7563,8627
7563,3253
7563,923
7563,8319
7564,2916
7564,7909
7564,7916
7564,4239
7564,1264
7564,7055
7564,6994
7564,4755
7564,6490
7564,1405
7564,4638
7564,191
7565,6976
7565,5079
7566,8380
7566,7581
7566,7438
7566,2647
7567,5858
7567,3330
7567,6499
7567,9257
7567,4809
7567,5452
7567,5613
7567,909
7567,8751
7567,4845
7567,4275
7567,2326
7567,4797
7567,7742
7568,4320
7568,5758
7569,8613
7569,5413
7569,710
7569,5191
7569,2330
7569,3918
7569,984
7569,634
7570,9025
7570,1089
7570,4355
7570,4164
7570,739
7570,5154
7570,542
7570,4776
7570,8687
7570,16
7570,4180
7570,9526
7570,472
7570,7006
7571,8599
7571,6454
7571,4247
7572,3496
7572,4067
7572,7276
7573,5160
7573,1997
7573,8625
7573,3058
7573,9460
7573,1909
7573,7190
7574,2200
7574,2410
7574,4412
7574,4702
7575,7746
7576,1851
7576,2383
7577,865
7577,3044
7577,2342
7577,6215
7577,2474
7577,9100
7577,5743
7577,1907
7577,1814
7577,8694
7577,9272
7577,1369
7577,5338
7578,3618
7579,2856
7579,1164
7579,1965
7579,9872
7579,2102
7579,4122
7579,8604
7579,8413
7580,3616
7580,4773
7580,5864
7580,1357
7580,303
7580,6679
7580,4505
7581,7655
7581,4649
7581,4873
7581,5801
7581,2029
7581,3730
7581,2675
7581,4793
7582,3909
7582,7014
7582,9713
7582,5371
7582,5535
7583,1600
7583,8289
7583,2095
7583,6161
7583,3155
7583,8568
7583,7290
7583,4223
7584,9792
7584,7425
7584,8228
7584,9605
7584,198
7584,6537
7584,4335
7585,2273
7585,9885
7585,4424
7585,1676
7585,4243
7585,5309
7585,9214
7586,3459
7586,7721
7586,3823
7586,4697
7586,8346
7586,5949
7587,250
7587,8629
7588,7104
7588,1313
7588,5860
7588,5386
7588,364
7588,3119
7588,4371
7588,2356
7588,2425
7589,1912
7589,889
7589,5877
7590,8195
7590,7685
7590,8423
7590,7211
7590,9790
7590,6271
7591,5185
7591,570
7591,7334
7591,3646
7592,7811
7592,7973
7592,4997
7592,1286
7592,4040
7592,6298
7592,8202
7592,9994
7592,7083
7592,660
7592,312
7592,8634
7592,2749
7593,8707
7593,2980
7593,5092
7593,5129
7593,7274
7593,6110
7593,5983
7594,4642
7594,2507
7594,5964
7594,8913
7594,3990
7594,5211
7594,7518
7594,8223
7595,7582
7595,6879
7596,7906
7596,4772
7596,2213
7596,8617
7596,8681
7596,6667
7596,2831
7596,7896
7596,9018
7596,8029
7597,7584
7597,290
7597,3527
7597,5352
7597,6697
7597,8239
7597,1359
7597,7347
7597,563
7597,9558
7597,3099
7597,8701
7598,347
7598,8573
7599,199
7599,713
7599,1931
7599,1580
7599,3436
7599,6702
7599,2641
7600,1576
7600,806
7600,5065
7600,4334
7601,6090
7602,1168
7602,517
7603,579
7603,4679
7603,6773
7603,2006
7603,3958
7603,1528
7603,3324
7603,6270
7605,3841
7605,7715
7605,1380
7605,9741
7605,7822
7605,5492
7605,7449
7605,7547
7605,4318
7606,3393
7606,3043
7606,8133
7606,4134
7606,9097
7606,2475
7606,2510
7606,3663
7606,2772
7606,6069
7606,8631
7606,6680
7606,4439
7607,4066
7607,5860
7607,1421
7607,9590
7607,7898
7607,412
7607,4285
7607,2751
7608,8363
7608,7501
7609,7367
7609,7689
7609,2265
7609,1210
7609,2203
7610,5368
7610,3585
7610,3843
7610,261
7610,3949
7610,6000
7610,9681
7610,535
7610,6584
7610,4570
7610,5371
7611,9795
7611,829
7611,4525
7611,7054
7611,5267
7611,3219
7611,3159
7611,8349
7612,1161
7612,4271
7612,7228
7612,6071
7613,8994
7613,7203
7613,6371
7613,5700
7613,1193
7613,7087
7613,913
7613,87
7613,2970
7614,7393
7614,5121
7614,8427
7614,5804
7614,1837
7614,8080
7614,8144
7614,8309
7614,862
7615,9120
7615,471
7615,2659
7615,2468
7615,4935
7615,6761
7615,5642
7615,9962
7615,3981
7615,2642
7615,5363
7615,9908
7615,3606
7615,503
7615,3355
7615,318
7616,8671
7616,4475
7616,8439
7617,2843
7617,2628
7617,5988
7617,3014
7617,1736
7617,7690
7617,972
7617,5389
7617,6801
7617,1651
7617,5493
7617,3579
7617,5529
7617,4123
7618,7168
7618,3233
7618,9708
7618,9167
7618,4656
7618,5426
7618,1074
7618,8084
7618,2143
7618,9305
7618,2942
7618,7007
7619,580
7619,6981
7619,1604
7619,8234
7619,4625
7619,2610
7619,3644
7619,511
7620,4603
7620,332
7620,2253
7620,774
7621,8609
7621,6242
7621,3331
7621,4516
7621,3725
7621,1103
7621,1807
7621,5810
7621,7383
7621,409
7622,7938
7622,4122
7622,3753
7622,6475
7622,1804
7622,5426
7622,8312
7622,9434
7622,8127
7623,4921
7623,7425
7623,6659
7623,3639
7624,9568
7624,8518
7624,2259
7624,5050
7624,1467
7625,578
7625,7875
7625,3476
7625,1204
7625,3327
7626,4122
7626,2267
7627,3954
7627,7868
7627,869
7627,6687
7628,6114
7628,1124
7628,8806
7628,2325
7628,8537
7628,8924
7629,1602
7629,7781
7629,1735
7629,8781
7629,8696
7629,5658
7630,5417
7631,9893
7631,553
7631,1327
7631,7504
7631,5488
7631,5266
7631,5655
7631,8537
7631,5885
7633,1248
7633,2439
7633,2129
7633,9074
7633,7254
7634,8225
7634,3233
7634,3753
7634,8823
7634,1784
7634,3327
7635,2978
7635,770
7635,8546
7635,1893
7635,940
7635,7919
7635,5054
7635,2008
7635,286
7636,7000
7636,4844
7637,1383
7637,4744
7637,4011
7637,150
7637,7896
7638,1349
7638,8199
7638,9736
7638,588
7638,7569
7638,6867
7638,5940
7638,4345
7638,3835
7638,5341
7639,7690
7639,7751
7640,3620
7640,8741
7640,1609
7640,7467
7640,6861
7640,7821
7641,8917
7641,6855
7642,6633
7642,7274
7642,3884
7642,1612
7642,3026
7643,1093
7643,6120
7643,2413
7643,2576
7643,6834
7643,2429
7643,671
7644,2915
7644,8740
7644,969
7644,5173
7644,4277
7644,1944
7644,6073
7645,6505
7645,4818
7645,3189
7645,4503
7645,8184
7645,6460
7646,989
7646,2555
7646,6948
7646,6957
7647,620
7648,241
7649,2488
7649,8242
7649,3299
7649,7676
7650,489
7650,3817
7650,1354
7650,2736
7650,948
7650,4252
7650,3517
7651,3586
7651,3657
7651,1166
7651,9970
7651,87
7651,6137
7651,3613
7651,2686
7652,8001
7652,9640
7652,6254
7652,4053
7652,7638
7653,4769
7653,1700
7653,9993
7653,8591
7653,4849
7653,281
7653,4410
7653,3903
7654,5088
7654,5742
7654,8497
7654,3674
7654,7419
7654,6045
7655,2528
7655,1376
7655,1923
7655,5416
7655,3149
7655,9712
7655,4213
7655,5055
7656,2052
7656,6212
7656,1830
7656,4507
7656,8765
7657,5873
7657,10
7657,9782
7657,5161
7658,4800
7658,9187
7658,573
7658,2628
7658,6441
7658,1044
7658,246
7658,2583
7658,5309
7659,4419
7659,8420
7659,102
7659,6376
7659,8783
7659,886
7659,2326
7659,9662
7660,6410
7660,1711
7660,1424
7660,3379
7660,471
7660,3738
7660,8351
7661,2473
7661,4333
7661,8078
7661,1663
7662,9031
7662,9418
7662,627
7662,3763
7662,1338
7663,9529
7663,498
7663,2062
7664,6712
7664,3099
7665,2753
7665,2823
7666,9956
7666,7815
7666,3335
7666,8607
7666,4973
7666,690
7666,4633
7666,2174
7666,895
7667,6338
7667,5802
7667,5165
7667,9939
7667,3223
7668,5698
7668,9414
7668,3500
7668,3440
7668,3412
7668,5974
7668,567
7669,6993
7669,3678
7670,5473
7670,9660
7670,8699
7670,8572
7670,2557
7671,3207
7671,7851
7671,750
7671,2064
7671,5972
7671,2235
7671,9372
7671,5503
7672,2304
7672,1157
7672,5832
7672,3375
7672,2960
7672,4379
7672,9756
7673,8160
7673,777
7673,4042
7673,9461
7673,8887
7675,8930
7675,1157
7675,3335
7675,4111
7675,4278
7675,3575
7675,1753
7675,2175
7676,5896
7676,8184
7676,576
7676,4709
7677,4739
7677,6815
7678,1827
7678,3843
7678,9643
7678,5461
7678,4632
7679,4304
7679,3522
7679,3965
7679,1622
7680,8338
7680,4956
7680,2422
7681,7809
7681,9799
7681,5494
7681,1629
7681,5247
7682,602
7682,5405
7683,6629
7683,910
7683,4943
7683,7569
7683,6098
7683,9876
7684,7452
7684,4814
7684,1095
7685,707
7685,8355
7685,2344
7685,7505
7685,7763
7685,1780
7685,3156
7685,7447
7685,1499
7686,7906
7686,3718
7686,4474
7686,6287
7687,1187
7687,3303
7687,7401
7687,8682
7687,7164
7687,2958
7687,693
7687,7799
7687,5946
7687,4923
7687,7260
7687,638
7687,3519
7688,3335
7689,7905
7689,6114
7689,6018
7689,8114
7689,1141
7689,2807
7690,9184
7690,4544
7690,5538
7690,5539
7690,7842
7690,7010
7690,7467
7690,4843
7690,1390
7690,5653
7690,7898
7690,2973
7691,4998
7691,1740
7691,5169
7691,7862
7691,8086
7691,6619
7692,3841
7692,2594
7692,1190
7692,5832
7692,5902
7692,4157
7693,2912
7693,6688
7693,7779
7693,3590
7693,4494
7693,2127
7693,4309
7694,1
7694,3786
7695,4739
7695,4233
7695,687
7695,180
7695,4378
7695,4923
7696,6592
7696,3840
7696,1961
7696,5002
7696,4141
7697,9537
7697,1095
7697,878
7697,2390
7697,4310
7697,8188
7698,3040
7698,6212
7698,7694
7698,7247
7698,3795
7698,6260
7698,884
7699,8129
7699,4487
7699,7784
7699,1419
7699,1995
7699,3182
7699,1076
7699,3773
7699,1406
7700,7521
7700,5794
7700,66
7700,3660
7700,4750
7700,7631
7701,962
7701,9286
7701,231
7701,8046
7701,4278
7701,5978
7702,3298
7702,2691
7702,5574
7702,8970
7702,7658
7702,5839
7702,5040
7702,1681
7702,6801
7702,4086
7702,8703
7703,6235
7703,7252
7703,2287
7704,4145
7704,8417
7704,7364
7704,6845
7705,8679
7705,6312
7705,3627
7705,5716
7705,9013
7705,4886
7705,5783
7705,2234
7705,8862
7706,1281
7706,5498
7707,1420
7707,7829
7707,9942
7708,161
7708,2018
7708,1729
7708,6372
7708,8964
7708,9009
7709,6818
7709,2058
7709,8111
7709,721
7709,5301
7709,7354
7709,2973
7710,3017
7710,5235
7710,86
7711,1512
7711,6153
7711,524
7711,2416
7711,8630
7711,4760
7711,6779
7711,5885
7712,7073
7712,8459
7712,7228
7712,3045
7713,1272
7713,3794
7713,6210
7713,5533
7714,3748
7714,8237
7714,3182
7714,1042
7714,2269
7714,8190
7715,9539
7715,3003
7715,9142
7715,4311
7716,4355
7716,5838
7716,6480
7716,7536
7716,4442
7717,8275
7717,8997
7717,8359
7718,6123
7718,4365
7718,8326
7719,5124
7719,6762
7719,8109
7719,5166
7719,8814
7719,689
7719,9299
7719,9399
7719,2712
7720,4304
7720,5009
7721,5633
7721,517
7722,1090
7722,7075
7722,4678
7722,7559
7722,6029
7722,274
7722,3221
7723,178
7723,9810
7724,2267
7725,1824
7725,7920
7725,4915
7725,8213
7725,8825
7725,5051
7725,8955
7726,4385
7726,7410
7727,7473
7727,8787
7727,5590
7728,6401
7728,5954
7728,9640
7728,6125
7728,1454
7728,6960
7728,8179
7728,4983
7728,9662
7729,3449
7729,8778
7729,7150
7730,960
7730,1572
7730,357
7730,6027
7730,1708
7730,6064
7730,8917
7730,3482
7731,3906
7731,4578
7731,5573
7731,6473
7731,7500
7731,6734
7731,687
7731,9905
7731,7417
7731,7195
7732,5660
7733,8673
7733,1442
7733,2550
7733,3639
7733,667
7733,9087
7734,930
7734,1794
7734,7079
7734,3304
7734,7692
7734,8046
7734,3086
7734,8750
7734,7983
7734,3578
7735,4902
7735,455
7735,9162
7735,2718
7735,9072
7735,3029
7735,2390
7735,3863
7735,7034
7735,6622
7736,6531
7736,5222
7736,1320
7736,6729
7736,6315
7736,5389
7736,9710
7736,9456
7736,6258
7736,3454
7736,2495
7737,3166
7737,1767
7737,3983
7737,2841
7737,1277
7737,5145
7738,6560
7738,323
7738,1734
7738,1126
7738,2799
7738,2998
7738,9783
7739,8065
7739,6408
7739,972
7739,621
7739,2225
7739,7572
7739,4346
7739,2109
7740,7607
7740,9148
7740,7455
7741,2177
7741,7457
7741,3873
7741,8673
7741,4267
7741,780
7741,2256
7741,2454
7741,1532
7741,3741
7742,9729
7742,771
7742,5603
7742,1989
7742,2022
7742,9096
7742,7563
7742,2932
7742,5816
7742,1371
7743,1954
7743,1061
7743,8502
7744,8651
7744,693
7744,7738
7744,699
7744,6780
7745,384
7745,716
7745,8980
7745,1268
7745,8602
7745,4603
7746,4106
7746,7292
7746,8622
7747,3002
7747,7107
7747,6482
7747,4278
7747,536
7747,954
7747,8383
7749,5603
7749,6361
7749,7655
7749,1575
7749,2122
7749,6737
7749,3989
7749,6007
7749,1625
7749,7933
7749,889
7750,7723
7750,2267
7751,4865
7751,106
7751,6955
7751,5418
7751,2737
7751,8113
7751,6366
7752,1618
7753,6242
7753,3139
7753,8837
7753,3530
7753,7755
7753,6986
7753,3695
7753,6099
7753,5878
7753,8951
7753,6618
7753,1278
7754,1578
7754,3597
7754,365
7754,1807
7754,7117
7754,1938
7755,2528
7756,8071
7756,1005
7756,5238
7756,8665
7756,3739
7757,1113
7757,9515
7757,3357
7758,5254
7758,7110
7758,5929
7758,6666
7758,3081
7758,5359
7758,1971
7758,2072
7759,6913
7759,7270
7759,3249
7759,765
7759,9822
7760,7472
7760,9645
7760,9639
7761,2563
7761,1444
7761,7757
7762,7122
7762,8133
7762,5110
7763,1801
7763,2348
7763,6830
7763,4879
7763,7611
7764,5280
7764,1473
7764,6209
7764,9891
7764,5030
7764,1971
7765,5202
7765,956
7765,2927
7766,9036
7766,6350
7766,5263
7766,4847
7766,2961
7766,6836
7766,310
7766,4182
7766,8955
7767,938
7767,4173
7768,577
7769,5824
7769,6373
7769,3401
7769,8713
7769,2488
7769,2585
7769,1502
7770,7425
7770,1442
7770,4483
7770,6731
7770,7538
7770,5182
7771,5952
7771,7753
7771,4684
7771,7154
7771,797
7771,1790
7771,8863
7772,56
7772,234
7772,6268
7773,169
7773,3711
7774,4482
7774,2403
7774,7909
7774,5030
7774,2540
7774,6093
7774,1842
7774,8054
7774,7257
7774,894
7775,5760
7775,2209
7775,5061
7775,138
7775,3594
7775,308
7775,9173
7775,6010
7775,4283
7776,2983
7776,1262
7776,1967
7776,2842
7776,1822
7777,593
7777,8314
7777,6299
7777,3889
7778,5856
7778,644
7778,4299
7778,44
7778,7033
7779,5824
7779,1568
7779,2723
7779,5737
7779,6001
7780,3970
7780,3480
7780,9863
7780,4104
7780,2538
7780,5516
7780,4151
7780,3288
7780,1277
7780,2106
7780,5501
7780,4063
7781,5146
7781,2843
7781,3572
7782,2368
7782,3378
7782,6100
7782,3741
7782,7647
7783,4440
7783,876
7783,5029
7784,2720
7784,7552
7784,1762
7784,9446
7784,7377
7784,9304
7784,1337
7784,9307
7785,389
7785,3178
7785,4398
7785,7893
7785,4092
7786,69
7786,1549
7786,1556
7786,6486
7786,1015
7786,4826
7786,414
7787,5800
7787,1475
7787,3172
7787,6686
7788,4567
7788,4548
7788,1349
7788,6111
7789,3042
7789,2983
7789,8999
7789,6006
7789,5465
7790,5597
7790,5410
7790,3652
7790,37
7790,1274
7790,6635
7790,6379
7790,8978
7790,2675
7790,3959
7790,3576
7790,6906
7790,3259
7790,8573
7791,7168
7791,1740
7791,8862
7791,1375
7792,5169
7792,1482
7792,379
7792,855
7793,229
7793,9853
7794,2464
7794,8642
7794,8068
7794,615
7794,3245
7794,4183
7794,8983
7794,2745
7794,3287
7794,4027
7794,5374
7794,7967
7795,1413
7795,9448
7795,7592
7795,5036
7795,9519
7795,6991
7795,4815
7795,7384
7796,4480
7796,386
7796,3
7796,4867
7796,7044
7796,8038
7796,1704
7796,6028
7796,6481
7796,4797
7797,1425
7797,4770
7797,7499
7797,1971
7798,2960
7798,2905
7798,7939
7798,3355
7799,5801
7799,5289
7799,7916
7799,206
7799,7954
7799,4595
7799,7124
7799,7387
7799,6654
7800,8769
7800,3843
7800,5701
7800,423
7800,8141
7800,1076
7800,1305
7800,4348
7801,1345
7801,1219
7801,5578
7801,7917
7801,5271
7801,8084
7801,5812
7801,407
7801,504
7801,3676
7801,125
7801,7550
7802,8289
7802,6629
7802,7078
7802,6510
7802,4143
7802,9745
7802,3281
7802,4664
7803,4640
7803,2656
7803,1731
7803,4268
7803,7866
7803,6525
7803,31
7804,8738
7804,2691
7804,4394
7804,6507
7804,7725
7804,5326
7804,4880
7804,6739
7804,9331
7804,1845
7804,2997
7804,8919
7804,2549
7804,470
7805,8608
7805,5764
7805,2569
7805,1326
7805,3022
7805,9488
7805,7217
7805,1945
7805,1244
7806,774
7806,1640
7806,6026
7806,5226
7806,3885
7806,1135
7806,596
7806,4085
7806,7189
7806,7964
7806,3549
7806,2175
7807,4039
7807,7754
7807,176
7807,7219
7807,2781
7808,6368
7808,7012
7808,592
7808,4307
7808,5847
7809,3936
7809,5148
7810,2201
7810,364
7810,1566
7811,7203
7811,4677
7811,7973
7811,5654
7811,665
7811,5370
7812,572
7812,7726
7813,8899
7813,8198
7813,3401
7813,9453
7813,718
7813,367
7813,6129
7813,7634
7813,7451
7814,4352
7814,9540
7814,3145
7814,7696
7814,8593
7814,3634
7814,2645
7814,8694
7814,2453
7815,388
7815,3492
7815,8103
7815,1831
7815,7737
7815,4149
7815,4853
7815,7701
7815,2137
7816,5505
7816,2723
7816,2980
7816,644
7816,8774
7816,8007
7816,9259
7816,2961
7816,4690
7816,4117
7817,4457
7817,5673
7817,7145
7817,6578
7817,5591
7817,826
7817,7355
7818,2545
7818,7154
7818,2148
7818,1791
7819,8128
7819,3577
7819,3757
7819,4750
7820,8416
7820,193
7820,2118
7820,4711
7820,2504
7820,1673
7820,3500
7820,7789
7820,2510
7820,8686
7820,6318
7820,6609
7820,7088
7820,4686
7820,1303
7820,7067
7821,9412
7821,2212
7821,7615
7821,7372
7821,6078
7821,6367
7822,2912
7822,6241
7822,8480
7822,678
7822,7213
7822,3856
7822,2132
7822,4854
7822,7133
7823,3332
7823,1383
7823,4648
7823,809
7823,6280
7823,4395
7823,2160
7823,6333
7824,7361
7824,3780
7824,1554
7824,9813
7824,7639
7824,6139
7824,8287
7825,6592
7825,8619
7825,6156
7825,8621
7825,8780
7825,6092
7825,3021
7825,5078
7825,2870
7825,4826
7825,2107
7825,9820
7826,1347
7826,3780
7826,2436
7826,1097
7826,5354
7826,4011
7826,7563
7826,1993
7826,1432
7826,2942
7826,9759
7827,9754
7827,6539
7827,1908
7827,3631
7828,2148
7828,7495
7828,7816
7828,9383
7828,7338
7828,8364
7828,1901
7828,6486
7828,3064
7829,8035
7829,4326
7829,2217
7829,7020
7829,9337
7830,4217
7830,8881
7830,20
7830,9468
7831,4578
7831,2338
7831,1638
7831,8486
7831,5585
7831,8691
7831,6454
7831,315
7831,4253
7832,7648
7832,7267
7832,9577
7832,5871
7832,8981
7832,4182
7832,53
7833,9242
7833,8707
7833,5035
7834,6726
7834,1566
7834,2359
7834,9656
7834,6938
7834,8381
7834,1694
7835,4759
7835,2346
7835,1311
7835,3495
7836,7429
7836,2348
7836,8274
7836,1399
7836,5849
7837,5534
7837,2692
7837,3045
7837,9862
7837,4372
7837,2200
7837,5692
7837,5725
7837,8958
7838,3240
7838,8371
7838,3796
7838,8340
7838,9945
7839,512
7839,905
7839,5664
7839,2997
7840,7616
7840,321
7840,254
7841,2164
7841,9458
7841,5052
7841,7278
7842,2821
7842,9415
7842,1550
7842,9936
7842,1791
7843,8259
7843,9864
7843,6060
7843,2093
7843,4525
7843,8060
7843,2526
7844,3712
7844,8964
7844,6509
7844,2415
7844,8474
7844,5083
7845,6753
7845,2924
7845,231
7846,161
7846,1030
7846,7751
7846,9741
7846,6734
7846,1298
7846,8082
7846,8786
7846,3957
7846,8023
7846,1723
7846,1471
7847,3842
7847,741
7847,3622
7847,8180
7847,5982
7848,6243
7848,165
7848,2717
7849,3268
7849,3530
7849,8106
7849,2988
7849,461
7849,5773
7849,4783
7849,6548
7849,6612
7849,2423
7849,1852
7850,2481
7850,9997
7851,2311
7851,1418
7851,1740
7851,4398
7851,5551
7851,1167
7851,6129
7851,2069
7851,6039
7851,6777
7851,6362
7851,412
7851,3615
7852,4384
7852,3945
7852,6512
7852,1651
7852,4983
7852,8507
7852,4828
7853,1026
7853,2954
7853,3157
7853,4952
7853,2810
7854,3328
7854,6093
7854,2576
7854,4241
7854,6931
7854,3514
7855,1697
7855,8834
7855,9514
7855,1561
7855,2585
7855,6522
7856,5992
7856,6181
7856,7663
7857,2981
7857,6924
7857,9617
7857,8785
7857,214
7857,5529
7858,1600
7858,3523
7858,5829
7858,7142
7858,1414
7858,3848
7858,745
7858,9866
7858,244
7858,9623
7858,4984
7858,6138
7858,343
7859,169
7859,8203
7859,6372
7859,9135
7860,7041
7860,6917
7860,7557
7860,8555
7860,3668
7860,6902
7860,3034
7860,2558
7861,1305
7861,3307
7861,8916
7861,2893
7862,2352
7862,2306
7862,7037
7862,3702
7863,8644
7863,3167
7864,4320
7864,5890
7864,4110
7864,4432
7864,8507
7864,1586
7864,3283
7864,2324
7864,917
7864,3803
7865,3236
7865,2534
7865,2184
7865,526
7865,216
7865,7452
7866,8704
7866,6577
7866,6365
7866,4799
7867,1448
7867,4173
7867,9424
7867,3669
7867,9718
7867,4409
7867,3322
7867,3422
7868,4964
7868,4037
7868,6632
7868,4168
7868,6156
7868,8590
7868,9038
7868,399
7868,3406
7869,5034
7869,812
7870,2963
7870,1134
7871,9824
7871,7811
7871,8028
7871,8508
7872,8995
7872,7964
7873,5507
7873,6568
7873,1613
7873,9651
7873,1593
7873,7707
7874,724
7874,1356
7874,3982
7876,8193
7876,835
7876,8549
7876,7153
7876,532
7876,1407
7877,4417
7877,4292
7877,9868
7877,9708
7877,593
7877,55
7877,8126
7877,6271
7878,3718
7878,604
7878,6350
7878,8838
7880,9703
7880,3947
7880,9421
7880,4982
7880,822
7880,7736
7880,2939
7881,5193
7881,4331
7881,2509
7881,8274
7881,7383
7882,218
7882,3571
7882,6038
7883,5665
7883,5541
7883,7526
7883,7562
7883,1322
7883,1199
7883,4181
7883,3990
7883,8510
7884,2404
7884,8774
7884,4679
7884,2057
7884,1226
7884,589
7884,3854
7884,5331
7884,3348
7884,1238
7884,4475
7884,7228
7885,4969
7885,7618
7886,5313
7886,3909
7886,5926
7886,8167
7886,7657
7886,2642
7886,9947
7886,1055
7888,674
7888,8770
7888,2280
7888,4717
7888,6065
7888,2676
7888,8213
7888,2551
7888,7517
7889,2306
7889,3400
7889,7467
7889,3085
7889,1970
7889,5363
7889,9781
7889,8597
7889,6647
7889,1181
7890,741
7890,2918
7890,2375
7890,5589
7890,5082
7891,4409
7891,6898
7891,9810
7891,8537
7891,2236
7892,4984
7892,9798
7892,343
7893,5784
7893,8522
7893,483
7893,2751
7894,712
7894,6362
7894,8883
7894,4098
7895,3105
7895,2947
7895,2438
7895,4680
7895,9450
7895,939
7895,4657
7895,6450
7895,1950
7896,1114
7896,5014
7896,8444
7896,2206
7897,2565
7897,745
7897,6762
7897,6795
7897,5676
7897,8876
7897,8914
7897,3701
7898,8786
7898,1813
7898,5663
7899,5672
7899,9193
7899,2654
7899,9672
7899,6792
7899,5902
7899,1902
7899,8849
7899,6779
7899,382
7900,2305
7900,2214
7900,4647
7900,8623
7900,3472
7900,5046
7900,3895
7900,6134
7900,4249
7901,804
7901,9833
7901,2699
7901,9996
7901,1584
7901,8560
7901,3318
7901,7513
7901,8922
7901,1148
7901,2557
7901,191
7902,6761
7902,8458
7902,4912
7902,9813
7902,5239
7902,824
7902,3836
7903,321
7903,5507
7903,9443
7903,5669
7903,812
7903,3536
7903,7955
7903,9011
7904,8217
7904,8081
7904,746
7904,281
7905,2307
7905,1322
7905,7500
7905,1261
7905,984
7905,6460
7906,6241
7906,5548
7906,8524
7906,1429
7906,30
7907,6467
7907,4205
7907,4463
7907,9200
7907,16
7907,2994
7907,755
7907,1872
7907,6776
7907,6970
7907,191
7908,9504
7908,1062
7908,530
7908,6905
7908,9885
7908,3614
7909,5702
7909,6030
7909,207
7909,6997
7909,7607
7909,3836
7911,194
7911,7441
7911,2323
7911,1909
7911,2137
7911,2239
7912,6626
7912,2051
7912,4843
7912,302
7912,9998
7912,7248
7912,5406
7914,175
7914,9111
7915,2851
7915,5383
7915,3626
7915,3032
7915,668
7916,5284
7916,3644
7917,5670
7917,5192
7917,1110
7918,7502
7919,6115
7919,4613
7919,4681
7919,1133
7919,9135
7919,2671
7919,4916
7919,373
7919,2203
7920,5915
7920,2445
7920,8274
7920,4408
7920,5435
7921,6858
7921,6766
7921,8622
7921,1938
7921,7346
7921,3454
7922,4669
7922,2052
7922,2663
7922,4425
7922,236
7922,557
7922,375
7922,2907
7922,9053
7923,6496
7923,8483
7923,4582
7923,6919
7923,5423
7924,1411
7924,8734
7924,3881
7924,7946
7924,4494
7924,4048
7924,4272
7924,3250
7924,917
7924,2618
7924,347
7924,5565
7924,3070
7925,7815
7925,1966
7925,5136
7925,1107
7925,499
7926,5761
7926,1089
7926,7434
7926,1974
7926,5658
7926,6398
7927,2005
7927,3812
7927,8926
7927,2590
7928,145
7928,5190
7929,6308
7929,1322
7929,6476
7929,4720
7929,2676
7929,5909
7929,5364
7929,7192
7930,8418
7930,8770
7930,6508
7930,3037
7931,1128
7931,4313
7931,3877
7931,984
7932,2108
7932,407
7933,7300
7933,7045
7933,3657
7933,7059
7933,9555
7934,3624
7934,143
7934,4303
7934,5459
7934,3839
7935,6791
7935,3882
7935,1805
7935,273
7935,882
7936,5308
7936,5030
7936,1399
7937,2425
7937,5675
7937,852
7937,7965
7938,3971
7938,100
7938,5158
7938,5449
7938,8972
7938,3443
7938,8796
7939,6340
7939,4520
7939,1611
7939,7631
7939,6482
7939,84
7939,5333
7939,9880
7939,9434
7939,9789
7940,4336
7940,8643
7940,8837
7940,3183
7941,8016
7941,7202
7941,8059
7941,6062
7942,1
7942,5378
7942,6667
7942,6316
7942,4302
7942,6518
7942,4726
7942,1274
7943,3141
7943,2438
7943,3086
7943,3005
7943,1615
7943,2191
7943,596
7943,8797
7944,1994
7944,3148
7944,7212
7944,3568
7944,793
7944,4986
7944,5500
7945,1961
7945,6027
7945,6605
7945,9428
7945,758
7946,5588
7946,3894
7946,6423
7946,9176
7946,601
7946,3163
7946,8606
7947,768
7947,7337
7947,4045
7947,3663
7947,8982
7947,7384
7947,6170
7948,9133
7948,8486
7949,6657
7949,1489
7949,4055
7950,1752
7950,883
7950,4580
7950,8886
7951,4769
7951,8578
7951,9283
7951,2341
7951,6824
7951,6506
7951,7250
7951,4475
7951,1558
7951,5182
7951,3227
7951,8190
7953,312
7953,2026
7953,6327
7954,2059
7954,9291
7954,1742
7954,404
7954,3768
7955,6786
7955,8196
7955,8006
7955,27
7955,5899
7955,589
7955,2351
7955,2387
7955,5843
7955,4439
7955,7994
7955,1818
7955,1533
7955,3839
7956,9602
7956,73
7956,1887
7956,952
7956,1946
7956,6141
7956,671
7957,6145
7957,7277
7957,2647
7958,4832
7958,165
7958,490
7958,3244
7958,3565
7958,436
7958,2260
7958,1558
7958,7031
7959,8473
7959,2525
7960,965
7960,5670
7960,4008
7960,7917
7960,2287
7961,3841
7961,2115
7961,7703
7961,6969
7961,2047
7962,6599
7962,6385
7962,8339
7962,8918
7962,2236
7962,6205
7962,5407
7963,9000
7963,155
7963,8320
7963,567
7964,9250
7964,4487
7964,9193
7964,1657
7964,8892
7965,6947
7965,9958
7965,1337
7965,3336
7965,4169
7965,7017
7965,935
7965,3756
7965,8782
7965,3861
7965,694
7965,1881
7965,731
7965,5855
7966,1766
7966,6026
7966,6253
7966,8591
7966,1235
7966,2611
7966,8182
7966,5911
7966,314
7966,4670
7967,4806
7967,2375
7967,1354
7967,5420
7967,3631
7967,8018
7967,6067
7967,8659
7967,5820
7967,6141
7967,2815
7968,1352
7968,8316
7968,9453
7968,9373
7969,3777
7969,2051
7969,1220
7969,4643
7969,1606
7969,1927
7969,2120
7969,6821
7969,440
7969,2425
7969,1176
7969,6239
7970,6522
7970,3836
7970,6404
7970,30
7971,9922
7971,6403
7971,3333
7971,8454
7971,174
7971,7026
7971,3039
7971,4159
7972,8225
7972,4037
7972,6413
7972,493
7972,4535
7973,5600
7973,8417
7973,1929
7973,2960
7973,8339
7973,887
7973,1116
7974,4617
7974,5162
7974,4133
7974,7758
7975,9281
7975,7811
7975,9864
7975,3119
7975,6488
7975,3256
7976,3969
7976,8840
7976,5641
7976,5032
7976,1485
7976,303
7976,209
7976,7833
7976,1171
7976,1332
7976,4630
7976,6070
7976,4217
7976,827
7977,8353
7977,3971
7977,2405
7977,3306
7977,4750
7977,1753
7977,4057
7978,4296
7978,681
7979,1569
7979,2568
7979,9807
7979,4240
7979,9461
7979,4022
7979,8533
7979,3609
7979,3836
7979,1151
7980,8449
7980,8994
7980,3236
7980,8549
7980,71
7980,5227
7980,7602
7980,885
7980,2582
7980,1816
7980,7741
7981,3361
7981,8251
7981,8309
7981,7815
7982,1137
7982,5883
7983,5560
7984,6752
7984,4292
7984,6533
7984,3820
7984,4812
7984,7891
7984,2388
7984,2101
7984,8121
7984,8443
7985,2529
7985,5697
7985,7171
7985,9543
7985,7495
7985,6190
7985,3318
7985,7000
7985,5786
7986,8169
7987,4730
7987,2190
7987,2581
7987,4566
7988,6562
7988,9155
7988,902
7988,6960
7988,3253
7988,1727
7989,1473
7989,6060
7990,2144
7990,5635
7990,107
7990,3180
7990,1039
7990,1907
7990,3036
7990,8063
7991,6211
7991,7947
7991,7514
7991,4886
7991,9978
7992,3675
7992,6989
7992,7054
7992,551
7993,347
7993,3005
7994,9732
7994,3976
7994,8781
7994,2009
7994,3611
7994,1566
7995,4550
7995,366
7995,2735
7995,4312
7995,4217
7995,8539
7996,1853
7997,9475
7997,7785
7997,4017
7997,5297
7998,7841
7998,6405
7998,2414
7998,4013
7999,6747
7999,1156
8000,6945
8000,1899
8000,8496
8000,1271
8000,6683
8001,5752
8001,7512
8001,206
8002,745
8002,1730
8002,6517
8003,4128
8003,5933
8003,5951
8004,961
8004,5380
8004,8543
8004,9481
8004,5323
8004,8846
8004,2994
8004,2687
8005,8744
8005,8729
8005,1987
8005,9996
8006,7848
8006,4073
8006,7978
8006,497
8006,7642
8006,1779
8006,3795
8006,3770
8006,5980
8006,8637
8006,3962
8006,6623
8007,6821
8007,2285
8007,2511
8007,2994
8007,4691
8007,7484
8007,5240
8007,4889
8007,9244
8007,9982
8007,7071
8008,2497
8008,1797
8008,902
8008,6951
8008,8966
8008,937
8008,4650
8008,2732
8008,3605
8008,793
8008,7614
8009,4933
8009,7557
8009,4149
8009,3864
8009,1983
8009,6335
8010,4513
8010,8965
8010,8422
8010,3756
8010,1071
8010,7165
8010,3637
8010,3293
8011,3741
8011,3464
8011,2696
8011,3946
8011,2699
8011,8923
8011,6364
8011,4893
8011,7135
8012,4384
8012,7619
8012,6314
8012,4812
8012,4335
8012,8783
8012,374
8012,7703
8012,9914
8012,3547
8012,316
8013,6084
8013,424
8013,3598
8013,8913
8013,1297
8013,9691
8014,3204
8014,4722
8014,7932
8015,2021
8015,3467
8015,6892
8015,6606
8015,9650
8015,1074
8015,3093
8015,8666
8015,6749
8015,862
8016,8098
8016,2458
8016,8108
8016,4374
8017,9025
8017,8043
8017,2380
8017,2894
8017,3759
8017,9840
8017,4687
8017,3062
8017,6908
8017,189
8017,4799
8018,7753
8018,9465
8018,7561
8018,4686
8019,8450
8019,7295
8019,7523
8019,3238
8019,2702
8019,142
8019,3344
8019,7121
8019,3763
8019,3935
8020,8674
8020,3239
8020,1576
8020,6892
8020,5486
8020,6003
8020,1270
8020,9759
8021,2021
8021,1190
8021,8679
8021,6932
8021,603
8023,8299
8023,2284
8023,4813
8023,3919
8023,2458
8024,897
8024,3429
8024,8809
8024,9996
8024,9968
8024,3604
8024,6423
8024,3132
8025,3815
8025,5545
8025,8716
8025,7028
8025,7894
8025,6103
8025,3163
8025,3356
8025,8095
8026,3912
8026,8849
8026,5014
8026,3214
8027,6561
8027,6629
8027,5830
8027,5068
8027,8748
8027,6446
8027,8082
8027,5048
8027,6167
8027,7512
8027,6522
8027,6363
8027,6423
8027,5949
8027,8606
8028,2560
8028,6696
8028,4464
8029,1410
8029,7107
8029,486
8029,6194
8029,245
8029,5941
8029,7829
8029,6617
8029,8604
8029,861
8029,2335
8030,611
8030,4357
8030,2086
8030,6025
8030,5114
8031,3604
8031,4325
8031,7726
8032,2786
8032,3618
8032,2630
8032,1286
8032,8430
8033,7779
8033,9828
8033,5573
8033,3559
8034,5496
8034,6417
8034,2600
8034,4799
8035,2914
8035,7015
8035,8231
8035,4846
8035,3279
8035,9842
8035,1107
8035,2812
8037,195
8037,1189
8037,8137
8037,3250
8037,5299
8037,3039
8038,7336
8038,8561
8038,8674
8038,5816
8039,7616
8039,6660
8039,2687
8039,2383
8039,2544
8039,2994
8039,6521
8039,122
8039,2175
8039,6559
8040,9633
8040,5250
8040,8983
8040,8281
8040,8314
8041,3207
8041,1643
8041,4467
8041,116
8041,6933
8041,7710
8042,5312
8042,1416
8042,2825
8042,2794
8042,3054
8042,592
8042,5907
8042,852
8042,4088
8042,5372
8042,383
8043,5426
8043,3172
8043,6613
8044,5120
8044,4554
8044,9332
8044,8261
8045,6947
8045,5337
8045,8262
8045,3723
8045,8974
8045,8494
8045,5265
8045,6301
8045,5209
8045,8347
8045,4637
8045,5694
8046,4292
8046,9258
8046,5002
8046,1428
8046,7293
8047,1477
8048,8928
8048,3104
8048,1691
8049,7652
8049,4199
8049,8905
8049,7213
8049,4494
8049,5710
8049,537
8049,3633
8049,850
8049,3412
8049,3286
8049,1591
8049,728
8049,857
8050,2594
8050,4350
8051,5955
8051,9935
8051,6904
8051,8079
8051,692
8051,952
8051,8152
8051,5368
8051,2271
8052,5761
8052,1743
8053,5728
8053,2049
8053,3458
8053,5768
8053,6062
8053,7599
8053,4466
8053,3194
8053,4955
8053,3260
8053,5566
8054,577
8054,2251
8054,6960
8054,9462
8054,3033
8054,5853
8055,800
8055,7439
8055,3344
8055,1779
8055,1276
8055,956
8056,481
8056,8169
8056,1549
8056,942
8056,5918
8056,8790
8056,2230
8056,6936
8056,1470
8057,3808
8057,5924
8057,7111
8057,5512
8057,4208
8057,4821
8057,5910
8057,2298
8057,3675
8057,3004
8057,8990
8058,5505
8058,8707
8058,6204
8058,9200
8058,2736
8058,4284
8058,2491
8058,8732
8059,8460
8060,8688
8060,7089
8061,6561
8061,1506
8061,1539
8061,2667
8061,2155
8061,5644
8061,9335
8061,5946
8061,7291
8061,4604
8061,5022
8062,5985
8062,4322
8062,2596
8062,8102
8062,1262
8062,6831
8063,7346
8063,167
8064,6289
8064,1580
8065,5532
8065,1325
8065,8639
8066,6819
8066,9831
8066,3913
8066,563
8066,6679
8066,7646
8067,9838
8067,6224
8067,9457
8067,4787
8067,317
8067,6878
8068,736
8068,769
8068,3781
8068,8553
8068,4332
8068,6136
8069,7458
8069,3689
8069,6830
8069,5396
8069,3161
8070,8744
8070,4777
8070,5932
8070,8533
8070,8312
8070,415
8071,6656
8071,868
8071,5797
8071,8215
8071,6555
8072,3384
8072,2881
8072,1508
8073,3840
8073,3218
8073,9675
8074,5973
8074,1286
8074,9999
8075,2179
8075,6031
8075,657
8075,9235
8075,4925
8076,5588
8076,2022
8076,2423
8077,5033
8077,5529
8077,5302
8077,9943
8078,1355
8078,5613
8078,1725
8080,353
8080,1101
8080,3278
8080,4188
8080,6384
8080,1233
8080,6578
8080,659
8080,6675
8080,2108
8081,7172
8081,4108
8081,6802
8081,9366
8081,1176
8081,2205
8081,672
8081,1316
8081,4525
8081,6193
8081,9272
8081,7352
8081,1986
8081,835
8081,211
8081,8547
8081,3054
8081,5364
8081,2422
8081,6396
8082,4515
8082,6181
8082,7401
8082,2799
8082,984
8082,8891
8082,1596
8082,3807
8083,1127
8083,7178
8083,142
8083,5039
8083,5077
8083,6232
8083,2617
8083,5883
8083,2142
8083,7001
8084,9208
8084,3457
8084,6645
8084,1935
8085,4740
8085,4330
8085,4016
8085,435
8085,8757
8085,1466
8085,9531
8085,508
8085,6716
8086,8967
8086,4351
8087,7138
8087,4495
8087,5584
8087,6772
8087,5751
8088,4644
8088,2310
8088,2635
8088,9937
8088,3032
8089,3557
8089,7178
8089,4334
8089,8274
8089,8692
8089,1692
8090,7419
8090,9012
8090,4406
8091,1
8091,3546
8092,7781
8092,5803
8092,6156
8092,6000
8092,3729
8092,733
8092,4287
8093,7824
8093,5361
8094,1688
8094,353
8094,5602
8094,3652
8095,104
8095,3499
8096,5633
8096,2723
8096,8580
8096,5541
8096,4908
8096,1492
8096,1780
8096,2677
8096,4857
8096,2427
8096,3807
8097,4193
8097,75
8097,1205
8097,4709
8098,1121
8098,774
8098,6776
8098,5402
8098,2619
8099,2756
8099,7686
8099,8327
8099,4106
8099,2507
8099,6389
8099,4057
8099,7453
8099,2558
8100,5105
8100,6276
8100,5941
8100,9521
8101,1
8101,8460
8101,8309
8101,8885
8102,2273
8102,5317
8102,7847
8102,5200
8102,8624
8102,3508
8102,8511
8103,3079
8103,9192
8103,7308
8103,8767
8103,3662
8103,4270
8103,7569
8103,7935
8103,4637
8103,1823
8104,8707
8104,3335
8104,3051
8104,632
8104,1999
8104,6162
8104,1748
8104,4056
8104,1210
8104,5308
8104,2906
8105,4806
8105,8815
8106,1516
8106,4014
8106,6001
8106,5395
8106,3582
8106,5791
8107,8353
8107,837
8107,71
8107,5704
8107,5224
8107,267
8107,9681
8107,5713
8107,596
8107,5239
8107,8157
8108,2850
8108,2310
8108,539
8108,409
8108,4699
8108,413
8109,7713
8109,9922
8109,4548
8109,8357
8109,5830
8109,3269
8109,5383
8109,937
8109,394
8109,1070
8109,4591
8109,915
8109,7869
8110,6169
8110,4778
8110,2180
8110,1278
8111,2016
8111,4578
8111,6019
8111,3812
8111,3912
8111,5068
8111,8524
8111,6317
8111,6935
8112,6416
8112,8804
8113,8768
8113,5954
8113,5510
8113,3699
8113,147
8113,917
8113,7635
8114,6353
8114,5922
8114,7290
8114,758
8115,1354
8115,1549
8116,8704
8116,1380
8116,3047
8116,4346
8116,9615
8116,7599
8116,6127
8116,7061
8116,5046
8116,5591
8116,7290
8116,5851
8117,1696
8117,6210
8117,1539
8117,1028
8117,4199
8117,1032
8117,3053
8117,239
8117,7023
8117,47
8117,6167
8117,8693
8117,9335
8117,7864
8117,2009
8117,9018
8117,8990
8118,34
8118,3173
8118,969
8118,8489
8118,75
8118,7209
8118,9389
8118,8821
8118,1117
8118,5982
8119,8930
8119,7590
8119,9069
8119,8403
8119,5630
8120,1033
8120,5485
8120,1239
8120,280
8120,1593
8120,7771
8121,2465
8121,3017
8121,8585
8121,9097
8121,619
8121,7691
8121,4047
8121,4464
8121,6386
8121,8180
8121,4634
8121,1403
8122,8387
8122,4295
8122,2984
8122,4967
8122,8205
8122,4910
8122,4853
8122,9431
8122,5563
8122,7519
8123,33
8123,9508
8123,774
8124,8961
8124,8071
8124,5707
8124,7858
8124,787
8124,4952
8124,7836
8125,2249
8125,5724
8125,9381
8126,2784
8126,1701
8126,1842
8126,4598
8126,7255
8126,1341
8127,8449
8127,1250
8127,2896
8127,1073
8127,1009
8127,2453
8128,643
8128,2310
8128,6950
8128,5896
8128,5224
8128,2315
8128,6195
8128,7027
8128,884
8128,796
8128,8029
8128,3358
8129,329
8129,6039
8130,365
8130,3472
8130,6549
8130,7352
8130,9625
8130,3486
8131,7336
8131,2971
8131,2637
8131,9823
8132,773
8132,4264
8132,2540
8132,846
8132,1622
8133,6442
8133,1212
8133,3541
8133,4662
8133,6780
8134,7170
8134,2278
8134,7848
8134,2866
8134,9522
8134,4726
8134,4600
8134,5753
8134,8159
8135,4169
8135,3065
8135,60
8135,7254
8136,8485
8136,2599
8136,5321
8136,5033
8136,6256
8136,2705
8136,5875
8136,4117
8137,1024
8138,5280
8138,3968
8138,7942
8138,47
8138,117
8138,7834
8138,6205
8138,30
8139,116
8139,8645
8141,9369
8141,7547
8141,4593
8141,979
8142,8811
8142,465
8142,8409
8142,7034
8142,4348
8143,5547
8143,2989
8143,4047
8143,5746
8143,4980
8143,7189
8143,6397
8144,3648
8144,4610
8144,838
8144,2790
8144,7500
8144,976
8144,8756
8144,1495
8144,1272
8144,1311
8145,3784
8145,5643
8145,4493
8145,1775
8145,5648
8145,1307
8145,978
8145,6035
8145,2650
8145,7547
8146,932
8146,3821
8146,6030
8146,6383
8147,4272
8147,3901
8147,7693
8147,2991
8148,3920
8148,1617
8148,2200
8148,2652
8148,445
8149,3345
8149,5058
8149,4467
8149,1383
8150,9352
8150,9419
8150,8888
8150,9788
8150,3455
8151,2145
8152,4097
8152,1991
8152,2925
8152,2262
8152,7355
8152,1950
8153,9388
8153,1423
8154,7008
8154,7235
8154,8823
8154,3245
8154,3895
8154,7247
8154,6642
8154,6263
8154,921
8154,8415
8155,6586
8155,1457
8155,9210
8156,6688
8156,994
8156,6500
8156,3467
8156,6380
8156,239
8156,7215
8156,4918
8156,5948
8156,4255
8157,6001
8157,3134
8157,4679
8158,8161
8158,1995
8158,5712
8158,1239
8158,8570
8158,5020
8158,2335
8159,2401
8159,428
8161,6146
8161,5346
8161,2085
8161,6507
8161,4110
8161,3439
8161,7929
8162,2764
8162,4029
8162,3590
8162,527
8163,3968
8163,3209
8163,8621
8163,2870
8163,3386
8164,3872
8164,9722
8164,755
8164,3812
8165,6242
8165,7587
8165,3972
8165,6020
8165,1638
8165,114
8165,4530
8165,6454
8165,1657
8165,3260
8165,7935
8166,9248
8166,321
8166,2914
8166,7805
8166,166
8166,9543
8166,2382
8166,5906
8166,1779
8166,9270
8166,2039
8166,5208
8166,4889
8166,3674
8166,445
8166,3742
8167,6538
8167,1101
8168,1
8168,4716
8169,8512
8169,835
8169,4039
8169,556
8169,9774
8169,1341
8170,2682
8170,7331
8170,8533
8170,4335
8171,6412
8171,7927
8171,4474
8171,8507
8171,478
8172,4099
8172,8228
8172,4328
8172,5992
8172,6027
8172,3117
8172,8400
8172,6034
8172,1878
8172,8254
8173,2501
8173,5702
8173,3312
8173,8883
8173,216
8173,734
8174,8097
8174,7740
8175,3829
8175,5647
8176,5638
8176,3398
8176,8782
8176,2127
8176,1330
8176,501
8176,346
8177,1890
8177,8419
8177,5542
8177,7463
8177,9128
8177,8082
8177,342
8177,6460
8177,1470
8178,5
8178,2950
8178,9095
8178,6085
8178,5925
8178,5932
8178,5902
8178,2552
8178,2649
8178,3899
8179,986
8179,5108
8179,3629
8179,3102
8180,7648
8180,7938
8180,9528
8180,1000
8180,3949
8180,9134
8180,9453
8180,4174
8180,757
8180,1880
8180,2651
8180,7710
8180,4063
8181,3840
8181,2433
8181,900
8181,2534
8181,5481
8181,7467
8181,428
8181,1229
8181,4556
8181,441
8182,7170
8182,4099
8182,8392
8182,3568
8182,594
8182,4627
8182,5239
8183,5946
8183,3267
8184,3674
8184,9107
8184,2772
8184,5357
8185,1445
8185,7406
8185,1392
8185,8311
8185,6685
8186,6497
8186,1990
8186,6795
8186,749
8186,8278
8186,983
8186,1663
8187,6690
8187,6888
8187,5072
8187,4404
8187,7063
8187,7002
8187,2523
8188,7201
8188,8323
8188,132
8188,3773
8188,7592
8188,298
8188,2510
8188,7118
8188,7792
8188,4752
8188,1140
8188,3897
8188,9789
8188,2782
8188,511
8189,4544
8189,9987
8189,9591
8189,869
8189,3308
8189,6733
8189,983
8189,7892
8189,9461
8189,2167
8189,4696
8189,4479
8190,321
8190,7559
8190,361
8190,6776
8190,3568
8190,4944
8190,7442
8190,5331
8190,8629
8190,1624
8190,8511
8191,2976
8191,1890
8191,333
8191,4208
8191,5685
8192,7640
8192,8531
8192,2597
8192,9998
8193,8497
8194,3834
8194,6445
8194,2543
8195,8994
8195,2252
8195,9234
8195,884
8195,9079
8195,4440
8195,2874
8195,4381
8196,9379
8196,7555
8196,6406
8196,9863
8196,9323
8196,1518
8196,4017
8196,5201
8196,6006
8196,8503
8196,3993
8197,7306
8197,6798
8197,7412
8197,3992
8197,4894
8198,4192
8198,1993
8198,9770
8198,7246
8198,7700
8198,4470
8198,2392
8199,2464
8199,4772
8199,7463
8199,6254
8199,7055
8199,8849
8199,1364
8199,5237
8199,9558
8199,4539
8199,2460
8199,2910
8200,1188
8200,4005
8200,5487
8201,4019
8201,8379
8201,8038
8202,66
8202,9251
8202,3940
8202,837
8202,1703
8202,3338
8202,8750
8202,7087
8202,7443
8202,9023
8203,6978
8203,3333
8203,7436
8203,76
8203,7056
8203,5779
8203,5812
8203,9879
8203,8152
8203,9788
8204,4100
8204,4240
8204,1554
8204,7507
8204,5593
8205,8160
8205,680
8205,8556
8205,8879
8205,6897
8205,1562
8205,8287
8206,4144
8206,778
8206,5519
8207,8440
8207,6439
8208,5736
8208,9356
8208,8213
8208,3351
8208,2906
8209,615
8210,5377
8210,2056
8210,5608
8210,7467
8210,4884
8210,3029
8211,9794
8211,4380
8212,579
8212,4580
8212,1612
8212,8973
8212,6862
8212,7086
8212,7278
8212,6801
8212,4402
8212,122
8213,4257
8213,3394
8213,4834
8213,995
8213,3397
8213,5346
8213,6093
8213,493
8213,7573
8213,213
8213,7093
8213,3515
8214,1314
8214,37
8214,619
8214,4460
8214,1328
8214,4273
8214,433
8214,3253
8214,2491
8214,1055
8215,1232
8215,2174
8215,9039
8215,1855
8216,3876
8217,2497
8217,6084
8217,6341
8217,168
8217,2697
8217,7210
8217,9706
8217,6687
8217,4029
8217,6609
8217,3603
8217,7507
8217,5464
8217,9117
8217,1086
8217,5406
8218,4025
8218,6242
8218,4479
8219,6368
8219,33
8219,4684
8219,4564
8219,4213
8219,5430
8219,2841
8219,6653
8220,2368
8220,2534
8220,9687
8220,8312
8220,7483
8220,861
8220,1535
8221,2114
8221,3494
8221,6839
8221,5066
8221,2603
8221,3789
8221,657
8221,6006
8221,3863
8221,9785
8222,9825
8222,7141
8222,2118
8222,2122
8222,3791
8222,503
8222,8093
8222,1598
8223,8949
8223,5261
8224,7987
8224,8218
8224,5035
8224,4604
8226,227
8226,7721
8226,8047
8226,4144
8226,18
8226,1395
8226,3286
8226,4602
8226,7774
8227,2256
8227,2698
8227,3143
8227,9727
8229,7960
8229,3788
8229,8341
8230,5697
8230,3130
8231,5903
8231,4400
8231,3572
8231,4534
8231,6487
8231,5209
8231,9243
8232,792
8232,2945
8232,1828
8233,2560
8233,5795
8233,2211
8233,233
8233,266
8233,3627
8233,4238
8233,8368
8233,4087
8233,5947
8233,4767
8234,3992
8234,8650
8234,6956
8234,4966
8235,703
8235,6563
8235,9271
8235,6063
8236,1058
8236,1934
8236,3280
8236,126
8236,8895
8237,8800
8237,2970
8237,4700
8238,3238
8238,392
8238,6799
8238,1840
8238,182
8238,6333
8239,5443
8239,6476
8239,7727
8239,4243
8239,7828
8239,3286
8239,6391
8240,2432
8240,2720
8240,8133
8240,8272
8240,4272
8240,7192
8241,6476
8241,3607
8242,6547
8243,1936
8243,9272
8243,317
8243,3479
8244,4433
8244,8617
8244,6490
8244,8752
8245,7972
8245,2431
8245,4105
8245,4395
8245,2517
8245,1055
8245,318
8245,6367
8246,7282
8246,9182
8246,7743
8247,2560
8247,7945
8247,7568
8247,480
8248,4545
8248,643
8248,4739
8248,3178
8248,1234
8248,7923
8248,6901
8248,5658
8248,7997
8249,2894
8249,367
8249,4084
8249,4853
8249,217
8250,2208
8250,9498
8250,5262
8250,2163
8250,6874
8250,1532
8251,2017
8251,5419
8251,2324
8251,6335
8252,6753
8252,545
8252,2022
8252,5575
8252,5966
8252,2702
8252,5970
8252,4245
8252,8664
8252,8347
8253,4960
8253,4128
8253,2438
8253,6695
8253,7592
8253,1385
8253,4622
8253,5361
8253,5876
8253,6205
8254,810
8254,8475
8254,9493
8254,7615
8255,2137
8255,4781
8256,6689
8256,8422
8256,8124
8256,7345
8256,3954
8256,5501
8256,2773
8256,4660
8256,4215
8256,1080
8256,2010
8256,4380
8256,1149
8257,9170
8257,4276
8257,42
8257,8818
8258,4993
8258,4359
8258,8847
8258,5264
8258,799
8258,5924
8258,301
8258,6064
8258,946
8258,2616
8258,2512
8258,5456
8258,5328
8258,9169
8258,5333
8258,5083
8258,620
8258,9453
8258,2414
8258,3831
8259,5217
8259,5993
8259,3050
8259,1105
8259,6739
8259,2327
8259,7549
8259,2270
8259,9919
8260,1988
8260,4359
8261,1376
8261,5827
8261,6949
8261,2605
8261,5842
8261,9945
8261,2808
8261,2745
8262,6533
8262,4262
8262,4453
8262,265
8262,9899
8262,5773
8262,4273
8262,561
8263,901
8263,5127
8263,9262
8263,7983
8263,7537
8263,1721
8264,7749
8264,6917
8264,6348
8264,562
8264,6899
8264,6742
8264,9367
8264,57
8264,7900
8265,3600
8265,3275
8265,4901
8265,5501
8266,5736
8267,2688
8267,1475
8267,2301
8267,688
8268,6022
8268,7783
8268,8362
8268,6958
8268,1625
8268,4187
8268,3100
8269,6201
8269,2127
8269,7733
8269,4439
8269,3134
8269,25
8269,6270
8269,4284
8269,2046
8269,9983
8270,8864
8270,7781
8270,3750
8270,3623
8270,2410
8270,9138
8270,6227
8270,571
8271,6752
8271,6003
8271,559
8271,8711
8272,8961
8272,5588
8273,46
8273,4494
8273,4571
8273,6614
8273,699
8274,6278
8275,6752
8275,6307
8275,5
8275,4488
8275,7530
8276,7683
8276,5189
8276,7185
8276,8027
8276,3388
8276,6621
8277,5414
8277,5863
8277,3304
8277,621
8277,7344
8277,9842
8277,7220
8278,1680
8278,9690
8278,2158
8278,4358
8279,2850
8279,3684
8279,678
8279,6855
8279,3053
8279,2228
8279,4375
8280,2112
8280,1669
8280,3909
8280,8743
8280,6959
8280,851
8280,5591
8280,8570
8280,1214
8281,4290
8281,3619
8281,706
8281,7173
8281,7112
8281,3242
8281,8523
8281,3183
8281,431
8281,889
8281,1530
8282,3107
8282,2996
8282,934
8282,2963
8283,1571
8283,4776
8283,7694
8283,944
8283,4473
8284,3362
8284,3364
8284,1700
8284,2470
8284,986
8284,4095
8285,1748
8285,4349
8286,3064
8286,3489
8286,6589
8286,3775
8288,8185
8289,6642
8289,5660
8289,4
8290,9536
8290,4000
8290,5154
8290,99
8290,8680
8290,2953
8290,8874
8290,1198
8290,3607
8291,711
8291,4539
8291,8061
8291,6127
8292,8896
8292,3552
8292,1669
8292,7046
8292,2513
8292,5785
8292,8191
8293,4101
8293,4597
8293,9831
8294,7953
8294,3899
8294,6309
8295,8009
8295,4137
8295,5705
8295,6586
8295,3805
8296,7841
8296,4739
8296,615
8296,9099
8296,5616
8296,6768
8296,402
8297,8328
8297,8040
8297,2378
8297,3152
8297,8575
8298,1763
8298,107
8298,208
8298,3249
8298,8543
8299,9403
8299,8670
8299,3982
8299,6311
8300,2987
8300,6268
8300,2109
8301,9613
8301,8974
8301,7694
8301,7725
8301,7729
8301,5491
8301,5174
8301,791
8301,9465
8302,6946
8303,156
8304,2592
8304,5059
8304,5348
8304,422
8304,5257
8304,1272
8304,3388
8304,2269
8305,8512
8305,8768
8305,6753
8305,5640
8305,331
8305,3437
8305,4365
8305,1773
8305,8342
8305,6203
8306,1089
8306,6406
8306,8974
8307,9980
8307,5227
8307,8877
8307,1631
8307,3122
8307,1916
8307,1437
8307,5215
8308,3623
8308,7540
8308,8981
8308,9914
8308,6428
8310,8349
8311,6368
8311,9568
8311,2563
8311,7940
8311,3461
8311,6344
8311,7984
8312,5530
8312,4573
8312,1719
8313,4770
8313,35
8313,7044
8313,6947
8313,1733
8313,9526
8313,4443
8313,8574
8314,3143
8314,5966
8314,3763
8314,243
8314,2748
8315,7329
8315,898
8315,5996
8315,8093
8315,1807
8315,8369
8315,9629
8317,9536
8317,2403
8317,2890
8317,6744
8317,5931
8317,8302
8317,6678
8317,824
8317,2425
8317,7517
8317,7677
8318,2053
8318,1838
8318,2512
8318,3216
8318,701
8319,3009
8319,8904
8319,4240
8319,1944
8319,1752
8319,8410
8320,4760
8320,6273
8320,8174
8321,5657
8321,3003
8321,308
8322,5664
8322,2730
8322,3722
8322,2572
8322,4206
8322,7413
8322,8664
8322,7485
8323,3708
8323,8225
8323,6036
8323,1159
8324,4594
8324,4869
8324,3334
8324,5527
8325,1816
8325,5449
8326,4835
8326,6820
8326,9800
8326,8234
8326,1868
8326,5485
8326,7600
8326,466
8326,8307
8326,5272
8326,380
8327,9633
8327,5346
8327,4004
8327,7047
8327,6439
8327,7978
8327,7660
8327,6348
8327,8660
8328,6536
8328,9832
8328,8905
8328,5067
8328,5611
8328,6481
8328,2133
8328,825
8328,6814
8329,1953
8329,1733
8329,8934
8329,3210
8329,5195
8329,3692
8329,524
8329,3213
8329,2097
8329,5300
8329,1336
8330,9158
8330,5609
8330,9579
8330,4172
8330,5909
8330,8950
8330,1115
8331,4226
8331,3365
8331,9067
8331,2927
8331,3284
8331,4342
8331,856
8331,2142
8331,7998
8332,7827
8332,4941
8333,4578
8333,3492
8333,5189
8333,2057
8333,1552
8333,1264
8333,3794
8333,7088
8333,3952
8334,5121
8334,803
8334,3812
8334,7013
8334,5573
8334,9419
8334,7052
8334,7410
8334,3710
8335,803
8335,1987
8335,8595
8335,5780
8335,6741
8335,6647
8335,7192
8335,8700
8335,29
8336,8352
8336,1665
8336,7362
8336,6527
8336,2218
8336,3665
8336,1233
8336,6681
8336,2426
8336,6334
8336,5183
8337,6081
8337,4138
8337,9323
8337,976
8337,1918
8337,4629
8337,8341
8337,1977
8337,1308
8337,6014
8338,641
8338,834
8338,5675
8338,7445
8338,8638
8338,8959
8339,8320
8339,549
8339,6026
8339,5163
8339,5002
8339,6095
8339,3088
8339,5435
8339,6457
8339,8123
8339,5085
8340,609
8340,3588
8340,3045
8340,1932
8340,6041
8341,708
8341,2511
8341,5072
8341,2383
8341,951
8342,5668
8342,2526
8342,6919
8342,1964
8342,9998
8342,4438
8342,3799
8342,3258
8342,3966
8343,81
8343,3634
8343,6163
8344,6080
8344,7842
8344,5348
8344,2436
8344,8556
8344,1236
8344,3446
8344,9017
8345,4071
8345,1164
8345,463
8345,2102
8345,5750
8345,4825
8346,1313
8346,8609
8346,2053
8346,4839
8346,9130
8346,6487
8346,9624
8347,7074
8347,4787
8348,936
8348,5170
8348,7914
8348,8501
8349,9856
8349,6609
8351,620
8351,1759
8352,3234
8352,6779
8352,1151
8353,5025
8353,7590
8353,4646
8353,1286
8353,619
8353,3085
8353,4814
8353,3508
8353,5812
8353,8502
8353,8756
8353,4825
8353,7415
8353,3390
8354,3588
8354,9030
8354,3335
8354,4299
8354,5588
8355,6977
8355,3171
8355,8453
8355,4638
8355,8113
8355,8914
8355,2100
8355,2619
8355,3803
8355,702
8355,4863
8356,1633
8356,7368
8356,1291
8356,8076
8356,7886
8356,6639
8356,5040
8356,4846
8356,9972
8356,8637
8356,7518
8357,1473
8357,3875
8357,1092
8357,6887
8357,5868
8357,6391
8357,3887
8357,6519
8357,4955
8357,3807
8358,8515
8358,4933
8358,1189
8358,5484
8358,9039
8358,5555
8358,86
8358,8569
8359,1536
8359,4802
8359,2114
8359,4007
8359,5430
8359,5753
8359,4510
8359,9087
8360,4243
8360,9500
8360,7045
8361,6626
8361,7270
8361,3103
8362,7169
8362,1287
8362,9546
8362,8220
8362,3120
8362,4594
8362,507
8362,6263
8362,891
8362,5820
8362,8511
8363,6482
8363,1116
8363,2332
8364,6464
8364,3744
8364,8424
8364,5129
8364,2057
8364,4372
8364,8824
8364,6011
8366,5457
8366,1050
8366,731
8366,7799
8367,8481
8367,485
8367,3720
8367,2123
8367,9869
8367,269
8367,8559
8367,8941
8367,2033
8367,8109
8367,5747
8367,7119
8368,5588
8368,3924
8368,6950
8369,8590
8369,8531
8369,2680
8369,5531
8369,3709
8370,6371
8370,7909
8370,6598
8370,7943
8370,8084
8370,1051
8371,2215
8372,3266
8372,2213
8372,19
8372,8149
8372,9817
8373,4709
8373,5607
8373,7896
8373,4115
8373,2324
8373,1111
8373,6936
8374,5472
8374,2340
8374,4485
8374,7560
8374,7122
8374,3251
8374,4504
8375,9699
8375,5318
8375,8045
8375,6799
8375,6451
8375,1683
8375,2111
8376,8672
8376,7906
8376,9093
8376,1992
8376,4363
8376,8875
8376,2543
8376,3444
8376,3708
8376,1950
8377,1762
8377,5507
8377,7554
8377,2021
8377,6694
8377,652
8377,1166
8378,7361
8378,8003
8378,967
8378,7051
8378,6973
8378,5919
8379,7257
8379,6114
8379,3343
8380,4897
8380,2306
8380,2370
8380,8956
8380,3336
8380,8908
8380,6299
8380,3580
8381,162
8381,6279
8381,3403
8381,5054
8381,8958
8382,3718
8382,3559
8382,7948
8382,3316
8382,8119
8382,9338
8382,1343
8383,1699
8383,3208
8383,2409
8383,3473
8383,2297
8383,9050
8383,4411
8384,261
8384,4326
8384,871
8384,5932
8384,6000
8384,8183
8384,7992
8384,6911
8385,7241
8385,1191
8386,1888
8386,9059
8386,6033
8386,8779
8387,8067
8387,2311
8387,427
8387,1580
8387,914
8387,6933
8387,565
8387,1754
8387,4699
8387,158
8387,5823
8388,1664
8388,7251
8388,4847
8389,4529
8389,1394
8389,6435
8389,1386
8390,9504
8390,145
8391,6948
8391,8809
8391,2419
8391,9750
8391,886
8391,8571
8392,3014
8392,2007
8392,7026
8392,4597
8392,8853
8392,1333
8392,2264
8392,4665
8392,2136
8392,1335
8393,3816
8393,403
8393,1685
8393,4662
8393,5559
8393,2973
8394,4320
8394,2597
8394,7302
8394,6957
8394,3054
8394,5231
8394,5524
8395,704
8395,8739
8395,8266
8395,7437
8395,9550
8395,7475
8395,8595
8395,7093
8395,6869
8395,8087
8395,4604
8396,7328
8396,1186
8396,5027
8396,3782
8396,5129
8396,2763
8396,4334
8396,8623
8396,4176
8396,593
8396,2928
8396,3510
8397,1956
8397,3562
8397,1484
8397,3375
8397,725
8397,6486
8397,1144
8397,220
8398,8483
8398,6291
8398,4011
8399,9505
8399,3140
8399,2971
8399,7646
8399,6853
8399,242
8399,4990
8399,4020
8399,7795
8399,8923
8399,5534
8400,5714
8400,7011
8400,1244
8400,8653
8401,384
8401,6499
8401,1163
8401,6193
8401,3316
8402,6649
8402,9932
8402,972
8402,5145
8403,992
8403,1220
8403,2598
8403,1961
8403,4170
8403,2569
8403,524
8403,4781
8403,8881
8403,5810
8403,6361
8404,241
8404,4914
8404,3693
8404,2639
8405,7680
8405,1640
8405,3529
8405,458
8405,1900
8405,6956
8405,6063
8405,3897
8406,2880
8406,4227
8406,7719
8406,2728
8406,2344
8406,9876
8406,1111
8406,5821
8407,4000
8407,6112
8407,8544
8407,9001
8407,4330
8407,8778
8407,6604
8407,4374
8407,5369
8407,8412
8408,9097
8408,4398
8408,7439
8408,8084
8408,1119
8408,7579
8408,7998
8408,6911
8409,645
8409,7080
8409,2091
8409,7213
8409,9422
8409,2288
8409,3512
8410,3396
8410,4164
8410,9478
8410,1223
8410,2340
8410,1769
8410,2770
8410,2771
8410,7284
8410,852
8410,600
8410,9374
8411,2592
8411,9857
8411,3808
8411,4232
8411,946
8411,9629
8412,5760
8412,1411
8412,3493
8412,7846
8412,3719
8412,8145
8412,82
8412,405
8412,1942
8412,378
8412,1758
8413,4593
8413,2492
8413,8453
8413,7175
8414,9656
8414,7864
8414,8182
8415,5597
8415,5249
8415,5247
8415,3
8415,4806
8415,9832
8415,7979
8415,5388
8415,2733
8415,3122
8415,627
8415,1469
8415,1631
8416,7201
8416,1860
8417,2240
8418,6723
8418,7307
8419,5252
8419,2724
8419,2021
8419,9894
8420,9762
8420,323
8420,8905
8420,9644
8420,562
8420,8372
8420,5876
8421,8896
8421,2050
8421,6980
8421,8165
8421,3024
8421,689
8421,1299
8421,2870
8421,7575
8421,315
8422,6759
8422,3789
8422,304
8422,1873
8422,6455
8423,8885
8424,5696
8424,5990
8424,2505
8424,2410
8424,5587
8424,9275
8425,4481
8425,1127
8425,8361
8425,9003
8425,2158
8425,3951
8425,8016
8425,9395
8425,6163
8425,6772
8425,7258
8425,3454
8426,2688
8426,1859
8426,643
8426,1518
8426,2576
8426,3954
8426,7926
8426,3351
8426,349
8427,9518
8427,3794
8427,7189
8427,5301
8427,4346
8428,2087
8429,67
8429,5800
8429,882
8429,6933
8429,9559
8429,6234
8429,412
8429,1693
8429,1918
8430,5788
8430,3171
8430,9317
8430,1157
8430,7592
8430,6000
8430,5173
8430,3226
8430,2876
8431,9475
8431,2259
8432,3051
8432,2069
8432,5567
8433,993
8433,9444
8433,1000
8433,9167
8433,2512
8433,4176
8433,6768
8433,4085
8434,4104
8434,2984
8434,2603
8434,5163
8434,5389
8434,9391
8434,8658
8435,3041
8435,2790
8435,2982
8435,6474
8435,7599
8435,9905
8435,4115
8435,9396
8435,4051
8435,1751
8435,5275
8435,9949
8435,5822
8436,282
8436,938
8436,8867
8436,1956
8437,6896
8437,5204
8437,7319
8438,9707
8438,3733
8438,3766
8438,4835
8439,2915
8439,6564
8439,9574
8439,7398
8439,873
8439,2091
8439,2636
8439,7857
8439,918
8439,5023
8439,825
8439,7999
8440,449
8440,2562
8440,162
8440,1089
8440,8614
8440,3626
8440,6159
8440,3569
8440,183
8440,7192
8440,4794
8442,3525
8442,7721
8442,1835
8442,4876
8442,4492
8442,6611
8442,4179
8442,8469
8442,6903
8442,3640
8443,393
8443,7451
8443,8046
8444,8306
8444,3398
8445,7363
8445,805
8445,6853
8445,4197
8445,4936
8445,1706
8445,9324
8445,6335
8446,1762
8446,8039
8447,4418
8447,9670
8447,9549
8447,7054
8447,4305
8447,9620
8447,698
8447,7196
8447,5341
8448,6928
8448,5286
8449,7685
8449,8294
8449,6666
8449,7115
8449,5105
8449,4662
8449,9567
8450,4526
8450,8855
8451,4772
8451,2792
8451,4556
8451,9645
8451,9871
8451,4306
8451,7261
8451,4095
8452,6468
8452,3305
8452,9294
8452,6511
8452,2355
8452,9304
8453,1780
8453,9398
8453,6727
8454,76
8454,6159
8454,5551
8454,6706
8454,9202
8454,7831
8454,3934
8455,8367
8455,8789
8455,8662
8455,8094
8455,2975
8456,6839
8457,8392
8457,5453
8457,1711
8457,8433
8457,4404
8457,3421
8458,7392
8458,8864
8458,2603
8458,8108
8458,525
8458,2446
8458,2703
8458,2161
8458,4888
8458,9017
8458,1695
8459,903
8459,7312
8459,945
8459,786
8459,3029
8459,3321
8459,4445
8459,6077
8460,502
8461,7878
8461,7816
8461,1164
8461,7313
8461,2419
8461,9049
8461,6106
8461,8669
8462,6977
8462,7268
8462,8971
8462,7085
8462,786
8463,814
8463,655
8463,6003
8463,5076
8463,309
8463,952
8464,896
8464,7904
8464,4965
8464,742
8464,7083
8464,8209
8464,3058
8464,6516
8464,6269
8465,2185
8465,6273
8465,4579
8465,9839
8466,2755
8466,9452
8466,6285
8466,1554
8466,7191
8467,2816
8467,6082
8467,1442
8467,11
8467,46
8467,6490
8467,8254
8468,3008
8468,7649
8468,4165
8468,5223
8468,7723
8468,4973
8468,5330
8468,5332
8468,8118
8469,960
8469,9666
8469,5646
8469,7927
8469,6391
8469,2300
8470,8914
8470,2614
8471,4792
8471,8633
8471,7454
8472,7585
8472,36
8472,205
8472,109
8472,2672
8472,8725
8473,6598
8473,2345
8473,8716
8473,4342
8473,4281
8473,3868
8474,6168
8474,9999
8475,6978
8475,1894
8475,7976
8475,5226
8475,555
8475,762
8475,443
8476,1027
8476,3172
8476,6246
8476,8394
8476,6156
8476,122
8476,4380
8477,6053
8477,527
8478,1188
8478,8581
8478,3176
8478,178
8478,734
8479,4673
8479,674
8479,450
8479,1583
8479,9844
8479,153
8479,6522
8480,7906
8480,1579
8481,5096
8481,7113
8481,4811
8481,8523
8481,1334
8481,4219
8481,6655
8482,6553
8482,4142
8482,2415
8482,5366
8482,119
8482,1721
8482,8796
8482,9181
8483,773
8483,9125
8483,8302
8483,2929
8483,116
8483,2716
8484,5379
8484,2373
8484,45
8484,4849
8484,6264
8485,3233
8485,8836
8485,3815
8485,717
8485,8077
8485,2162
8485,5493
8485,4631
8486,806
8487,8411
8487,9196
8487,1598
8487,1519
8488,6304
8488,4354
8488,1255
8488,8661
8488,8093
8489,4677
8489,1830
8489,9605
8489,454
8489,7658
8489,7819
8489,6286
8489,5169
8489,7800
8489,6587
8489,2621
8490,5313
8490,6817
8490,2726
8490,9418
8490,5230
8490,4719
8490,9912
8491,864
8491,4072
8492,3329
8492,2107
8492,1118
8493,5927
8494,9697
8494,9761
8494,2661
8494,230
8494,3398
8494,6824
8494,6375
8494,1776
8494,3668
8494,3189
8494,4249
8494,5628
8495,8672
8495,8029
8495,6
8496,8707
8496,6179
8496,552
8496,555
8496,1325
8496,4179
8496,1048
8496,2685
8496,6270
8497,7780
8497,5674
8497,6955
8497,7436
8497,1805
8497,1966
8497,1588
8497,4602
8498,3209
8498,5649
8498,3957
8498,6167
8498,5849
8498,5212
8498,255
8499,6625
8499,1860
8499,798
8499,3577
8499,6299
8499,8862
8500,8563
8500,3118
8501,3072
8501,2913
8501,2021
8501,3997
8501,1488
8501,8370
8501,1843
8501,9305
8501,5437
8501,701
8501,9566
8502,9992
8502,6921
8502,6922
8502,4971
8502,2953
8502,8910
8502,9872
8502,5169
8502,7508
8502,2775
8502,8345
8502,4667
8503,8610
8503,4415
8503,6440
8503,1961
8503,137
8503,367
8503,7088
8503,5303
8503,3450
8503,1499
8503,4799
8504,7520
8504,8865
8504,8418
8504,165
8504,2280
8504,6862
8504,2129
8504,7378
8504,8565
8505,5521
8505,6002
8505,8659
8505,9205
8505,5815
8505,7419
8506,6149
8506,8394
8506,5964
8506,9236
8506,440
8506,6650
8506,5819
8507,5113
8508,9330
8508,379
8508,6837
8508,472
8508,3643
8508,2558
8509,5951
8509,1029
8509,2375
8510,2904
8510,4795
8511,7174
8511,38
8511,6408
8511,5968
8511,8530
8511,1171
8511,3764
8511,9146
8512,3651
8512,3051
8512,5969
8512,9398
8512,5820
8512,7614
8513,6900
8513,6190
8514,6149
8514,6395
8514,9528
8514,8281
8514,2011
8515,8516
8515,9959
8515,1169
8515,850
8515,6518
8515,2263
8516,3107
8516,8187
8517,448
8517,4396
8517,1264
8517,5044
8517,5525
8517,5017
8518,6949
8518,4169
8518,3916
8518,4590
8518,5012
8518,1625
8518,7067
8518,8702
8519,9156
8519,6885
8519,3591
8519,1196
8519,2108
8519,2448
8519,7420
8520,0
8520,7012
8520,7431
8520,7881
8520,7863
8520,1515
8520,9135
8520,4212
8520,5940
8520,87
8520,9337
8520,1755
8520,9180
8520,1053
8521,4585
8521,8781
8521,7493
8522,677
8523,9731
8523,2315
8523,6701
8523,471
8523,8927
8524,4481
8524,1254
8524,6887
8524,5739
8524,9135
8524,7056
8524,3217
8524,1075
8524,9628
8524,4126
8525,2402
8525,2884
8525,9830
8525,358
8525,9035
8525,523
8525,3437
8525,12
8525,1423
8525,9650
8525,1811
8525,1460
8525,8124
8525,6431
8526,801
8526,4195
8526,165
8526,5286
8526,5737
8526,170
8526,6155
8526,6541
8526,177
8526,3996
8526,4221
8526,2430
8527,7873
8527,2209
8527,3527
8527,5679
8527,4946
8527,7197
8528,5986
8528,8035
8528,2563
8528,8485
8528,3365
8528,1989
8528,4008
8528,2346
8528,8685
8528,8813
8528,5714
8528,248
8528,7994
8529,5186
8529,2121
8529,7308
8529,6171
8529,5819
8530,6153
8530,9488
8530,5939
8530,5176
8530,3385
8530,9786
8530,9179
8530,5818
8531,5122
8531,4998
8531,9990
8531,4294
8531,2418
8531,9427
8532,3920
8532,8255
8533,5200
8533,8292
8533,4197
8533,4766
8534,1830
8534,298
8534,4173
8534,8846
8534,3888
8534,2866
8535,1096
8535,8778
8535,2291
8535,6136
8535,2651
8535,4062
8535,2719
8536,1699
8536,6599
8536,2769
8536,1592
8536,9593
8537,6921
8538,898
8538,5860
8538,4752
8538,5457
8538,7991
8538,1721
8539,3076
8539,8277
8539,750
8540,2707
8541,4689
8541,7673
8541,9070
8541,3983
8542,6177
8542,9251
8542,1287
8542,6506
8542,5932
8542,2928
8542,5008
8542,5235
8542,8916
8542,3413
8542,532
8542,2876
8542,5149
8543,7169
8543,9475
8544,9733
8544,1255
8544,5202
8544,8918
8544,9785
8544,734
8545,2393
8545,9485
8545,46
8546,7082
8546,195
8547,4423
8547,1422
8547,6130
8547,1459
8547,5267
8547,1302
8547,4343
8547,6806
8548,3717
8548,4233
8548,3211
8548,8083
8548,7830
8548,3735
8548,3362
8548,5540
8548,4782
8548,5935
8548,9397
8548,827
8548,7629
8548,7511
8548,2523
8548,7519
8548,8166
8548,7276
8548,6013
8549,4414
8549,3393
8549,3430
8549,874
8549,8750
8549,3442
8549,8152
8549,5338
8549,5627
8549,9342
8550,5186
8550,1956
8550,4479
8550,8936
8550,6959
8550,5237
8550,7352
8550,8287
8551,2632
8551,6184
8551,6384
8551,7988
8551,7959
8551,3832
8551,3417
8551,4255
8552,2243
8552,2247
8552,8009
8552,8395
8552,3502
8552,4370
8552,9749
8552,1014
8552,3159
8552,3643
8552,8287
8552,3007
8553,7580
8553,9218
8553,9908
8553,4124
8554,2400
8554,2723
8554,2699
8554,7790
8554,8783
8554,4690
8554,8286
8554,2783
8555,5392
8555,9993
8555,4268
8555,5359
8556,5504
8556,4835
8556,6244
8556,6341
8556,1220
8556,1575
8556,328
8556,777
8556,2474
8556,5350
8556,8317
8556,3229
8556,6525
8557,1088
8557,2819
8557,7367
8557,5003
8557,3950
8557,9233
8557,6781
8558,4288
8558,8665
8558,5259
8559,4333
8559,6906
8559,8627
8559,6037
8560,4096
8560,8524
8560,6701
8560,7799
8560,7643
8560,4606
8560,9887
8561,8513
8561,8138
8561,909
8561,9168
8561,5782
8561,2111
8562,3942
8562,4302
8562,1742
8562,5617
8562,1534
8563,1769
8563,4562
8564,1377
8564,7361
8564,2691
8564,2949
8564,9358
8564,4590
8564,2547
8564,4918
8564,3447
8564,922
8565,4224
8565,6915
8565,165
8565,359
8565,6987
8565,8974
8565,175
8565,1808
8565,7474
8565,8052
8565,1142
8565,5853
8566,2432
8566,7268
8566,7215
8566,2231
8566,6297
8567,6204
8567,1973
8568,5378
8568,7363
8568,9316
8568,1318
8568,1131
8568,7469
8568,9615
8568,4983
8568,6519
8569,1120
8569,9155
8569,1796
8569,7946
8569,1931
8569,6636
8569,239
8569,2127
8569,8691
8569,2932
8569,2710
8569,2999
8569,1627
8569,7867
8570,8288
8570,6113
8570,9316
8570,8617
8570,394
8570,2095
8570,4304
8570,3922
8570,788
8570,4637
8571,9856
8571,6081
8572,7658
8572,1715
8572,8099
8572,5550
8573,5799
8573,4620
8573,7601
8573,7954
8573,7702
8573,1688
8574,5436
8576,3781
8576,1413
8577,3141
8577,615
8577,5448
8577,3019
8577,2193
8578,1604
8578,6763
8578,108
8578,7476
8578,8629
8579,5832
8579,553
8579,3888
8579,8923
8579,5052
8580,3872
8580,7713
8580,9066
8580,1323
8580,5646
8580,8244
8580,182
8580,7897
8581,4929
8581,5860
8581,1546
8581,1644
8581,1906
8581,124
8582,3540
8582,7300
8582,4523
8582,3908
8583,6855
8583,7881
8583,8460
8583,1075
8583,3828
8583,7101
8584,5993
8584,2498
8584,5699
8584,8447
8585,5408
8585,7625
8586,6922
8586,4629
8587,5153
8587,35
8587,6011
8587,1289
8587,7210
8587,1132
8587,4687
8587,8241
8587,6840
8587,8859
8587,2076
8587,9022
8587,6207
8588,4355
8588,3813
8588,6550
8589,6498
8589,1062
8589,4775
8589,8521
8589,1303
8589,7351
8589,1822
8590,7138
8590,7491
8590,871
8590,4776
8590,1269
8591,7172
8591,1580
8591,629
8591,2711
8591,2937
8592,9281
8592,8483
8592,4654
8593,9936
8593,9466
8593,3135
8594,3297
8594,4132
8594,6600
8594,2761
8594,9166
8594,2677
8594,5849
8594,831
8595,6701
8595,6719
8596,4801
8596,2561
8596,5994
8596,7629
8596,4719
8596,8659
8596,9878
8596,3419
8596,8958
8597,2562
8597,6021
8597,5789
8597,2790
8597,9994
8597,4362
8597,3636
8597,4277
8597,3549
8598,3169
8598,4014
8598,5455
8598,6257
8598,2450
8599,3436
8599,9149
8600,3646
8600,9619
8600,1198
8601,1700
8601,9225
8601,6825
8601,4562
8601,8243
8601,1300
8601,6005
8601,4374
8602,8387
8602,6341
8602,4562
8602,4083
8602,1652
8602,2106
8602,6940
8603,1501
8603,4005
8603,1865
8603,4522
8603,2414
8603,2774
8603,3259
8603,3293
8604,2185
8604,7726
8604,3246
8604,4112
8604,9392
8604,7126
8605,1664
8605,809
8605,9738
8605,9678
8605,5615
8606,7906
8606,5028
8606,7687
8606,5646
8606,7421
8607,5251
8607,6218
8607,3919
8607,1521
8607,8401
8607,9747
8607,1077
8607,8822
8607,8249
8607,3387
8608,971
8608,501
8609,2176
8609,5506
8609,1151
8609,4495
8610,1425
8610,8298
8610,971
8610,4354
8611,1382
8611,4583
8611,6089
8611,2314
8611,2954
8611,3922
8612,8033
8612,6946
8612,1311
8612,613
8612,966
8612,8039
8612,8391
8612,1529
8612,5753
8612,8433
8612,1779
8612,9049
8612,6842
8612,8187
8612,7004
8612,5182
8612,9502
8613,643
8613,6890
8613,7852
8613,8335
8613,5201
8613,2322
8613,926
8614,1409
8614,1249
8614,1831
8614,2155
8614,689
8614,7282
8614,7571
8614,8404
8615,3360
8615,4580
8615,2503
8615,8856
8615,6254
8615,8113
8615,2899
8615,5624
8615,9209
8615,2300
8616,3623
8616,2153
8616,6348
8616,4885
8616,7862
8616,7481
8616,9562
8616,8573
8617,6544
8617,5456
8617,3004
8618,8641
8618,6497
8618,2213
8618,5287
8618,2088
8618,1065
8618,7304
8618,8365
8618,7373
8618,1686
8618,633
8620,6825
8620,8330
8621,4385
8621,6725
8621,5030
8621,2664
8621,7280
8621,2036
8621,7127
8621,7006
8621,8607
8622,1677
8622,7248
8622,401
8622,1494
8622,3383
8622,2586
8622,2108
8623,3173
8623,230
8623,7783
8623,464
8623,7568
8623,2815
8623,4660
8623,7516
8623,1725
8623,8223
8624,6976
8624,2053
8624,2119
8624,6151
8624,8620
8624,6894
8624,4111
8624,1265
8624,1621
8624,2199
8625,2272
8625,6721
8625,548
8625,5223
8625,4201
8625,74
8625,7435
8625,3755
8625,7933
8625,7294
8625,5406
8626,6520
8626,7822
8626,5063
8627,1328
8627,7121
8627,564
8627,8993
8628,8961
8628,167
8628,2671
8628,244
8628,6292
8628,1017
8628,7327
8629,1313
8629,2410
8629,1779
8629,6493
8630,9473
8630,7376
8630,5425
8630,2265
8630,7803
8631,872
8631,6405
8631,9189
8631,6271
8632,3225
8632,8729
8632,215
8632,5113
8632,5341
8633,2757
8633,4107
8633,6892
8633,7087
8633,2519
8633,6716
8634,4577
8634,2436
8634,842
8634,622
8634,9392
8634,7506
8634,182
8634,9305
8634,3773
8634,7262
8635,9891
8635,2003
8635,340
8635,2328
8635,8794
8635,315
8635,8829
8636,5651
8636,1028
8637,6642
8637,1567
8638,99
8638,2395
8638,671
8639,7008
8639,994
8639,4899
8639,7396
8639,5835
8639,7730
8640,2821
8640,4652
8640,3437
8640,2553
8640,4304
8640,2646
8640,7481
8640,6044
8640,2815
8641,6241
8642,5192
8642,5102
8642,4430
8642,4383
8643,5344
8643,1702
8643,7176
8643,7124
8643,5468
8643,9245
8643,2111
8644,963
8644,7560
8644,3656
8644,4586
8644,3985
8644,1012
8644,1301
8644,6740
8644,3069
8645,2138
8645,1134
8646,2432
8646,7689
8646,1387
8646,5484
8646,2509
8646,3662
8646,5742
8646,6571
8646,3282
8646,8406
8646,859
8646,6524
8647,6314
8647,9325
8648,7654
8648,778
8648,4106
8648,2609
8648,2994
8648,5206
8648,3707
8648,9310
8649,4192
8649,9601
8649,8034
8649,5061
8649,3975
8649,7083
8649,9421
8649,5776
8649,1236
8649,1494
8649,3671
8649,124
8650,1890
8650,9605
8650,6090
8650,6540
8650,9868
8650,7791
8650,4634
8650,5620
8650,8981
8650,5428
8650,6202
8650,1852
8652,4002
8652,4422
8653,4608
8653,313
8653,6857
8653,4974
8653,8401
8653,3356
8653,5749
8653,2073
8653,9596
8654,9217
8654,3938
8654,2406
8654,2105
8654,9374
8655,610
8655,1891
8655,2541
8655,7728
8655,8690
8655,9655
8655,3255
8655,8922
8656,8048
8656,986
8656,6818
8657,7780
8657,8904
8657,8043
8657,1144
8657,8826
8657,8091
8657,4509
8657,6974
8658,5
8658,7113
8658,4074
8658,3663
8658,6768
8658,8343
8658,2649
8658,8638
8659,3744
8659,5483
8659,6805
8659,7228
8659,4990
8660,3555
8660,5036
8660,1389
8661,4826
8662,293
8662,1896
8662,7921
8662,5907
8662,5503
8663,4411
8663,4870
8664,7047
8664,1986
8664,670
8664,3287
8665,4163
8665,8965
8665,971
8665,3917
8665,3119
8665,2901
8665,5819
8666,2872
8666,1885
8666,1751
8667,1536
8667,129
8667,7075
8667,8677
8667,5162
8667,4459
8667,9900
8667,2957
8667,940
8667,305
8667,1426
8667,4597
8667,1815
8667,5144
8667,6809
8667,6328
8667,3256
8667,6495
8668,3812
8668,7749
8668,357
8668,4873
8668,169
8668,8844
8668,3981
8668,6576
8668,8722
8668,6037
8668,3832
8668,4473
8668,1278
8669,2922
8669,2062
8670,6177
8670,770
8670,3752
8670,7634
8670,3543
8670,7161
8670,6557
8671,3528
8671,5381
8671,4232
8672,3428
8672,1351
8673,5761
8673,8806
8673,9205
8673,5206
8673,3996
8674,194
8674,1598
8674,6591
8675,1978
8675,3873
8675,5701
8675,5798
8675,4614
8675,1481
8675,9420
8675,9548
8675,1548
8675,2068
8675,7796
8675,7288
8675,1402
8675,1659
8675,3420
8676,5063
8676,9481
8676,3819
8676,1901
8676,8567
8676,5402
8677,9187
8677,6214
8677,3014
8677,1224
8677,4072
8677,206
8677,5072
8677,4913
8677,4756
8677,3445
8677,7674
8678,7709
8678,4229
8678,3662
8678,8914
8678,6675
8678,1620
8678,9203
8678,1368
8678,2525
8678,3806
8679,3111
8679,9805
8679,8813
8679,1168
8679,4561
8679,1657
8679,3453
8679,6911
8680,7077
8680,5927
8680,7367
8680,6417
8680,828
8681,353
8681,8164
8681,3194
8681,5789
8681,2955
8681,7500
8681,6159
8681,3855
8681,7508
8681,8057
8681,6042
8681,3869
8682,1152
8682,6657
8682,7555
8682,741
8682,5064
8682,3884
8682,8333
8682,5360
8682,8626
8682,8628
8682,5086
8683,6764
8683,4814
8683,2131
8683,4695
8683,6680
8683,6041
8683,5627
8683,5308
8683,4701
8683,7294
8684,6914
8684,8453
8684,614
8684,3622
8684,2376
8684,7467
8684,4076
8684,333
8684,4943
8684,8752
8684,6511
8684,7282
8684,8367
8684,5813
8684,5016
8684,793
8685,3896
8685,1451
8686,3304
8686,7699
8686,3432
8687,4776
8687,7990
8687,864
8687,4438
8688,8059
8688,8815
8689,8482
8689,1764
8689,837
8689,6825
8689,618
8689,6766
8689,6202
8689,5695
8690,1000
8691,7307
8692,4711
8692,235
8692,9869
8692,4430
8692,3437
8692,664
8692,7710
8693,713
8693,7834
8693,7647
8694,8424
8694,6068
8695,4450
8695,4414
8695,3407
8696,3458
8696,4612
8696,6633
8696,7249
8696,2518
8696,4855
8696,1529
8696,8539
8696,2399
8697,8811
8697,6945
8697,4875
8697,1093
8698,6430
8698,9386
8698,7349
8698,5822
8698,4575
8699,9475
8699,551
8699,3209
8699,3053
8699,4206
8699,6973
8699,351
8700,1092
8701,4943
8701,1586
8701,8755
8701,4757
8701,8056
8701,4761
8701,1500
8702,9712
8702,2067
8702,7323
8702,9005
8703,2858
8703,7187
8703,2111
8704,5220
8704,4870
8704,5066
8704,8689
8704,82
8704,5429
8705,5172
8705,2325
8706,7528
8707,1808
8707,2025
8707,2611
8707,4447
8708,7657
8708,1534
8709,552
8709,720
8709,1649
8709,6707
8709,981
8710,7136
8710,2373
8710,8488
8710,1806
8710,7352
8710,4158
8711,3800
8711,8852
8711,152
8711,2140
8711,8989
8712,8450
8712,8419
8712,6436
8712,8740
8712,9618
8712,3355
8713,2434
8713,2502
8713,3986
8713,6932
8713,2813
8713,5886
8714,8504
8714,5317
8715,2376
8715,1483
8715,2493
8716,609
8716,4098
8716,2147
8716,8548
8716,9853
8716,1512
8716,6797
8716,8885
8716,5017
8716,3613
8716,7999
8717,4128
8717,1090
8717,870
8717,679
8717,5615
8717,7696
8717,4497
8717,5719
8718,6980
8718,9774
8718,5112
8718,88
8718,6524
8719,6256
8719,3194
8719,1588
8719,9679
8720,3041
8720,9538
8720,354
8720,4038
8720,8712
8720,1577
8720,6697
8720,7308
8720,6541
8720,9774
8720,2831
8720,1711
8720,4149
8720,1942
8720,1372
8721,233
8721,8282
8721,2347
8721,5524
8722,6756
8722,8837
8722,7017
8722,909
8722,3631
8722,9808
8722,7440
8722,2383
8722,4023
8722,3832
8722,3193
8722,2364
8722,3134
8722,9823
8723,4258
8723,1253
8723,652
8723,7344
8723,6096
8723,5170
8723,2044
8723,6685
8723,9247
8724,832
8724,326
8724,9833
8724,4652
8724,6160
8724,3537
8724,1013
8724,6360
8724,8217
8724,5754
8724,7548
8725,228
8725,4902
8725,2797
8725,7574
8725,3675
8726,2383
8727,9697
8727,7747
8727,3271
8727,1097
8727,6635
8727,1389
8727,7253
8728,66
8728,9187
8728,2628
8728,4802
8728,8709
8728,1931
8728,1421
8728,1332
8728,4404
8728,2068
8729,8007
8729,6699
8729,5547
8729,5264
8729,6001
8729,20
8729,212
8729,7381
8729,7350
8729,7097
8729,3263
8730,6025
8730,2546
8730,3844
8730,6877
8731,8608
8731,6055
8731,8522
8731,8208
8731,5329
8731,4475
8731,8763
8732,7616
8732,7585
8732,5573
8732,5992
8732,4937
8732,5162
8732,1417
8732,4944
8733,4325
8733,5286
8733,839
8733,1743
8733,2043
8734,7264
8734,7905
8734,6146
8734,8452
8734,9956
8734,2406
8734,5352
8734,2312
8734,9801
8734,4589
8734,3600
8734,689
8734,6548
8734,5301
8734,2137
8734,7451
8734,3932
8734,8957
8735,7248
8735,577
8736,2731
8736,7798
8736,6391
8736,5086
8736,5471
8737,7682
8737,3767
8737,9421
8737,6228
8737,5620
8737,4535
8737,4699
8738,196
8738,6150
8738,7783
8738,3398
8738,5993
8738,3113
8738,8271
8738,3031
8738,8893
8738,6110
8739,3009
8739,1025
8739,6919
8739,2024
8739,6761
8739,2154
8739,3217
8739,5362
8739,3349
8739,6518
8739,3066
8739,9019
8739,6588
8740,2931
8740,5757
8740,9167
8741,3040
8741,8641
8741,9856
8741,5127
8741,8625
8741,5077
8741,501
8741,3673
8742,4937
8742,1729
8742,1209
8742,6397
8743,4544
8743,248
8743,7810
8743,611
8743,7940
8743,2138
8743,4110
8743,3249
8743,629
8743,4536
8743,8538
8744,872
8744,104
8744,5547
8744,8782
8744,1297
8744,5587
8745,3427
8745,776
8745,8648
8745,7437
8745,3889
8745,3858
8745,3829
8745,6807
8745,698
8745,7771
8745,412
8746,388
8746,8357
8746,3366
8746,1767
8746,7784
8746,1897
8746,6027
8746,5869
8746,1070
8746,8145
8747,2692
8747,1567
8748,3659
8748,6990
8748,3344
8748,7549
8748,445
8749,1219
8749,516
8749,3694
8749,6894
8749,9230
8749,7632
8749,6864
8749,1746
8749,3639
8749,7066
8750,4586
8750,1004
8750,5654
8750,3831
8750,6139
8750,1821
8750,8575
8751,5032
8752,6671
8752,7571
8752,1141
8752,9879
8752,4762
8753,6082
8753,868
8753,8048
8753,3024
8753,2077
8753,1047
8753,1368
8753,7133
8753,1855
8754,6537
8754,7824
8754,2779
8754,5916
8754,8319
8755,7171
8755,8925
8755,2739
8755,5044
8755,4247
8755,7226
8755,1883
8755,1723
8756,9426
8756,3411
8756,1938
8756,5142
8756,5660
8756,6909
8757,1369
8757,9841
8757,3393
8757,5663
8758,3719
8758,4584
8758,910
8758,1360
8758,638
8759,3872
8759,3983
8759,8274
8759,9396
8759,2613
8759,377
8759,5339
8760,7526
8760,6919
8760,5960
8760,8394
8760,1162
8760,2028
8760,5329
8760,6484
8760,8829
8761,3057
8761,1438
8762,5792
8762,8544
8762,2373
8762,6055
8762,7432
8762,2794
8762,79
8762,7570
8762,4445
8762,5214
8763,3239
8763,1032
8763,1803
8763,5548
8763,6766
8763,3733
8763,4501
8764,354
8764,966
8764,9203
8764,9876
8764,8061
8765,7041
8765,196
8765,8553
8765,5834
8765,7024
8765,8466
8765,987
8765,284
8766,320
8766,9505
8766,8996
8766,69
8766,5113
8766,4315
8767,4227
8767,8662
8767,9638
8767,6259
8768,3250
8768,6052
8768,5191
8768,9044
8769,3517
8769,9599
8770,7912
8771,6145
8771,5860
8771,275
8771,7220
8771,5979
8772,7804
8772,9006
8772,2286
8772,7024
8772,7601
8772,5394
8772,2323
8772,474
8772,8668
8772,9758
8773,8449
8773,6465
8773,6563
8773,4039
8773,8798
8773,4575
8773,2863
8773,3888
8773,8501
8773,8952
8773,7769
8773,8828
8773,5342
8773,6879
8774,5825
8774,6017
8774,6886
8774,2431
8774,3400
8774,8978
8774,6419
8774,6421
8774,4632
8774,3130
8774,7293
8774,6750
8774,9023
8775,2176
8775,5153
8775,6242
8775,4779
8775,5045
8776,760
8776,3314
8776,3007
8777,7140
8777,933
8777,9674
8777,5999
8777,7024
8777,4015
8777,8692
8777,3222
8777,2206
8779,2048
8779,198
8779,1419
8779,4653
8779,6389
8779,8629
8780,192
8780,2215
8780,210
8780,3346
8780,4286
8781,7301
8781,2826
8781,6092
8781,7958
8781,637
8782,1861
8782,2631
8782,7783
8782,8976
8782,8913
8783,4414
8783,1005
8783,5423
8783,3471
8783,7192
8783,7036
8783,3166
8784,5261
8784,7537
8784,3316
8784,308
8784,4791
8784,9534
8785,2564
8785,5685
8785,2919
8785,167
8786,5121
8786,585
8786,6955
8786,2003
8786,5940
8786,3989
8786,3544
8786,2812
8787,2369
8787,6914
8787,2978
8787,7713
8787,1925
8787,7659
8787,9007
8787,1136
8787,8503
8787,9369
8788,1446
8788,5610
8788,140
8788,7707
8788,158
8789,7657
8789,6028
8789,5069
8789,8816
8789,3728
8789,8722
8789,3571
8789,1552
8789,475
8791,8577
8791,2491
8791,6611
8791,254
8792,2787
8792,900
8792,729
8792,9147
8792,8508
8793,1897
8793,2731
8793,5774
8793,4302
8793,1967
8793,7377
8794,8416
8794,9891
8794,1805
8794,6734
8794,1421
8794,6936
8794,8309
8794,4150
8794,1751
8794,3128
8794,6101
8794,6423
8794,4671
8795,4419
8795,8338
8795,9587
8795,5054
8795,2713
8795,8892
8795,5278
8796,5620
8796,4423
8797,6944
8797,4812
8797,6641
8797,9777
8797,6867
8797,9685
8797,7993
8797,2426
8797,3803
8797,2524
8798,3696
8798,761
8798,4506
8799,1505
8799,2058
8799,7020
8799,8524
8799,7630
8799,2333
8799,4383
8800,3264
8800,2313
8800,363
8800,5895
8801,2265
8801,5241
8802,7057
8802,404
8802,6398
8803,1569
8804,4352
8804,4546
8804,4105
8804,8399
8804,80
8804,7380
8804,8955
8805,392
8805,8577
8805,1425
8805,5931
8806,7856
8806,6191
8806,8781
8806,5989
8807,3776
8807,5378
8807,5000
8807,4200
8807,5513
8807,4854
8807,1718
8807,3228
8807,7166
8807,2495
8808,9789
8808,1207
8810,4513
8810,257
8810,1412
8810,3080
8810,2794
8810,4330
8810,3536
8810,178
8810,1907
8810,1746
8810,7127
8810,1023
8810,1695
8811,7642
8812,4096
8812,5957
8812,6410
8812,7498
8812,3319
8812,4413
8812,4508
8812,5693
8813,2741
8813,2007
8814,4520
8814,337
8814,8308
8814,5913
8814,1563
8815,4227
8815,8676
8815,6599
8815,7438
8815,8207
8815,1904
8815,5625
8816,5193
8817,5348
8817,5668
8817,7141
8817,6988
8817,492
8817,7892
8817,6358
8817,3255
8817,765
8818,898
8818,204
8818,2035
8818,9844
8818,2261
8818,4051
8818,151
8818,3740
8819,6480
8820,5538
8820,2057
8820,4898
8820,4437
8821,5005
8822,9923
8822,1221
8822,2666
8822,4619
8822,8492
8822,9038
8822,4915
8822,3893
8822,2422
8822,4344
8822,8444
8822,7807
8823,9505
8823,5442
8823,5155
8823,5671
8823,4808
8823,1237
8823,6293
8823,7448
8823,8157
8823,9598
8824,1528
8824,7110
8825,5410
8825,3355
8826,9540
8826,1030
8826,6120
8826,1163
8826,3565
8826,5362
8826,7607
8826,3387
8826,4092
8826,572
8827,5633
8827,3757
8827,8814
8827,251
8827,7320
8827,6073
8827,1019
8828,4160
8828,4276
8828,132
8828,7022
8829,3162
8829,1154
8830,1715
8831,3937
8831,9539
8831,1283
8831,4663
8831,6180
8831,3247
8831,5010
8831,661
8831,4759
8831,792
8831,3707
8832,5227
8832,4078
8832,8783
8832,9650
8832,1011
8832,2166
8832,4023
8832,5339
8833,8129
8833,1409
8833,8963
8833,4458
8833,6477
8833,6386
8833,1430
8833,3868
8833,9790
8834,8364
8834,1021
8834,6486
8835,6649
8835,8047
8836,9089
8836,931
8836,7878
8836,7943
8836,5356
8836,2385
8836,9555
8836,9011
8836,4661
8836,3414
8836,3286
8836,5244
8836,7167
8837,6569
8837,3763
8837,633
8837,9883
8837,380
8838,7635
8838,8716
8838,9214
8839,5930
8839,8587
8839,2554
8839,8444
8839,222
8840,8824
8840,7288
8841,7130
8841,6886
8841,8679
8841,3590
8841,3753
8841,6091
8841,8430
8841,5073
8841,7351
8841,9658
8842,3874
8842,4555
8842,8636
8843,288
8843,1793
8843,8230
8843,5033
8843,3277
8843,911
8843,3569
8843,8918
8843,8285
8843,3167
8844,5605
8844,2437
8844,5095
8844,7208
8844,5319
8844,3786
8844,8556
8844,5965
8844,3065
8845,1834
8845,7663
8845,601
8845,1360
8845,4722
8845,1715
8845,9493
8845,2966
8845,2101
8845,8729
8845,3674
8845,1244
8845,5374
8845,767
8846,4034
8846,1385
8846,3435
8846,8107
8846,6251
8846,3537
8846,5204
8846,5814
8846,5402
8846,5052
8846,7325
8847,6690
8847,8329
8847,403
8847,251
8847,9438
8848,7681
8848,6689
8848,4588
8848,2232
8848,9019
8849,1957
8850,258
8850,855
8850,8695
8851,840
8851,2400
8851,8815
8852,4408
8852,4036
8852,6413
8852,2364
8853,9932
8853,1325
8853,8697
8853,396
8853,4598
8853,3511
8853,920
8853,3385
8853,6842
8854,3558
8854,5446
8855,5313
8855,8837
8855,5775
8855,2224
8855,7472
8855,1718
8855,6489
8856,3303
8856,1642
8856,8333
8856,2095
8856,3281
8856,5336
8856,2841
8856,1691
8856,9276
8856,4670
8857,9553
8857,3526
8858,9352
8858,2265
8858,3955
8858,2132
8859,5698
8859,5295
8860,7808
8860,7105
8860,2116
8860,7143
8860,7722
8860,3883
8860,2603
8860,5069
8860,1554
8860,4825
8861,99
8861,1190
8861,5041
8861,1078
8861,534
8861,4894
8862,4888
8862,1793
8863,804
8863,6533
8863,6376
8863,9835
8863,3823
8863,981
8863,3672
8863,8282
8863,6651
8863,63
8864,3158
8864,2439
8865,8098
8865,4546
8865,1602
8866,5856
8866,352
8866,6980
8866,8954
8866,1199
8866,5044
8866,5142
8866,9783
8866,8729
8866,5882
8867,9990
8867,8522
8867,3979
8867,6289
8867,3966
8868,8545
8868,1765
8868,2344
8868,3437
8868,9680
8868,9369
8868,8926
8869,8551
8869,3912
8869,9618
8869,5141
8869,5591
8869,2746
8869,7358
8870,9561
8870,1876
8872,6183
8872,3307
8872,655
8872,3218
8872,5143
8872,5048
8872,7773
8872,4542
8873,5219
8873,1094
8873,9479
8873,2056
8873,2984
8873,1741
8873,5967
8874,1761
8874,4210
8874,732
8874,6823
8875,4864
8875,1765
8875,5
8875,2727
8876,2958
8876,9303
8877,3523
8877,9382
8877,3467
8877,5486
8877,9808
8877,2768
8877,7890
8877,4339
8878,2859
8878,5796
8879,4901
8879,9864
8879,2953
8879,8017
8879,2900
8879,4927
8879,5367
8879,830
8879,2335
8880,6465
8880,610
8880,5220
8880,6887
8880,8489
8880,8329
8880,1611
8880,2191
8880,9458
8880,1523
8880,9689
8880,2714
8880,5947
8880,6334
8881,4462
8881,2222
8881,2194
8881,1172
8881,2869
8882,9728
8882,6792
8882,905
8882,8905
8882,3287
8882,1884
8882,893
8882,3326
8883,4355
8883,5547
8883,5383
8884,1440
8884,9030
8884,8177
8884,7667
8884,59
8884,2715
8885,2144
8885,3590
8885,5962
8885,364
8885,6221
8885,9330
8885,4375
8886,0
8886,6912
8886,2496
8886,5573
8886,6807
8886,8462
8886,496
8886,1047
8886,6423
8887,7497
8887,3657
8887,2911
8887,5863
8888,902
8888,6087
8888,5191
8888,2954
8888,4555
8888,4428
8888,5326
8888,1742
8888,1552
8888,8050
8888,5650
8888,411
8889,7361
8889,3396
8889,7369
8889,8316
8889,9372
8889,1689
8889,8508
8889,7230
8890,1284
8890,1352
8890,1161
8890,8723
8890,5428
8890,5532
8891,5189
8891,1030
8891,7817
8891,8396
8891,6416
8892,7075
8892,8485
8892,5798
8892,8652
8892,4114
8892,4691
8892,500
8892,3349
8892,5555
8892,1267
8892,5466
8892,4252
8893,5366
8893,9493
8893,9630
8894,6977
8894,354
8894,689
8894,2515
8894,2932
8894,7354
8894,3516
8894,8415
8895,8066
8895,5480
8895,1079
8895,6359
8895,4025
8896,7040
8896,6049
8896,9956
8896,1350
8896,1734
8896,7881
8896,3503
8896,87
8896,1758
8897,5456
8897,9585
8897,7132
8897,9052
8898,4512
8898,2433
8898,3563
8898,815
8898,888
8898,7576
8899,2627
8899,4357
8899,911
8899,2872
8899,8564
8899,2968
8899,378
8900,9457
8900,6930
8900,131
8900,6396
8901,5353
8902,9136
8902,3019
8902,4901
8903,8034
8903,4905
8903,5394
8903,2259
8903,6137
8903,1692
8903,6431
8904,5344
8904,4236
8904,3532
8904,1934
8904,1554
8904,1846
8904,5084
8905,8904
8905,8447
8906,1698
8906,4678
8906,487
8906,6921
8906,8531
8906,1107
8906,4863
8907,802
8907,293
8907,2383
8907,367
8907,9530
8907,2588
8907,4669
8908,5834
8908,6620
8908,7725
8908,1524
8909,5546
8909,7020
8909,3214
8909,1106
8909,9398
8909,5119
8910,1286
8910,3401
8910,3311
8910,4149
8910,3478
8911,1381
8911,6565
8911,1385
8911,4619
8911,4557
8911,87
8912,1505
8912,9762
8912,2214
8912,3531
8912,1389
8912,8018
8912,4563
8912,5780
8912,3666
8912,3127
8912,4124
8913,460
8913,3981
8913,3438
8913,7600
8913,7440
8913,6546
8913,2160
8913,2259
8913,889
8913,3803
8913,2972
8913,254
8914,1146
8914,4331
8914,1479
8915,4737
8915,5224
8915,3337
8915,1295
8915,2511
8915,6396
8915,7806
8916,6913
8916,2579
8916,5364
8916,1525
8917,3232
8917,3238
8917,7850
8917,9232
8917,8825
8917,1936
8917,791
8917,6713
8917,9050
8917,9947
8917,5340
8918,1060
8918,7090
8918,6069
8918,2775
8918,5528
8918,6201
8919,9952
8919,6916
8919,4175
8919,2319
8919,6512
8919,4822
8919,6847
8920,3625
8920,7178
8920,2633
8920,1676
8920,9201
8920,9462
8920,3608
8920,3835
8920,670
8920,6943
8921,7874
8921,6276
8921,876
8921,7277
8921,6194
8921,2616
8922,4000
8922,1754
8922,9827
8922,6086
8923,8000
8923,3747
8923,5636
8923,3310
8923,9619
8923,8087
8923,8505
8924,7545
8924,7030
8924,5703
8924,5935
8925,4116
8926,2843
8926,7586
8926,2724
8926,805
8926,9830
8926,9895
8926,262
8926,9252
8926,5003
8926,2289
8926,8211
8926,6296
8926,986
8926,1755
8926,5276
8926,1085
8927,964
8927,5541
8927,82
8927,5238
8927,3864
8927,4572
8928,1619
8928,3620
8928,6485
8928,5918
8929,896
8929,4355
8929,163
8929,4017
8929,2290
8929,4370
8929,6355
8929,9559
8930,7362
8930,5577
8930,59
8930,6332
8930,3197
8931,5126
8931,7213
8931,2831
8931,6192
8931,5521
8931,6706
8932,2531
8932,9990
8932,4092
8932,4603
8932,7164
8933,2926
8933,1423
8934,4738
8934,642
8934,1218
8934,6117
8934,483
8934,5992
8934,2057
8934,6253
8934,1326
8934,400
8934,7217
8934,246
8934,1400
8934,7642
8934,6780
8934,7934
8935,6320
8935,2699
8935,2180
8935,5989
8936,2625
8936,5347
8936,9965
8936,4398
8936,1459
8936,7285
8936,2775
8937,7176
8937,5858
8937,908
8937,4946
8938,5010
8938,1123
8938,6045
8938,2254
8939,6370
8939,6855
8940,7400
8940,7284
8940,1330
8940,3876
8941,7685
8941,9098
8941,5872
8941,7604
8941,4407
8941,6045
8941,2558
8942,4888
8942,509
8942,6062
8943,2688
8943,7019
8943,4364
8943,369
8943,3001
8943,1402
8943,5947
8944,3778
8944,3332
8944,3067
8944,7500
8944,2476
8944,6957
8944,5264
8944,689
8944,4373
8944,7669
8944,4091
8945,8736
8945,1152
8945,2562
8945,7616
8945,3765
8945,7029
8945,3802
8946,9345
8946,3755
8946,2605
8946,381
8946,3314
8946,698
8946,2941
8947,8903
8947,5037
8947,398
8947,9776
8947,2960
8947,1724
8948,8194
8948,9659
8948,1428
8948,5343
8949,7266
8949,2284
8949,2613
8949,4635
8949,2332
8950,3424
8950,551
8950,1063
8950,8937
8950,6828
8950,8532
8950,6619
8951,3
8951,6183
8951,235
8951,6957
8951,5614
8951,7187
8951,380
8952,4224
8953,3969
8953,9860
8953,3466
8953,8075
8953,7948
8953,5692
8954,7110
8954,8494
8954,6258
8954,6771
8954,6103
8954,9691
8955,7140
8955,9804
8955,2189
8955,21
8955,6937
8955,4574
8956,39
8956,8680
8956,2728
8956,490
8956,3789
8956,176
8956,7379
8956,9300
8956,5720
8956,7997
8957,387
8957,2280
8957,1033
8957,6985
8957,7949
8957,6222
8957,4081
8957,1746
8957,2584
8957,3292
8957,510
8958,3457
8958,1166
8958,3151
8958,6133
8958,6486
8959,456
8959,8460
8959,8338
8959,7892
8959,2106
8960,3634
8961,5112
8961,9721
8961,5075
8961,2693
8962,515
8962,8297
8962,7084
8962,3761
8962,7029
8962,2873
8962,7581
8963,9570
8963,7710
8963,6152
8963,7631
8963,305
8963,7219
8963,3413
8963,7357
8963,1978
8963,7964
8963,445
8963,5630
8964,5401
8964,7691
8965,4753
8965,484
8965,1439
8966,563
8966,8380
8966,4526
8967,7599
8967,3314
8967,2067
8967,4596
8967,278
8967,1625
8968,2426
8969,6850
8969,6863
8969,6485
8969,5915
8969,9341
8970,5536
8970,7393
8970,3754
8970,4187
8971,417
8971,556
8971,2289
8971,9308
8971,4477
8972,1409
8972,2532
8972,5477
8972,4173
8972,7890
8972,5812
8972,2294
8972,7609
8973,259
8973,4995
8973,5414
8973,8587
8973,9740
8973,3540
8973,9973
8973,3381
8974,2991
8975,9988
8975,5392
8975,1968
8975,4756
8975,1910
8975,2711
8976,338
8976,854
8977,1824
8977,7105
8977,8868
8977,9709
8977,9039
8977,6899
8977,6964
8977,2741
8977,3674
8978,3584
8978,8609
8978,4066
8978,3490
8978,711
8978,7945
8978,1873
8978,4658
8978,6261
8978,7321
8978,7962
8978,511
8979,6494
8979,7151
8979,8470
8979,3751
8980,9569
8980,963
8980,7991
8980,5223
8981,6498
8981,874
8981,1547
8981,3954
8981,6771
8981,5337
8982,6017
8982,711
8982,7027
8982,8820
8982,1719
8982,9434
8982,5404
8982,3518
8982,3039
8983,5859
8983,5894
8983,2172
8983,4146
8983,4917
8983,2070
8983,3959
8983,4570
8983,1307
8983,2364
8983,7613
8984,6433
8984,5733
8984,5608
8984,6251
8984,8781
8984,2957
8984,2606
8984,242
8984,6579
8984,3573
8984,600
8984,156
8984,6559
8985,6241
8985,5829
8985,2790
8985,8171
8985,6443
8985,5646
8985,6384
8985,9588
8985,5919
8986,4165
8986,1895
8986,8937
8986,3917
8986,6642
8986,1498
8988,6202
8988,3043
8988,5243
8989,8487
8989,7272
8989,2547
8989,8021
8989,664
8990,6665
8990,5070
8990,8335
8990,46
8990,7023
8991,5666
8991,6917
8991,7686
8991,9608
8991,5642
8991,60
8992,7689
8992,9772
8992,844
8992,5433
8992,1758
8993,2949
8993,7464
8993,1097
8993,8298
8993,8076
8993,1389
8993,5139
8993,1590
8993,1916
8993,4989
8993,7070
8994,5033
8994,8131
8994,6598
8994,8374
8995,1184
8995,6976
8995,1669
8995,1548
8995,7192
8995,1404
8995,926
8996,2594
8996,1730
8996,1445
8996,9064
8996,6284
8996,9103
8996,7063
8997,16
8997,9097
8997,5828
8997,2039
8998,9216
8998,8539
8998,2860
8999,2849
8999,4515
8999,3111
8999,5641
8999,3147
8999,6700
8999,4820
8999,4470
8999,6329
8999,6779
